Batch_ID,Material,Size_nm,PDI,Charge_mV,Encapsulation_%,Stability_%,Toxicity_%,Hydrodynamic_Size_nm,Surface_Area_nm2,Pore_Size_nm,Degradation_Time_days,Target_Cells,Ligand,Receptor,Delivery_Efficiency_%,Particle_Concentration_per_mL,Preparation_Method,pH,Osmolality_mOsm,Sterility_Pass,Endotoxin_EU_mL,Trial_Phase,Trial_Type,Success,Efficacy,Source,Confidence
TRIAL-000001,LNP (Clinical),95.35224209880901,0.17191104615151642,-8.018177105312219,94.65474246481196,92.18286282369324,24.89184089738105,115.782683999972,28274.0,2.5,30.0,Cancer Vaccine,PEG/mRNA,RIG-I/MDA5,50.63551675719866,1.2e+14,Microfluidic,7.2,290.0,Yes,0.005,Phase 3,Cancer Vaccine,1,50.63551675719866,ClinicalTrials.gov,0.9
TRIAL-000002,LNP (Clinical),109.86327561592248,0.1390160826856333,-8.823907149584588,96.63773313409308,91.04759597451982,34.34226183719966,114.52858440325588,28274.0,2.5,30.0,Infectious Disease,PEG/mRNA,RIG-I/MDA5,75.46060520758091,1.2e+14,Microfluidic,7.2,290.0,Yes,0.005,Phase 4,Infectious Disease,1,75.46060520758091,ClinicalTrials.gov,0.9
TRIAL-000003,LNP (Clinical),109.73326567057046,0.13068876434251692,-11.561991166414508,86.97876831200462,88.17008459518189,32.651791358613494,106.8898818570246,28274.0,2.5,30.0,Cancer Vaccine,PEG/mRNA,RIG-I/MDA5,55.088447359527734,1.2e+14,Microfluidic,7.2,290.0,Yes,0.005,Phase 2,Cancer Vaccine,1,55.088447359527734,ClinicalTrials.gov,0.9
TRIAL-000004,LNP (Clinical),99.42387520228019,0.16782475243118464,-10.100716550949928,88.83052540189257,87.84734205817858,19.968583511001867,109.58672348818945,28274.0,2.5,30.0,COVID-19 Vaccine,PEG/mRNA,RIG-I/MDA5,73.65280433602483,1.2e+14,Microfluidic,7.2,290.0,Yes,0.005,Phase 2,COVID-19 Vaccine,1,73.65280433602483,ClinicalTrials.gov,0.9
TRIAL-000005,LNP (Clinical),105.26915291102193,0.17378443537427352,-8.497875192566159,86.2415425860725,83.4498011254948,30.893235430320637,110.99827100584443,28274.0,2.5,30.0,Infectious Disease,PEG/mRNA,RIG-I/MDA5,83.10202379322156,1.2e+14,Microfluidic,7.2,290.0,Yes,0.005,Phase 1,Infectious Disease,1,83.10202379322156,ClinicalTrials.gov,0.9
TRIAL-000006,LNP (Clinical),93.92719626252597,0.1147686237855061,-9.883210703135315,92.45194696610697,83.03478335758952,23.842520247162845,116.90541524366813,28274.0,2.5,30.0,Cancer Vaccine,PEG/mRNA,RIG-I/MDA5,31.274822335707025,1.2e+14,Microfluidic,7.2,290.0,Yes,0.005,Phase 4,Cancer Vaccine,0,31.274822335707025,ClinicalTrials.gov,0.9
TRIAL-000007,LNP (Clinical),95.25573940241885,0.11475936019403851,-11.021359805882357,90.41814317229833,92.01092007412498,36.10407788537171,117.24159425075928,28274.0,2.5,30.0,Infectious Disease,PEG/mRNA,RIG-I/MDA5,64.69429827861907,1.2e+14,Microfluidic,7.2,290.0,Yes,0.005,Phase 2,Infectious Disease,1,64.69429827861907,ClinicalTrials.gov,0.9
TRIAL-000008,LNP (Clinical),106.22077009092827,0.15912833514720354,-9.800423849557601,89.61123472640048,87.83132473021664,32.91803841586959,103.83582521267941,28274.0,2.5,30.0,COVID-19 Vaccine,PEG/mRNA,RIG-I/MDA5,90.05017417491021,1.2e+14,Microfluidic,7.2,290.0,Yes,0.005,Phase 1,COVID-19 Vaccine,1,90.05017417491021,ClinicalTrials.gov,0.9
TRIAL-000009,LNP (Clinical),103.55071427299427,0.1607569473136637,-11.047458329803373,85.2533352232312,87.32287670342892,16.368858817241577,113.63202437713132,28274.0,2.5,30.0,Cancer Vaccine,PEG/mRNA,RIG-I/MDA5,53.03368588881882,1.2e+14,Microfluidic,7.2,290.0,Yes,0.005,Phase 4,Cancer Vaccine,1,53.03368588881882,ClinicalTrials.gov,0.9
TRIAL-000010,LNP (Clinical),107.68977681482724,0.13347578542506428,-11.27568108495658,87.28986847833313,84.74429946239036,19.459166635571897,116.19276410332239,28274.0,2.5,30.0,Cancer Vaccine,PEG/mRNA,RIG-I/MDA5,70.31682503711345,1.2e+14,Microfluidic,7.2,290.0,Yes,0.005,Phase 3,Cancer Vaccine,1,70.31682503711345,ClinicalTrials.gov,0.9
TRIAL-000011,LNP (Clinical),97.71156522299009,0.17566231330049087,-9.441027443730622,86.24969017464853,93.51891429028313,21.673904586458598,119.50326971557578,28274.0,2.5,30.0,COVID-19 Vaccine,PEG/mRNA,RIG-I/MDA5,81.73963982000419,1.2e+14,Microfluidic,7.2,290.0,Yes,0.005,Phase 2,COVID-19 Vaccine,1,81.73963982000419,ClinicalTrials.gov,0.9
TRIAL-000012,LNP (Clinical),94.4061247393366,0.10668057669561541,-8.523526610782739,87.19678000024994,88.44456678976475,22.07230729735773,113.15422440434324,28274.0,2.5,30.0,COVID-19 Vaccine,PEG/mRNA,RIG-I/MDA5,66.22571307584266,1.2e+14,Microfluidic,7.2,290.0,Yes,0.005,Phase 3,COVID-19 Vaccine,1,66.22571307584266,ClinicalTrials.gov,0.9
TRIAL-000013,LNP (Clinical),96.41468124227214,0.15124823174848756,-10.732472409552429,86.31409261915412,83.31008572362126,25.57950703216097,109.25646236585774,28274.0,2.5,30.0,COVID-19 Vaccine,PEG/mRNA,RIG-I/MDA5,62.47815939236106,1.2e+14,Microfluidic,7.2,290.0,Yes,0.005,Phase 3,COVID-19 Vaccine,1,62.47815939236106,ClinicalTrials.gov,0.9
TRIAL-000014,LNP (Clinical),102.23088110156878,0.16276892939309212,-11.267331503564154,85.65345858819931,81.0455950207341,15.235278190832789,106.12026077201666,28274.0,2.5,30.0,COVID-19 Vaccine,PEG/mRNA,RIG-I/MDA5,78.0350177515109,1.2e+14,Microfluidic,7.2,290.0,Yes,0.005,Phase 3,COVID-19 Vaccine,1,78.0350177515109,ClinicalTrials.gov,0.9
TRIAL-000015,LNP (Clinical),90.26744208322899,0.17885299447221087,-10.766716763733928,92.80116805593141,88.0709321701602,34.30181372316919,105.91656048627519,28274.0,2.5,30.0,COVID-19 Vaccine,PEG/mRNA,RIG-I/MDA5,18.496299262215544,1.2e+14,Microfluidic,7.2,290.0,Yes,0.005,Phase 1,COVID-19 Vaccine,0,18.496299262215544,ClinicalTrials.gov,0.9
TRIAL-000016,LNP (Clinical),94.3145780693657,0.13251996757454648,-10.278217336604914,88.56573598895153,85.80962774076528,33.611956320305005,104.35418614408132,28274.0,2.5,30.0,Infectious Disease,PEG/mRNA,RIG-I/MDA5,72.19119867023285,1.2e+14,Microfluidic,7.2,290.0,Yes,0.005,Phase 4,Infectious Disease,1,72.19119867023285,ClinicalTrials.gov,0.9
TRIAL-000017,LNP (Clinical),90.54642751259358,0.11375608049748327,-11.900659672830166,85.81981190912855,86.48731488434008,31.64933285104371,101.02202308726618,28274.0,2.5,30.0,Cancer Vaccine,PEG/mRNA,RIG-I/MDA5,87.29388832482134,1.2e+14,Microfluidic,7.2,290.0,Yes,0.005,Phase 2,Cancer Vaccine,1,87.29388832482134,ClinicalTrials.gov,0.9
TRIAL-000018,LNP (Clinical),106.23070934108327,0.14222582902704492,-8.756344780274423,85.12321382847406,85.33270608166775,18.635136045677623,119.72248542624978,28274.0,2.5,30.0,Rare Disease,PEG/mRNA,RIG-I/MDA5,65.04091808473378,1.2e+14,Microfluidic,7.2,290.0,Yes,0.005,Phase 2,Rare Disease,1,65.04091808473378,ClinicalTrials.gov,0.9
TRIAL-000019,LNP (Clinical),96.02174758368653,0.13783324848981776,-8.849178549099555,96.77461846129088,86.00899149171813,24.989259415352898,100.43535298383782,28274.0,2.5,30.0,Cancer Vaccine,PEG/mRNA,RIG-I/MDA5,58.312173970360746,1.2e+14,Microfluidic,7.2,290.0,Yes,0.005,Phase 2,Cancer Vaccine,1,58.312173970360746,ClinicalTrials.gov,0.9
TRIAL-000020,LNP (Clinical),96.74995776818182,0.10638385272566682,-10.804241418725011,90.9073640615648,86.16433244395893,19.772622520783116,106.30740460335585,28274.0,2.5,30.0,COVID-19 Vaccine,PEG/mRNA,RIG-I/MDA5,74.49488063524367,1.2e+14,Microfluidic,7.2,290.0,Yes,0.005,Phase 1,COVID-19 Vaccine,1,74.49488063524367,ClinicalTrials.gov,0.9
TRIAL-000021,LNP (Clinical),97.14598641724615,0.15491525085922453,-9.574033957057566,91.04242573470994,82.81587840467799,36.54752018089171,105.80498428497702,28274.0,2.5,30.0,Infectious Disease,PEG/mRNA,RIG-I/MDA5,70.97769705701288,1.2e+14,Microfluidic,7.2,290.0,Yes,0.005,Phase 2,Infectious Disease,1,70.97769705701288,ClinicalTrials.gov,0.9
TRIAL-000022,LNP (Clinical),94.19457504967458,0.13228273346692507,-8.571779879223449,85.3878714589316,86.9154710205981,29.87960355357054,118.4520852434175,28274.0,2.5,30.0,Cancer Vaccine,PEG/mRNA,RIG-I/MDA5,64.56057543718268,1.2e+14,Microfluidic,7.2,290.0,Yes,0.005,Phase 4,Cancer Vaccine,1,64.56057543718268,ClinicalTrials.gov,0.9
TRIAL-000023,LNP (Clinical),97.08379624676068,0.10965238091759827,-10.520331155675661,88.20502187474241,92.5727650148609,22.854029822295868,109.20046104161932,28274.0,2.5,30.0,Infectious Disease,PEG/mRNA,RIG-I/MDA5,66.30637632521294,1.2e+14,Microfluidic,7.2,290.0,Yes,0.005,Phase 3,Infectious Disease,1,66.30637632521294,ClinicalTrials.gov,0.9
TRIAL-000024,LNP (Clinical),106.24459803298974,0.11209577817973668,-10.97771971249909,89.26620168599919,88.21541746042014,23.776050545339324,104.27671107736784,28274.0,2.5,30.0,Cancer Vaccine,PEG/mRNA,RIG-I/MDA5,93.33458332030588,1.2e+14,Microfluidic,7.2,290.0,Yes,0.005,Phase 1,Cancer Vaccine,1,93.33458332030588,ClinicalTrials.gov,0.9
TRIAL-000025,LNP (Clinical),107.09230690133712,0.10787830713963112,-8.02699689762047,91.52511084655573,87.97151244750991,35.939972227408,118.90550361166862,28274.0,2.5,30.0,COVID-19 Vaccine,PEG/mRNA,RIG-I/MDA5,30.115492393105086,1.2e+14,Microfluidic,7.2,290.0,Yes,0.005,Phase 4,COVID-19 Vaccine,0,30.115492393105086,ClinicalTrials.gov,0.9
TRIAL-000026,LNP (Clinical),91.38250480415337,0.11911177267071744,-9.981242064911156,92.5852942161888,88.92852582243952,18.117653689834647,113.4931686436868,28274.0,2.5,30.0,Rare Disease,PEG/mRNA,RIG-I/MDA5,74.44856250745511,1.2e+14,Microfluidic,7.2,290.0,Yes,0.005,Phase 3,Rare Disease,1,74.44856250745511,ClinicalTrials.gov,0.9
TRIAL-000027,LNP (Clinical),98.52395424588666,0.16056051749473849,-9.027448895624406,94.17709833728868,92.06731741953564,24.6535650085167,119.59792474291342,28274.0,2.5,30.0,Infectious Disease,PEG/mRNA,RIG-I/MDA5,22.537530306697995,1.2e+14,Microfluidic,7.2,290.0,Yes,0.005,Phase 3,Infectious Disease,0,22.537530306697995,ClinicalTrials.gov,0.9
TRIAL-000028,LNP (Clinical),105.33135925371657,0.12743031234877733,-10.081686074022642,93.5607616013178,94.24471296176046,36.77470284872891,104.96312594272351,28274.0,2.5,30.0,Cancer Vaccine,PEG/mRNA,RIG-I/MDA5,59.695688973277576,1.2e+14,Microfluidic,7.2,290.0,Yes,0.005,Phase 1,Cancer Vaccine,1,59.695688973277576,ClinicalTrials.gov,0.9
TRIAL-000029,LNP (Clinical),100.90000223334678,0.16561083142737304,-10.41329301287197,94.1214754201811,87.00545131444589,21.738876612731264,119.04741040469099,28274.0,2.5,30.0,COVID-19 Vaccine,PEG/mRNA,RIG-I/MDA5,27.338451055505544,1.2e+14,Microfluidic,7.2,290.0,Yes,0.005,Phase 2,COVID-19 Vaccine,0,27.338451055505544,ClinicalTrials.gov,0.9
TRIAL-000030,LNP (Clinical),109.86716196166348,0.11143532068741825,-11.297783423989618,92.28611944772462,81.31029815534735,24.211747464931705,118.33613004479112,28274.0,2.5,30.0,COVID-19 Vaccine,PEG/mRNA,RIG-I/MDA5,61.135052633847415,1.2e+14,Microfluidic,7.2,290.0,Yes,0.005,Phase 4,COVID-19 Vaccine,1,61.135052633847415,ClinicalTrials.gov,0.9
TRIAL-000031,LNP (Clinical),109.77857558260989,0.12629500212630984,-11.765096242000034,95.36093670423458,89.53848695072905,39.19008006141709,117.7198479002468,28274.0,2.5,30.0,Cancer Vaccine,PEG/mRNA,RIG-I/MDA5,45.55488464823383,1.2e+14,Microfluidic,7.2,290.0,Yes,0.005,Phase 3,Cancer Vaccine,0,45.55488464823383,ClinicalTrials.gov,0.9
TRIAL-000032,LNP (Clinical),108.34321442615052,0.1163871603236136,-8.353835640207928,89.72792467908825,93.08308484477463,20.236316379839664,106.49163678246873,28274.0,2.5,30.0,Infectious Disease,PEG/mRNA,RIG-I/MDA5,56.20234177671974,1.2e+14,Microfluidic,7.2,290.0,Yes,0.005,Phase 2,Infectious Disease,1,56.20234177671974,ClinicalTrials.gov,0.9
TRIAL-000033,LNP (Clinical),101.69966958315204,0.15736791396018504,-11.053037777681064,85.53197355952116,82.5351531979614,24.73281227019193,101.94742052022583,28274.0,2.5,30.0,COVID-19 Vaccine,PEG/mRNA,RIG-I/MDA5,61.24686822953066,1.2e+14,Microfluidic,7.2,290.0,Yes,0.005,Phase 1,COVID-19 Vaccine,1,61.24686822953066,ClinicalTrials.gov,0.9
TRIAL-000034,LNP (Clinical),106.0384199542296,0.10600395013630012,-11.136323792045825,96.24833210424798,83.64248652141306,15.055408424004789,105.89960441958867,28274.0,2.5,30.0,COVID-19 Vaccine,PEG/mRNA,RIG-I/MDA5,13.297724453723244,1.2e+14,Microfluidic,7.2,290.0,Yes,0.005,Phase 3,COVID-19 Vaccine,0,13.297724453723244,ClinicalTrials.gov,0.9
TRIAL-000035,LNP (Clinical),97.29773357688526,0.1262276271608404,-9.509752447560833,91.68721874551161,82.15633916824041,22.720258669939394,116.36554733236537,28274.0,2.5,30.0,Infectious Disease,PEG/mRNA,RIG-I/MDA5,62.63622271722425,1.2e+14,Microfluidic,7.2,290.0,Yes,0.005,Phase 2,Infectious Disease,1,62.63622271722425,ClinicalTrials.gov,0.9
TRIAL-000036,LNP (Clinical),108.36648821654282,0.10922741574726344,-10.828875237821613,85.97021664501023,86.75205641927113,21.6771215102912,109.18177163736956,28274.0,2.5,30.0,COVID-19 Vaccine,PEG/mRNA,RIG-I/MDA5,42.47212602442786,1.2e+14,Microfluidic,7.2,290.0,Yes,0.005,Phase 1,COVID-19 Vaccine,0,42.47212602442786,ClinicalTrials.gov,0.9
TRIAL-000037,LNP (Clinical),105.77051251054007,0.11703315709506493,-8.961534523927188,85.65052992129836,84.49507031794812,26.067979912183684,112.20066958632182,28274.0,2.5,30.0,Cancer Vaccine,PEG/mRNA,RIG-I/MDA5,18.5293546395849,1.2e+14,Microfluidic,7.2,290.0,Yes,0.005,Phase 1,Cancer Vaccine,0,18.5293546395849,ClinicalTrials.gov,0.9
TRIAL-000038,LNP (Clinical),98.79740490827282,0.11880503618200886,-8.459696465985445,91.91359045407187,93.62201830593601,33.41566101522291,117.43157081623546,28274.0,2.5,30.0,Infectious Disease,PEG/mRNA,RIG-I/MDA5,94.79754073018977,1.2e+14,Microfluidic,7.2,290.0,Yes,0.005,Phase 4,Infectious Disease,1,94.79754073018977,ClinicalTrials.gov,0.9
TRIAL-000039,LNP (Clinical),94.78397016181786,0.11523223874217686,-8.95665636577878,85.36138159949917,81.40987657665677,37.50749309600489,109.10360786418177,28274.0,2.5,30.0,Infectious Disease,PEG/mRNA,RIG-I/MDA5,86.86685544308128,1.2e+14,Microfluidic,7.2,290.0,Yes,0.005,Phase 1,Infectious Disease,1,86.86685544308128,ClinicalTrials.gov,0.9
TRIAL-000040,LNP (Clinical),92.97410087787071,0.14612752761888229,-10.795143052820178,87.18003594268208,91.89544011220012,16.990880775444424,115.7508941269196,28274.0,2.5,30.0,Cancer Vaccine,PEG/mRNA,RIG-I/MDA5,51.85523412484689,1.2e+14,Microfluidic,7.2,290.0,Yes,0.005,Phase 2,Cancer Vaccine,1,51.85523412484689,ClinicalTrials.gov,0.9
TRIAL-000041,LNP (Clinical),107.62669837119003,0.17699648062630857,-10.57824561844841,90.5412160973082,85.49076200202357,24.289668440136417,103.49832865945747,28274.0,2.5,30.0,Rare Disease,PEG/mRNA,RIG-I/MDA5,91.75429284100062,1.2e+14,Microfluidic,7.2,290.0,Yes,0.005,Phase 3,Rare Disease,1,91.75429284100062,ClinicalTrials.gov,0.9
TRIAL-000042,LNP (Clinical),102.08622380588204,0.1706911358091046,-9.984687186749756,87.51090330641465,90.46571624267042,15.821557269315226,111.41716502372675,28274.0,2.5,30.0,Infectious Disease,PEG/mRNA,RIG-I/MDA5,86.55295592575294,1.2e+14,Microfluidic,7.2,290.0,Yes,0.005,Phase 2,Infectious Disease,1,86.55295592575294,ClinicalTrials.gov,0.9
TRIAL-000043,LNP (Clinical),109.1568192876399,0.1762886571964336,-8.487456895050894,85.41276918341354,94.45702540659137,20.609724558586485,113.77552685739138,28274.0,2.5,30.0,Cancer Vaccine,PEG/mRNA,RIG-I/MDA5,57.20381975608378,1.2e+14,Microfluidic,7.2,290.0,Yes,0.005,Phase 2,Cancer Vaccine,1,57.20381975608378,ClinicalTrials.gov,0.9
TRIAL-000044,LNP (Clinical),91.28505863292806,0.17233596649991398,-9.544430640044649,96.82168924553093,91.33199444611321,19.569936253650713,117.18004249690105,28274.0,2.5,30.0,Infectious Disease,PEG/mRNA,RIG-I/MDA5,56.3480909107747,1.2e+14,Microfluidic,7.2,290.0,Yes,0.005,Phase 3,Infectious Disease,1,56.3480909107747,ClinicalTrials.gov,0.9
TRIAL-000045,LNP (Clinical),107.21190159375772,0.1571289939290112,-9.441527750380661,93.26491789121556,92.22804804121319,37.24104667778355,101.84466819971766,28274.0,2.5,30.0,Rare Disease,PEG/mRNA,RIG-I/MDA5,76.70491522558994,1.2e+14,Microfluidic,7.2,290.0,Yes,0.005,Phase 2,Rare Disease,1,76.70491522558994,ClinicalTrials.gov,0.9
TRIAL-000046,LNP (Clinical),94.58742355547506,0.13353006815104523,-11.386238447390143,86.28239689516258,80.23562977138529,22.127925522366805,109.33300043284623,28274.0,2.5,30.0,Cancer Vaccine,PEG/mRNA,RIG-I/MDA5,64.57663523858177,1.2e+14,Microfluidic,7.2,290.0,Yes,0.005,Phase 2,Cancer Vaccine,1,64.57663523858177,ClinicalTrials.gov,0.9
TRIAL-000047,LNP (Clinical),96.53659657751714,0.12484706807972043,-9.494619546926236,90.40901706509061,93.39488142775609,17.319034040354655,119.7197576139225,28274.0,2.5,30.0,COVID-19 Vaccine,PEG/mRNA,RIG-I/MDA5,63.431135638101594,1.2e+14,Microfluidic,7.2,290.0,Yes,0.005,Phase 3,COVID-19 Vaccine,1,63.431135638101594,ClinicalTrials.gov,0.9
TRIAL-000048,LNP (Clinical),99.15963433289427,0.15046837924076778,-8.652383411657604,85.53532181065245,90.89921900169993,17.72629856327237,100.35072635942038,28274.0,2.5,30.0,Infectious Disease,PEG/mRNA,RIG-I/MDA5,86.55934465061047,1.2e+14,Microfluidic,7.2,290.0,Yes,0.005,Phase 3,Infectious Disease,1,86.55934465061047,ClinicalTrials.gov,0.9
TRIAL-000049,LNP (Clinical),102.75995186053207,0.16449868720491195,-11.13570163444541,85.15661466650303,93.73906204158075,34.64516362437189,105.86459781303702,28274.0,2.5,30.0,Rare Disease,PEG/mRNA,RIG-I/MDA5,66.94823502308537,1.2e+14,Microfluidic,7.2,290.0,Yes,0.005,Phase 1,Rare Disease,1,66.94823502308537,ClinicalTrials.gov,0.9
TRIAL-000050,LNP (Clinical),99.91601676120095,0.16402364024156046,-8.054022637946025,93.05247745395077,93.76966929715636,21.181003432146976,103.2038633810002,28274.0,2.5,30.0,Rare Disease,PEG/mRNA,RIG-I/MDA5,60.870136856293755,1.2e+14,Microfluidic,7.2,290.0,Yes,0.005,Phase 3,Rare Disease,1,60.870136856293755,ClinicalTrials.gov,0.9
TRIAL-000051,LNP (Clinical),91.78619703496071,0.11230289144926668,-8.63965948869099,87.59300331374563,88.75203155231881,27.49769739197866,107.86276672649555,28274.0,2.5,30.0,Cancer Vaccine,PEG/mRNA,RIG-I/MDA5,78.00161069144676,1.2e+14,Microfluidic,7.2,290.0,Yes,0.005,Phase 4,Cancer Vaccine,1,78.00161069144676,ClinicalTrials.gov,0.9
TRIAL-000052,LNP (Clinical),100.37169595820836,0.10579759761489621,-9.536082813567678,93.59397424743146,83.08942303921025,27.297438923059552,101.38930931487077,28274.0,2.5,30.0,Infectious Disease,PEG/mRNA,RIG-I/MDA5,88.99585327768213,1.2e+14,Microfluidic,7.2,290.0,Yes,0.005,Phase 3,Infectious Disease,1,88.99585327768213,ClinicalTrials.gov,0.9
TRIAL-000053,LNP (Clinical),105.76986809327832,0.11386954324123415,-8.81350638719368,90.01051113890108,91.87182697046144,28.085182727210608,108.64651224822214,28274.0,2.5,30.0,Rare Disease,PEG/mRNA,RIG-I/MDA5,57.466148496277896,1.2e+14,Microfluidic,7.2,290.0,Yes,0.005,Phase 2,Rare Disease,1,57.466148496277896,ClinicalTrials.gov,0.9
TRIAL-000054,LNP (Clinical),90.71916769785366,0.15659576477073972,-9.53745244625183,89.45917210412827,87.32422827765717,33.11984026268968,100.38225596742525,28274.0,2.5,30.0,Rare Disease,PEG/mRNA,RIG-I/MDA5,81.45222268634615,1.2e+14,Microfluidic,7.2,290.0,Yes,0.005,Phase 4,Rare Disease,1,81.45222268634615,ClinicalTrials.gov,0.9
TRIAL-000055,LNP (Clinical),96.64589660549746,0.1643997050596795,-11.112609536881331,87.4483671355938,84.59045796896876,18.974554140540715,111.76297748787813,28274.0,2.5,30.0,Cancer Vaccine,PEG/mRNA,RIG-I/MDA5,60.13668526319447,1.2e+14,Microfluidic,7.2,290.0,Yes,0.005,Phase 1,Cancer Vaccine,1,60.13668526319447,ClinicalTrials.gov,0.9
TRIAL-000056,LNP (Clinical),101.06288485220057,0.12439984239861551,-11.649073767777317,85.42162484836466,88.80579219491796,17.180891387892565,104.49572666428475,28274.0,2.5,30.0,Rare Disease,PEG/mRNA,RIG-I/MDA5,82.36065611587284,1.2e+14,Microfluidic,7.2,290.0,Yes,0.005,Phase 3,Rare Disease,1,82.36065611587284,ClinicalTrials.gov,0.9
TRIAL-000057,LNP (Clinical),92.89185963704712,0.1139177350861867,-11.539053285181147,92.69423089724492,93.77413548250264,31.206646414369207,113.71030403732158,28274.0,2.5,30.0,Infectious Disease,PEG/mRNA,RIG-I/MDA5,58.656437427584756,1.2e+14,Microfluidic,7.2,290.0,Yes,0.005,Phase 4,Infectious Disease,1,58.656437427584756,ClinicalTrials.gov,0.9
TRIAL-000058,LNP (Clinical),107.77102404343613,0.147549201970455,-9.321089947078665,89.20883121448958,92.11979225507407,20.842665389773114,100.03007316908611,28274.0,2.5,30.0,Rare Disease,PEG/mRNA,RIG-I/MDA5,82.42780807486986,1.2e+14,Microfluidic,7.2,290.0,Yes,0.005,Phase 1,Rare Disease,1,82.42780807486986,ClinicalTrials.gov,0.9
TRIAL-000059,LNP (Clinical),107.93518283412982,0.1347340983742466,-11.430493988346546,85.27977654024954,82.93677882278416,33.04707404771622,108.55389570996725,28274.0,2.5,30.0,COVID-19 Vaccine,PEG/mRNA,RIG-I/MDA5,90.33371085049856,1.2e+14,Microfluidic,7.2,290.0,Yes,0.005,Phase 3,COVID-19 Vaccine,1,90.33371085049856,ClinicalTrials.gov,0.9
TRIAL-000060,LNP (Clinical),92.68941342325316,0.10703502374574081,-8.926896689731437,94.52075554483952,86.12266340948112,33.82179524961302,101.67238018542754,28274.0,2.5,30.0,Rare Disease,PEG/mRNA,RIG-I/MDA5,82.13993699721553,1.2e+14,Microfluidic,7.2,290.0,Yes,0.005,Phase 3,Rare Disease,1,82.13993699721553,ClinicalTrials.gov,0.9
TRIAL-000061,LNP (Clinical),101.60517271262076,0.10288649773372507,-10.670009116684126,90.41017449250596,85.20021307036184,36.64331272880315,110.86171021625871,28274.0,2.5,30.0,Rare Disease,PEG/mRNA,RIG-I/MDA5,34.203910895125624,1.2e+14,Microfluidic,7.2,290.0,Yes,0.005,Phase 2,Rare Disease,0,34.203910895125624,ClinicalTrials.gov,0.9
TRIAL-000062,LNP (Clinical),93.39560890942275,0.13092125023063203,-10.503749464196755,89.07372919102907,89.8089436768741,17.59495470593203,111.68682807655695,28274.0,2.5,30.0,COVID-19 Vaccine,PEG/mRNA,RIG-I/MDA5,85.0978964767506,1.2e+14,Microfluidic,7.2,290.0,Yes,0.005,Phase 4,COVID-19 Vaccine,1,85.0978964767506,ClinicalTrials.gov,0.9
TRIAL-000063,LNP (Clinical),98.43971650899172,0.1502918549825538,-10.863574536251587,89.6680255866248,80.65244704240651,23.825992032262665,106.02745629742567,28274.0,2.5,30.0,Cancer Vaccine,PEG/mRNA,RIG-I/MDA5,65.09334635002826,1.2e+14,Microfluidic,7.2,290.0,Yes,0.005,Phase 2,Cancer Vaccine,1,65.09334635002826,ClinicalTrials.gov,0.9
TRIAL-000064,LNP (Clinical),94.26046229836327,0.1309471663162686,-9.344532816748934,94.37964137421974,91.24469446835056,30.460133832026493,110.99177471638353,28274.0,2.5,30.0,Infectious Disease,PEG/mRNA,RIG-I/MDA5,23.09058121029065,1.2e+14,Microfluidic,7.2,290.0,Yes,0.005,Phase 2,Infectious Disease,0,23.09058121029065,ClinicalTrials.gov,0.9
TRIAL-000065,LNP (Clinical),107.94022184412613,0.10853723876287157,-9.40588830233739,88.50208180905318,88.93058205240558,32.95749574983407,103.57375979965535,28274.0,2.5,30.0,Cancer Vaccine,PEG/mRNA,RIG-I/MDA5,76.9636798223341,1.2e+14,Microfluidic,7.2,290.0,Yes,0.005,Phase 2,Cancer Vaccine,1,76.9636798223341,ClinicalTrials.gov,0.9
TRIAL-000066,LNP (Clinical),99.87607306827043,0.10794315006733941,-8.975390473559875,87.99048449558082,80.4085507570339,31.82553914468951,118.90739833312543,28274.0,2.5,30.0,Rare Disease,PEG/mRNA,RIG-I/MDA5,62.777555099346074,1.2e+14,Microfluidic,7.2,290.0,Yes,0.005,Phase 1,Rare Disease,1,62.777555099346074,ClinicalTrials.gov,0.9
TRIAL-000067,LNP (Clinical),90.69757147585187,0.10885039118393013,-9.75022159456953,94.7803698226247,82.03345526258674,37.118662299841674,103.01056573824414,28274.0,2.5,30.0,Rare Disease,PEG/mRNA,RIG-I/MDA5,76.88231602294951,1.2e+14,Microfluidic,7.2,290.0,Yes,0.005,Phase 2,Rare Disease,1,76.88231602294951,ClinicalTrials.gov,0.9
TRIAL-000068,LNP (Clinical),104.14893803406274,0.1581058753362305,-9.811340716253499,88.12365424862833,90.81975849647111,29.65795480382167,117.74936364904347,28274.0,2.5,30.0,Infectious Disease,PEG/mRNA,RIG-I/MDA5,34.75218730890194,1.2e+14,Microfluidic,7.2,290.0,Yes,0.005,Phase 3,Infectious Disease,0,34.75218730890194,ClinicalTrials.gov,0.9
TRIAL-000069,LNP (Clinical),109.76889295289789,0.12764066459369688,-9.39658368218735,86.58811809090398,80.05571592603624,33.61673026227103,117.13247938879665,28274.0,2.5,30.0,Rare Disease,PEG/mRNA,RIG-I/MDA5,51.133130968316486,1.2e+14,Microfluidic,7.2,290.0,Yes,0.005,Phase 2,Rare Disease,1,51.133130968316486,ClinicalTrials.gov,0.9
TRIAL-000070,LNP (Clinical),97.41696231123859,0.11578402165491189,-8.20565733371697,92.93739219013781,93.48345551465249,32.622202554765295,119.92949227321557,28274.0,2.5,30.0,Cancer Vaccine,PEG/mRNA,RIG-I/MDA5,21.187817449239965,1.2e+14,Microfluidic,7.2,290.0,Yes,0.005,Phase 3,Cancer Vaccine,0,21.187817449239965,ClinicalTrials.gov,0.9
TRIAL-000071,LNP (Clinical),100.86463814343746,0.13465328099994772,-10.342897910526315,95.90362886319411,93.51799379084856,23.904125089647902,116.40205353285515,28274.0,2.5,30.0,Cancer Vaccine,PEG/mRNA,RIG-I/MDA5,93.25298697421206,1.2e+14,Microfluidic,7.2,290.0,Yes,0.005,Phase 3,Cancer Vaccine,1,93.25298697421206,ClinicalTrials.gov,0.9
TRIAL-000072,LNP (Clinical),92.56206118550209,0.1619513925956095,-10.288141804801587,87.87056902359728,93.3133024863297,35.26736681754126,102.79655294890216,28274.0,2.5,30.0,Rare Disease,PEG/mRNA,RIG-I/MDA5,75.49541277786818,1.2e+14,Microfluidic,7.2,290.0,Yes,0.005,Phase 2,Rare Disease,1,75.49541277786818,ClinicalTrials.gov,0.9
TRIAL-000073,LNP (Clinical),90.59866753276407,0.12105180560771575,-9.768693240430574,88.10029188271444,83.41169081187773,17.721288674067615,113.02225249379349,28274.0,2.5,30.0,COVID-19 Vaccine,PEG/mRNA,RIG-I/MDA5,88.9920331184679,1.2e+14,Microfluidic,7.2,290.0,Yes,0.005,Phase 1,COVID-19 Vaccine,1,88.9920331184679,ClinicalTrials.gov,0.9
TRIAL-000074,LNP (Clinical),103.6153759703945,0.1578737141467398,-10.022074360969395,95.64981521504029,84.50152537145777,27.610633287121534,115.71056980039751,28274.0,2.5,30.0,Infectious Disease,PEG/mRNA,RIG-I/MDA5,63.7349777561526,1.2e+14,Microfluidic,7.2,290.0,Yes,0.005,Phase 4,Infectious Disease,1,63.7349777561526,ClinicalTrials.gov,0.9
TRIAL-000075,LNP (Clinical),103.60803378038366,0.1230002422572475,-11.920714889629371,86.36071244232157,83.95524124758226,20.188519736865004,106.87250893687485,28274.0,2.5,30.0,Cancer Vaccine,PEG/mRNA,RIG-I/MDA5,28.313522292282258,1.2e+14,Microfluidic,7.2,290.0,Yes,0.005,Phase 3,Cancer Vaccine,0,28.313522292282258,ClinicalTrials.gov,0.9
TRIAL-000076,LNP (Clinical),98.11039088675419,0.16884131987107173,-10.856066750337597,86.23461362326174,83.29965890443452,27.397290209355432,106.92466644549303,28274.0,2.5,30.0,Infectious Disease,PEG/mRNA,RIG-I/MDA5,81.4039061496012,1.2e+14,Microfluidic,7.2,290.0,Yes,0.005,Phase 3,Infectious Disease,1,81.4039061496012,ClinicalTrials.gov,0.9
TRIAL-000077,LNP (Clinical),105.53717215931668,0.11461767140206253,-10.286893190267229,88.63587321626575,85.19138233195424,16.978991882450185,106.13123576066671,28274.0,2.5,30.0,Rare Disease,PEG/mRNA,RIG-I/MDA5,10.715300250751367,1.2e+14,Microfluidic,7.2,290.0,Yes,0.005,Phase 2,Rare Disease,0,10.715300250751367,ClinicalTrials.gov,0.9
TRIAL-000078,LNP (Clinical),93.89418469324889,0.1365849224462203,-9.228592970316575,91.97387756947803,86.89279428500915,34.4382110322476,104.48244181011258,28274.0,2.5,30.0,Cancer Vaccine,PEG/mRNA,RIG-I/MDA5,77.36004965794186,1.2e+14,Microfluidic,7.2,290.0,Yes,0.005,Phase 2,Cancer Vaccine,1,77.36004965794186,ClinicalTrials.gov,0.9
TRIAL-000079,LNP (Clinical),98.22262684305319,0.14392912088372745,-11.440645349806122,91.11572991009108,91.8055509808419,15.507962404605026,100.33453156966341,28274.0,2.5,30.0,Rare Disease,PEG/mRNA,RIG-I/MDA5,66.94383994989128,1.2e+14,Microfluidic,7.2,290.0,Yes,0.005,Phase 4,Rare Disease,1,66.94383994989128,ClinicalTrials.gov,0.9
TRIAL-000080,LNP (Clinical),104.21600824516167,0.1756235805345906,-10.207807704243999,96.62656590290456,91.88265474883806,17.918181485285913,114.94059590429836,28274.0,2.5,30.0,Rare Disease,PEG/mRNA,RIG-I/MDA5,56.60949322197951,1.2e+14,Microfluidic,7.2,290.0,Yes,0.005,Phase 4,Rare Disease,1,56.60949322197951,ClinicalTrials.gov,0.9
TRIAL-000081,LNP (Clinical),105.49144386844924,0.16511262955772854,-8.387367088679653,91.15342284349322,83.62258089444914,31.06124455970782,101.91372034044909,28274.0,2.5,30.0,Rare Disease,PEG/mRNA,RIG-I/MDA5,78.8901859013344,1.2e+14,Microfluidic,7.2,290.0,Yes,0.005,Phase 4,Rare Disease,1,78.8901859013344,ClinicalTrials.gov,0.9
TRIAL-000082,LNP (Clinical),95.74185775323781,0.1572641965616576,-8.239167265919006,90.1405416879072,90.66724847802875,38.469589557421116,103.40715881680181,28274.0,2.5,30.0,Infectious Disease,PEG/mRNA,RIG-I/MDA5,84.91244644683209,1.2e+14,Microfluidic,7.2,290.0,Yes,0.005,Phase 3,Infectious Disease,1,84.91244644683209,ClinicalTrials.gov,0.9
TRIAL-000083,LNP (Clinical),99.86411146465011,0.1284240279630818,-8.227574586097449,85.4415447451771,81.98816551776312,21.218747119303153,118.26543211049798,28274.0,2.5,30.0,COVID-19 Vaccine,PEG/mRNA,RIG-I/MDA5,72.88777132393567,1.2e+14,Microfluidic,7.2,290.0,Yes,0.005,Phase 4,COVID-19 Vaccine,1,72.88777132393567,ClinicalTrials.gov,0.9
TRIAL-000084,LNP (Clinical),96.16245147904041,0.16358323886886386,-8.210387002736816,89.05696100331629,82.76797410719281,32.325487668416216,114.34679311815292,28274.0,2.5,30.0,Cancer Vaccine,PEG/mRNA,RIG-I/MDA5,63.7562978064754,1.2e+14,Microfluidic,7.2,290.0,Yes,0.005,Phase 3,Cancer Vaccine,1,63.7562978064754,ClinicalTrials.gov,0.9
TRIAL-000085,LNP (Clinical),95.9144764488373,0.14113991589321934,-9.330388008244071,95.1738534761169,80.93009185236215,22.95551551584636,100.55833858315492,28274.0,2.5,30.0,Rare Disease,PEG/mRNA,RIG-I/MDA5,80.57837147108172,1.2e+14,Microfluidic,7.2,290.0,Yes,0.005,Phase 3,Rare Disease,1,80.57837147108172,ClinicalTrials.gov,0.9
TRIAL-000086,LNP (Clinical),105.7657548820148,0.13571184219814253,-11.727510211686777,87.62237199143695,82.82313633781916,16.029461271706147,116.72706135247218,28274.0,2.5,30.0,COVID-19 Vaccine,PEG/mRNA,RIG-I/MDA5,14.364894013840562,1.2e+14,Microfluidic,7.2,290.0,Yes,0.005,Phase 1,COVID-19 Vaccine,0,14.364894013840562,ClinicalTrials.gov,0.9
TRIAL-000087,LNP (Clinical),92.0034523500012,0.16963932909922255,-8.023707735095595,86.49802927636992,80.03979482486605,35.02462049296197,101.94818889956134,28274.0,2.5,30.0,Cancer Vaccine,PEG/mRNA,RIG-I/MDA5,38.41518537406401,1.2e+14,Microfluidic,7.2,290.0,Yes,0.005,Phase 3,Cancer Vaccine,0,38.41518537406401,ClinicalTrials.gov,0.9
TRIAL-000088,LNP (Clinical),109.30866062099214,0.13289676330954664,-11.307068862470079,92.61745244831815,91.17151313141444,30.764173819055856,109.91889075044074,28274.0,2.5,30.0,Rare Disease,PEG/mRNA,RIG-I/MDA5,50.97232432712222,1.2e+14,Microfluidic,7.2,290.0,Yes,0.005,Phase 3,Rare Disease,1,50.97232432712222,ClinicalTrials.gov,0.9
TRIAL-000089,LNP (Clinical),106.51097478751535,0.15663370066639343,-11.86079745986274,90.1872718779826,87.69131782697187,39.905010357449996,118.97989976355899,28274.0,2.5,30.0,Cancer Vaccine,PEG/mRNA,RIG-I/MDA5,74.53103370529693,1.2e+14,Microfluidic,7.2,290.0,Yes,0.005,Phase 1,Cancer Vaccine,1,74.53103370529693,ClinicalTrials.gov,0.9
TRIAL-000090,LNP (Clinical),93.6467485911569,0.1767761040327481,-10.436321607523066,88.77683678657603,92.71819266323088,38.892564548234944,118.8704121514257,28274.0,2.5,30.0,Rare Disease,PEG/mRNA,RIG-I/MDA5,90.38013103592367,1.2e+14,Microfluidic,7.2,290.0,Yes,0.005,Phase 4,Rare Disease,1,90.38013103592367,ClinicalTrials.gov,0.9
TRIAL-000091,LNP (Clinical),102.37826023354697,0.15828044579513648,-10.971953067556136,95.00402268877592,93.68537386787185,20.627410350050507,115.4139997781631,28274.0,2.5,30.0,COVID-19 Vaccine,PEG/mRNA,RIG-I/MDA5,90.90007258273852,1.2e+14,Microfluidic,7.2,290.0,Yes,0.005,Phase 1,COVID-19 Vaccine,1,90.90007258273852,ClinicalTrials.gov,0.9
TRIAL-000092,LNP (Clinical),105.88127381266933,0.11671118555870577,-10.954636158469635,92.93226252817284,85.76520879733398,21.161210184572635,106.10417271193566,28274.0,2.5,30.0,COVID-19 Vaccine,PEG/mRNA,RIG-I/MDA5,89.66087724709124,1.2e+14,Microfluidic,7.2,290.0,Yes,0.005,Phase 2,COVID-19 Vaccine,1,89.66087724709124,ClinicalTrials.gov,0.9
TRIAL-000093,LNP (Clinical),102.96667208025008,0.1303883528001467,-9.920707364469667,85.90584076666846,86.64831368057962,30.7809634263374,104.01200742893973,28274.0,2.5,30.0,Cancer Vaccine,PEG/mRNA,RIG-I/MDA5,89.50966391807653,1.2e+14,Microfluidic,7.2,290.0,Yes,0.005,Phase 2,Cancer Vaccine,1,89.50966391807653,ClinicalTrials.gov,0.9
TRIAL-000094,LNP (Clinical),102.2452711791819,0.12637793133511688,-11.568697200346232,92.281308885685,85.58462755494905,28.786858625959525,110.59265416261961,28274.0,2.5,30.0,Cancer Vaccine,PEG/mRNA,RIG-I/MDA5,63.32733334649069,1.2e+14,Microfluidic,7.2,290.0,Yes,0.005,Phase 2,Cancer Vaccine,1,63.32733334649069,ClinicalTrials.gov,0.9
TRIAL-000095,LNP (Clinical),94.160589984083,0.13412367657427637,-10.043596432790453,85.14506350123933,88.22169911022058,30.19833771831396,104.6411834549741,28274.0,2.5,30.0,Cancer Vaccine,PEG/mRNA,RIG-I/MDA5,85.9236762959508,1.2e+14,Microfluidic,7.2,290.0,Yes,0.005,Phase 1,Cancer Vaccine,1,85.9236762959508,ClinicalTrials.gov,0.9
TRIAL-000096,LNP (Clinical),91.20103306740472,0.16192452832208484,-10.985926885670224,90.9439752382619,86.27016779718927,22.346300477853312,100.87571985601146,28274.0,2.5,30.0,Rare Disease,PEG/mRNA,RIG-I/MDA5,17.543325415983038,1.2e+14,Microfluidic,7.2,290.0,Yes,0.005,Phase 1,Rare Disease,0,17.543325415983038,ClinicalTrials.gov,0.9
TRIAL-000097,LNP (Clinical),95.74399868375279,0.15269305724861248,-9.33180031966943,95.01193851527931,91.74450293699219,28.030636775369373,110.3159844286787,28274.0,2.5,30.0,Rare Disease,PEG/mRNA,RIG-I/MDA5,78.16188279473698,1.2e+14,Microfluidic,7.2,290.0,Yes,0.005,Phase 3,Rare Disease,1,78.16188279473698,ClinicalTrials.gov,0.9
TRIAL-000098,LNP (Clinical),105.45236790039135,0.13953245124075256,-8.453305755039025,93.75365070763533,87.81034931919838,23.697090809838222,108.585375170877,28274.0,2.5,30.0,COVID-19 Vaccine,PEG/mRNA,RIG-I/MDA5,93.36022434671555,1.2e+14,Microfluidic,7.2,290.0,Yes,0.005,Phase 1,COVID-19 Vaccine,1,93.36022434671555,ClinicalTrials.gov,0.9
TRIAL-000099,LNP (Clinical),92.76417226866833,0.12304379266421088,-11.033815925369312,85.49587843307948,82.96183360315578,30.938244390677475,104.54116764632224,28274.0,2.5,30.0,Infectious Disease,PEG/mRNA,RIG-I/MDA5,15.480369897315311,1.2e+14,Microfluidic,7.2,290.0,Yes,0.005,Phase 3,Infectious Disease,0,15.480369897315311,ClinicalTrials.gov,0.9
TRIAL-000100,LNP (Clinical),101.20759586501764,0.17009871500321422,-9.543256037074308,93.87148838949662,92.5447315161925,29.55963721943855,100.78613321688078,28274.0,2.5,30.0,Infectious Disease,PEG/mRNA,RIG-I/MDA5,73.05896608163255,1.2e+14,Microfluidic,7.2,290.0,Yes,0.005,Phase 3,Infectious Disease,1,73.05896608163255,ClinicalTrials.gov,0.9
TRIAL-000101,LNP (Clinical),101.68783847004971,0.15243256016559176,-9.574802754284189,95.2126894804805,91.29156968793336,15.712464490824047,103.10459336168098,28274.0,2.5,30.0,Rare Disease,PEG/mRNA,RIG-I/MDA5,52.38540257156185,1.2e+14,Microfluidic,7.2,290.0,Yes,0.005,Phase 2,Rare Disease,1,52.38540257156185,ClinicalTrials.gov,0.9
TRIAL-000102,LNP (Clinical),91.98978627773714,0.14648323580072187,-8.739196427168988,93.29112973166986,91.96808655333072,16.071274177704666,102.9194259944976,28274.0,2.5,30.0,Rare Disease,PEG/mRNA,RIG-I/MDA5,61.008517182902196,1.2e+14,Microfluidic,7.2,290.0,Yes,0.005,Phase 3,Rare Disease,1,61.008517182902196,ClinicalTrials.gov,0.9
TRIAL-000103,LNP (Clinical),104.86126954922612,0.16889259220835973,-9.921776876804099,96.10324581275584,93.41647864927229,18.433035419938882,107.75888724842065,28274.0,2.5,30.0,COVID-19 Vaccine,PEG/mRNA,RIG-I/MDA5,50.01932314181457,1.2e+14,Microfluidic,7.2,290.0,Yes,0.005,Phase 2,COVID-19 Vaccine,1,50.01932314181457,ClinicalTrials.gov,0.9
TRIAL-000104,LNP (Clinical),97.16192539190894,0.10959395667266691,-8.631554672401592,90.6526318123096,91.51482918850841,34.955833663719204,118.18020637427145,28274.0,2.5,30.0,COVID-19 Vaccine,PEG/mRNA,RIG-I/MDA5,84.6934300850927,1.2e+14,Microfluidic,7.2,290.0,Yes,0.005,Phase 3,COVID-19 Vaccine,1,84.6934300850927,ClinicalTrials.gov,0.9
TRIAL-000105,LNP (Clinical),96.63909335553184,0.1784460983799162,-11.557397086526056,93.66947864977307,92.017830627374,32.708303254377626,114.16043038929983,28274.0,2.5,30.0,Rare Disease,PEG/mRNA,RIG-I/MDA5,53.55304755593782,1.2e+14,Microfluidic,7.2,290.0,Yes,0.005,Phase 4,Rare Disease,1,53.55304755593782,ClinicalTrials.gov,0.9
TRIAL-000106,LNP (Clinical),91.12956596192221,0.11079488972561914,-10.831606427787085,86.08098626841847,94.5454538885851,34.28043112029517,102.49437064769353,28274.0,2.5,30.0,Infectious Disease,PEG/mRNA,RIG-I/MDA5,84.20137893488484,1.2e+14,Microfluidic,7.2,290.0,Yes,0.005,Phase 1,Infectious Disease,1,84.20137893488484,ClinicalTrials.gov,0.9
TRIAL-000107,LNP (Clinical),101.92053011851316,0.10135992955069953,-8.40706104803851,85.78628746866795,91.95650231549686,34.551208834348145,101.84234784808987,28274.0,2.5,30.0,Infectious Disease,PEG/mRNA,RIG-I/MDA5,32.91671510750796,1.2e+14,Microfluidic,7.2,290.0,Yes,0.005,Phase 3,Infectious Disease,0,32.91671510750796,ClinicalTrials.gov,0.9
TRIAL-000108,LNP (Clinical),100.26165568284567,0.12552474048632264,-9.756850318200305,91.9268343984124,81.67302633371004,19.875462037972547,103.02915147186066,28274.0,2.5,30.0,Cancer Vaccine,PEG/mRNA,RIG-I/MDA5,83.89475651421506,1.2e+14,Microfluidic,7.2,290.0,Yes,0.005,Phase 4,Cancer Vaccine,1,83.89475651421506,ClinicalTrials.gov,0.9
TRIAL-000109,LNP (Clinical),102.65314363771374,0.1272154111585021,-11.151517768288217,87.13160821997973,91.19329354730645,25.007135851336407,107.3411859554654,28274.0,2.5,30.0,Rare Disease,PEG/mRNA,RIG-I/MDA5,87.83868605237103,1.2e+14,Microfluidic,7.2,290.0,Yes,0.005,Phase 3,Rare Disease,1,87.83868605237103,ClinicalTrials.gov,0.9
TRIAL-000110,LNP (Clinical),94.3699221248354,0.1725621724423606,-11.788992068624305,93.22332284271357,84.18726499972738,22.070489662764334,109.85252110456346,28274.0,2.5,30.0,COVID-19 Vaccine,PEG/mRNA,RIG-I/MDA5,55.080505257022246,1.2e+14,Microfluidic,7.2,290.0,Yes,0.005,Phase 1,COVID-19 Vaccine,1,55.080505257022246,ClinicalTrials.gov,0.9
TRIAL-000111,LNP (Clinical),99.16782218467392,0.11932298109673597,-9.918940077594966,88.78742804226943,88.55544941324322,16.901438841771082,116.02953905995486,28274.0,2.5,30.0,Infectious Disease,PEG/mRNA,RIG-I/MDA5,53.5201321205965,1.2e+14,Microfluidic,7.2,290.0,Yes,0.005,Phase 4,Infectious Disease,1,53.5201321205965,ClinicalTrials.gov,0.9
TRIAL-000112,LNP (Clinical),106.38726487331168,0.11351558997822514,-9.852752632214447,95.82871800734631,89.9065970624049,27.84712274237676,109.60943902777578,28274.0,2.5,30.0,Infectious Disease,PEG/mRNA,RIG-I/MDA5,90.55323745103891,1.2e+14,Microfluidic,7.2,290.0,Yes,0.005,Phase 4,Infectious Disease,1,90.55323745103891,ClinicalTrials.gov,0.9
TRIAL-000113,LNP (Clinical),94.46591973336594,0.175861531222456,-10.71535745946182,96.94889981636884,81.6403423660066,33.289385657504226,114.95433263485799,28274.0,2.5,30.0,Rare Disease,PEG/mRNA,RIG-I/MDA5,92.68420933360005,1.2e+14,Microfluidic,7.2,290.0,Yes,0.005,Phase 3,Rare Disease,1,92.68420933360005,ClinicalTrials.gov,0.9
TRIAL-000114,LNP (Clinical),101.76964440444019,0.14183198791723994,-10.80516600830979,89.0250009933544,84.66408712363027,26.2278143931335,110.04893996994359,28274.0,2.5,30.0,Infectious Disease,PEG/mRNA,RIG-I/MDA5,63.48623236487785,1.2e+14,Microfluidic,7.2,290.0,Yes,0.005,Phase 3,Infectious Disease,1,63.48623236487785,ClinicalTrials.gov,0.9
TRIAL-000115,LNP (Clinical),95.05420637430667,0.16315465019381997,-10.452829711334262,90.48867261420064,94.24311436105691,20.602530651878187,119.43362791781516,28274.0,2.5,30.0,COVID-19 Vaccine,PEG/mRNA,RIG-I/MDA5,90.18169755417578,1.2e+14,Microfluidic,7.2,290.0,Yes,0.005,Phase 1,COVID-19 Vaccine,1,90.18169755417578,ClinicalTrials.gov,0.9
TRIAL-000116,LNP (Clinical),101.01110093956392,0.14105322681358629,-9.50717363494055,90.24034624169477,81.72694625123299,25.001248421635523,113.25582942202865,28274.0,2.5,30.0,Cancer Vaccine,PEG/mRNA,RIG-I/MDA5,55.100327043675236,1.2e+14,Microfluidic,7.2,290.0,Yes,0.005,Phase 3,Cancer Vaccine,1,55.100327043675236,ClinicalTrials.gov,0.9
TRIAL-000117,LNP (Clinical),92.63863917359866,0.11839143886877297,-8.779272648589938,91.17702789198778,84.51454258193777,18.940054834743535,103.14870318235981,28274.0,2.5,30.0,Infectious Disease,PEG/mRNA,RIG-I/MDA5,29.424300244999483,1.2e+14,Microfluidic,7.2,290.0,Yes,0.005,Phase 3,Infectious Disease,0,29.424300244999483,ClinicalTrials.gov,0.9
TRIAL-000118,LNP (Clinical),91.56098625049579,0.15070420092813536,-10.306448592400917,91.64261373167233,82.87264145012438,31.14411991805254,109.52838895258135,28274.0,2.5,30.0,Infectious Disease,PEG/mRNA,RIG-I/MDA5,79.86480667423035,1.2e+14,Microfluidic,7.2,290.0,Yes,0.005,Phase 1,Infectious Disease,1,79.86480667423035,ClinicalTrials.gov,0.9
TRIAL-000119,LNP (Clinical),103.02223864991008,0.12296147069034892,-10.169378194748282,95.858194253764,83.30101880220236,39.409178845549675,110.839898758781,28274.0,2.5,30.0,Infectious Disease,PEG/mRNA,RIG-I/MDA5,79.81437137671031,1.2e+14,Microfluidic,7.2,290.0,Yes,0.005,Phase 3,Infectious Disease,1,79.81437137671031,ClinicalTrials.gov,0.9
TRIAL-000120,LNP (Clinical),99.43252743218147,0.1406938870196563,-8.345238338468143,88.51077309155498,85.06386184173839,38.021441058684715,102.72112361169795,28274.0,2.5,30.0,COVID-19 Vaccine,PEG/mRNA,RIG-I/MDA5,55.09456202400462,1.2e+14,Microfluidic,7.2,290.0,Yes,0.005,Phase 1,COVID-19 Vaccine,1,55.09456202400462,ClinicalTrials.gov,0.9
TRIAL-000121,LNP (Clinical),107.44536807721589,0.15540882283320734,-9.644010839430269,87.69990745734415,84.55717063363961,15.073925012693746,107.0281412950259,28274.0,2.5,30.0,Cancer Vaccine,PEG/mRNA,RIG-I/MDA5,62.35247363043116,1.2e+14,Microfluidic,7.2,290.0,Yes,0.005,Phase 1,Cancer Vaccine,1,62.35247363043116,ClinicalTrials.gov,0.9
TRIAL-000122,LNP (Clinical),96.58786858704676,0.12025707451894888,-8.938140191428369,91.8784801053418,90.75576302893063,15.963628113599333,103.07088199018426,28274.0,2.5,30.0,COVID-19 Vaccine,PEG/mRNA,RIG-I/MDA5,30.996077964040524,1.2e+14,Microfluidic,7.2,290.0,Yes,0.005,Phase 4,COVID-19 Vaccine,0,30.996077964040524,ClinicalTrials.gov,0.9
TRIAL-000123,LNP (Clinical),95.21055647328458,0.11390808373738312,-10.495637940553527,93.55936267243821,84.81976848319131,22.140507451437543,108.74732898175043,28274.0,2.5,30.0,Infectious Disease,PEG/mRNA,RIG-I/MDA5,67.49274051985098,1.2e+14,Microfluidic,7.2,290.0,Yes,0.005,Phase 4,Infectious Disease,1,67.49274051985098,ClinicalTrials.gov,0.9
TRIAL-000124,LNP (Clinical),102.1865331423563,0.12701631611895625,-11.093276509574949,90.97012989145816,81.61522197107665,38.531195831369985,118.79767682798027,28274.0,2.5,30.0,Cancer Vaccine,PEG/mRNA,RIG-I/MDA5,57.06703494846949,1.2e+14,Microfluidic,7.2,290.0,Yes,0.005,Phase 4,Cancer Vaccine,1,57.06703494846949,ClinicalTrials.gov,0.9
TRIAL-000125,LNP (Clinical),96.15822531617403,0.12994154905039207,-9.973205175512451,94.64328552676918,92.10059288887602,26.58896134749355,105.69296001453162,28274.0,2.5,30.0,Infectious Disease,PEG/mRNA,RIG-I/MDA5,32.552714733048,1.2e+14,Microfluidic,7.2,290.0,Yes,0.005,Phase 1,Infectious Disease,0,32.552714733048,ClinicalTrials.gov,0.9
TRIAL-000126,LNP (Clinical),107.1774362784136,0.10762590543920474,-9.760319723098014,85.56721527615484,85.58502902456824,22.586539532019973,102.0065832149671,28274.0,2.5,30.0,Infectious Disease,PEG/mRNA,RIG-I/MDA5,92.5578621267737,1.2e+14,Microfluidic,7.2,290.0,Yes,0.005,Phase 1,Infectious Disease,1,92.5578621267737,ClinicalTrials.gov,0.9
TRIAL-000127,LNP (Clinical),95.25208122756963,0.10452482583107459,-9.230734062518664,86.99348370023081,80.55084872849102,37.51689017536461,106.45371566075065,28274.0,2.5,30.0,Infectious Disease,PEG/mRNA,RIG-I/MDA5,79.11253863852062,1.2e+14,Microfluidic,7.2,290.0,Yes,0.005,Phase 3,Infectious Disease,1,79.11253863852062,ClinicalTrials.gov,0.9
TRIAL-000128,LNP (Clinical),109.99944136184024,0.14090859209296083,-8.494981433547302,92.4806856687855,94.41951472522645,21.045715069443062,112.48536476338745,28274.0,2.5,30.0,COVID-19 Vaccine,PEG/mRNA,RIG-I/MDA5,64.24942202544344,1.2e+14,Microfluidic,7.2,290.0,Yes,0.005,Phase 1,COVID-19 Vaccine,1,64.24942202544344,ClinicalTrials.gov,0.9
TRIAL-000129,LNP (Clinical),101.36330873034709,0.10902172401410032,-9.428145529427816,88.99478882373637,89.12479540632293,39.3977731693316,113.47185554077873,28274.0,2.5,30.0,Rare Disease,PEG/mRNA,RIG-I/MDA5,51.16528082425738,1.2e+14,Microfluidic,7.2,290.0,Yes,0.005,Phase 3,Rare Disease,1,51.16528082425738,ClinicalTrials.gov,0.9
TRIAL-000130,LNP (Clinical),98.13587433757002,0.1481901634240059,-9.9688582823967,91.63542041277822,87.27648722703142,25.43375622826973,109.22093399651567,28274.0,2.5,30.0,Rare Disease,PEG/mRNA,RIG-I/MDA5,15.740403147130785,1.2e+14,Microfluidic,7.2,290.0,Yes,0.005,Phase 1,Rare Disease,0,15.740403147130785,ClinicalTrials.gov,0.9
TRIAL-000131,LNP (Clinical),103.65015392242802,0.104989894831296,-10.510590793718002,92.95572659685475,80.64862043646464,26.5504047171577,103.60394318687177,28274.0,2.5,30.0,Rare Disease,PEG/mRNA,RIG-I/MDA5,67.12384948705493,1.2e+14,Microfluidic,7.2,290.0,Yes,0.005,Phase 1,Rare Disease,1,67.12384948705493,ClinicalTrials.gov,0.9
TRIAL-000132,LNP (Clinical),102.79886139584383,0.17172882903870224,-9.965308596179687,96.97215721490257,84.3860149051153,35.952438757732324,103.9834650941487,28274.0,2.5,30.0,COVID-19 Vaccine,PEG/mRNA,RIG-I/MDA5,76.17920678185314,1.2e+14,Microfluidic,7.2,290.0,Yes,0.005,Phase 3,COVID-19 Vaccine,1,76.17920678185314,ClinicalTrials.gov,0.9
TRIAL-000133,LNP (Clinical),100.04293371092362,0.16583174605910045,-8.177893092313372,89.35812419683944,94.02276263132708,39.27667987240472,119.54680335664378,28274.0,2.5,30.0,Rare Disease,PEG/mRNA,RIG-I/MDA5,89.6810791629614,1.2e+14,Microfluidic,7.2,290.0,Yes,0.005,Phase 2,Rare Disease,1,89.6810791629614,ClinicalTrials.gov,0.9
TRIAL-000134,LNP (Clinical),94.55265161686573,0.1697364555866428,-11.797157892222602,93.58205561071824,93.37448046781483,28.678361946270314,108.78580477578238,28274.0,2.5,30.0,Rare Disease,PEG/mRNA,RIG-I/MDA5,73.64732676980695,1.2e+14,Microfluidic,7.2,290.0,Yes,0.005,Phase 4,Rare Disease,1,73.64732676980695,ClinicalTrials.gov,0.9
TRIAL-000135,LNP (Clinical),94.79393049719636,0.15209378695566853,-8.550669982121418,92.62306025065477,87.51431606931567,30.58141903884951,107.88727520973084,28274.0,2.5,30.0,COVID-19 Vaccine,PEG/mRNA,RIG-I/MDA5,88.83396191704924,1.2e+14,Microfluidic,7.2,290.0,Yes,0.005,Phase 2,COVID-19 Vaccine,1,88.83396191704924,ClinicalTrials.gov,0.9
TRIAL-000136,LNP (Clinical),109.23768055390902,0.11808878401502323,-8.995614765229224,90.2935213468267,91.99902358872976,21.149924598348406,108.38916226029035,28274.0,2.5,30.0,Cancer Vaccine,PEG/mRNA,RIG-I/MDA5,59.788958891510646,1.2e+14,Microfluidic,7.2,290.0,Yes,0.005,Phase 3,Cancer Vaccine,1,59.788958891510646,ClinicalTrials.gov,0.9
TRIAL-000137,LNP (Clinical),109.76838864424288,0.1563127231559016,-10.570268896208221,91.1879790624948,86.1388600422284,16.304648483838548,104.00535248925007,28274.0,2.5,30.0,Infectious Disease,PEG/mRNA,RIG-I/MDA5,86.23491497674169,1.2e+14,Microfluidic,7.2,290.0,Yes,0.005,Phase 4,Infectious Disease,1,86.23491497674169,ClinicalTrials.gov,0.9
TRIAL-000138,LNP (Clinical),105.02825025960453,0.1688990486042694,-9.8822623451226,86.5210265079061,94.4551433830917,35.38608403677033,102.48552389595874,28274.0,2.5,30.0,Infectious Disease,PEG/mRNA,RIG-I/MDA5,55.75739739939546,1.2e+14,Microfluidic,7.2,290.0,Yes,0.005,Phase 2,Infectious Disease,1,55.75739739939546,ClinicalTrials.gov,0.9
TRIAL-000139,LNP (Clinical),108.38477132456202,0.12633445117676032,-10.320074041121067,88.81413696723247,86.01208191054137,17.033907779684608,105.26247325792947,28274.0,2.5,30.0,Infectious Disease,PEG/mRNA,RIG-I/MDA5,28.30669852791097,1.2e+14,Microfluidic,7.2,290.0,Yes,0.005,Phase 3,Infectious Disease,0,28.30669852791097,ClinicalTrials.gov,0.9
TRIAL-000140,LNP (Clinical),97.57647048108262,0.13368009697032213,-11.6677179632354,88.44261798115303,85.13077508985768,37.37269364102211,105.49937834721058,28274.0,2.5,30.0,Infectious Disease,PEG/mRNA,RIG-I/MDA5,84.44994421942988,1.2e+14,Microfluidic,7.2,290.0,Yes,0.005,Phase 2,Infectious Disease,1,84.44994421942988,ClinicalTrials.gov,0.9
TRIAL-000141,LNP (Clinical),99.99692829004992,0.14512050375826052,-11.744926928432923,96.66678714909726,94.40799965228146,37.36606228375369,113.57303664255042,28274.0,2.5,30.0,Cancer Vaccine,PEG/mRNA,RIG-I/MDA5,75.86186567604287,1.2e+14,Microfluidic,7.2,290.0,Yes,0.005,Phase 2,Cancer Vaccine,1,75.86186567604287,ClinicalTrials.gov,0.9
TRIAL-000142,LNP (Clinical),98.65340886614938,0.1443712107773348,-11.75666914992567,87.14945055526988,90.33826473522144,19.637599058912144,118.29407218210636,28274.0,2.5,30.0,Cancer Vaccine,PEG/mRNA,RIG-I/MDA5,64.6825258149315,1.2e+14,Microfluidic,7.2,290.0,Yes,0.005,Phase 3,Cancer Vaccine,1,64.6825258149315,ClinicalTrials.gov,0.9
TRIAL-000143,LNP (Clinical),95.93699046201749,0.16420708865254555,-11.412628339381929,89.00877737646157,90.53877451167139,17.889424154808026,104.06835945208623,28274.0,2.5,30.0,Cancer Vaccine,PEG/mRNA,RIG-I/MDA5,75.83861211641178,1.2e+14,Microfluidic,7.2,290.0,Yes,0.005,Phase 2,Cancer Vaccine,1,75.83861211641178,ClinicalTrials.gov,0.9
TRIAL-000144,LNP (Clinical),108.41949021438921,0.17126261000289666,-10.718515811401584,89.38613219098767,93.03185407560451,37.99897129539772,115.14554966234816,28274.0,2.5,30.0,Cancer Vaccine,PEG/mRNA,RIG-I/MDA5,71.85467701934107,1.2e+14,Microfluidic,7.2,290.0,Yes,0.005,Phase 1,Cancer Vaccine,1,71.85467701934107,ClinicalTrials.gov,0.9
TRIAL-000145,LNP (Clinical),95.13403312539536,0.17766678287088072,-10.132395610826212,91.9378330077088,84.80025268605834,39.82546988425573,109.73619764315185,28274.0,2.5,30.0,COVID-19 Vaccine,PEG/mRNA,RIG-I/MDA5,40.89461400626502,1.2e+14,Microfluidic,7.2,290.0,Yes,0.005,Phase 1,COVID-19 Vaccine,0,40.89461400626502,ClinicalTrials.gov,0.9
TRIAL-000146,LNP (Clinical),96.3039040810085,0.15922268242926363,-10.210959097126153,89.82809007680262,86.85233661525484,16.89848014025497,113.1692896236272,28274.0,2.5,30.0,Cancer Vaccine,PEG/mRNA,RIG-I/MDA5,92.43513663991433,1.2e+14,Microfluidic,7.2,290.0,Yes,0.005,Phase 3,Cancer Vaccine,1,92.43513663991433,ClinicalTrials.gov,0.9
TRIAL-000147,LNP (Clinical),102.00509766553589,0.1251731443501523,-9.242448810939985,96.00722863598315,82.49603615796102,23.10024944750421,113.340127217495,28274.0,2.5,30.0,Rare Disease,PEG/mRNA,RIG-I/MDA5,64.43704916479273,1.2e+14,Microfluidic,7.2,290.0,Yes,0.005,Phase 3,Rare Disease,1,64.43704916479273,ClinicalTrials.gov,0.9
TRIAL-000148,LNP (Clinical),100.60786589999174,0.16876514544825946,-10.432428599613976,87.49042020284242,93.95776891532051,38.55831374169135,117.40931202848304,28274.0,2.5,30.0,Cancer Vaccine,PEG/mRNA,RIG-I/MDA5,56.98339663487295,1.2e+14,Microfluidic,7.2,290.0,Yes,0.005,Phase 1,Cancer Vaccine,1,56.98339663487295,ClinicalTrials.gov,0.9
TRIAL-000149,LNP (Clinical),99.2369434770441,0.15423686582443974,-9.304654784037979,88.09341406412797,92.94035037738908,39.65783455998219,118.65797935345097,28274.0,2.5,30.0,Infectious Disease,PEG/mRNA,RIG-I/MDA5,78.58760908997917,1.2e+14,Microfluidic,7.2,290.0,Yes,0.005,Phase 2,Infectious Disease,1,78.58760908997917,ClinicalTrials.gov,0.9
TRIAL-000150,LNP (Clinical),100.22279799610834,0.12121040161417733,-11.439497445133075,89.79872277616423,94.42422946443467,20.133325851252717,115.40832948481352,28274.0,2.5,30.0,Rare Disease,PEG/mRNA,RIG-I/MDA5,54.12164619494266,1.2e+14,Microfluidic,7.2,290.0,Yes,0.005,Phase 1,Rare Disease,1,54.12164619494266,ClinicalTrials.gov,0.9
TRIAL-000151,LNP (Clinical),107.33696874419185,0.1579457690794306,-9.181586459394685,95.0372361585813,90.54890644726285,22.10257850776874,101.08744390088592,28274.0,2.5,30.0,Rare Disease,PEG/mRNA,RIG-I/MDA5,74.19968408217628,1.2e+14,Microfluidic,7.2,290.0,Yes,0.005,Phase 2,Rare Disease,1,74.19968408217628,ClinicalTrials.gov,0.9
TRIAL-000152,LNP (Clinical),106.0425405197877,0.12124614240435681,-8.880590694897744,94.02182208921938,82.21561164292976,16.68548910438934,118.49521478791517,28274.0,2.5,30.0,Infectious Disease,PEG/mRNA,RIG-I/MDA5,27.885029501422423,1.2e+14,Microfluidic,7.2,290.0,Yes,0.005,Phase 3,Infectious Disease,0,27.885029501422423,ClinicalTrials.gov,0.9
TRIAL-000153,LNP (Clinical),104.47272695258616,0.13670096898335818,-9.052690824548899,93.01377275403699,89.34290386845261,16.86935672354202,111.48367068723364,28274.0,2.5,30.0,Rare Disease,PEG/mRNA,RIG-I/MDA5,86.50447666794892,1.2e+14,Microfluidic,7.2,290.0,Yes,0.005,Phase 1,Rare Disease,1,86.50447666794892,ClinicalTrials.gov,0.9
TRIAL-000154,LNP (Clinical),107.06876412400473,0.11732665855595992,-8.041780301719328,95.83447984390713,80.35351097695253,25.217614695308566,114.42280927422962,28274.0,2.5,30.0,Cancer Vaccine,PEG/mRNA,RIG-I/MDA5,52.74663104100688,1.2e+14,Microfluidic,7.2,290.0,Yes,0.005,Phase 4,Cancer Vaccine,1,52.74663104100688,ClinicalTrials.gov,0.9
TRIAL-000155,LNP (Clinical),91.12015800859967,0.1783393165240232,-11.939850778121393,96.93077315846533,87.92871041011242,22.184978913581197,116.80028915859313,28274.0,2.5,30.0,COVID-19 Vaccine,PEG/mRNA,RIG-I/MDA5,77.16390854061305,1.2e+14,Microfluidic,7.2,290.0,Yes,0.005,Phase 1,COVID-19 Vaccine,1,77.16390854061305,ClinicalTrials.gov,0.9
TRIAL-000156,LNP (Clinical),92.96966134854372,0.10914282526561199,-10.558420717579189,94.79465636927922,85.05072742225634,35.813447846052554,118.8750087893166,28274.0,2.5,30.0,Rare Disease,PEG/mRNA,RIG-I/MDA5,45.05666398054577,1.2e+14,Microfluidic,7.2,290.0,Yes,0.005,Phase 1,Rare Disease,0,45.05666398054577,ClinicalTrials.gov,0.9
TRIAL-000157,LNP (Clinical),106.40320483693722,0.14275845648205895,-8.185632608900416,91.235339768512,93.05207810475268,22.290797025284228,105.61529107151163,28274.0,2.5,30.0,COVID-19 Vaccine,PEG/mRNA,RIG-I/MDA5,83.82162470529941,1.2e+14,Microfluidic,7.2,290.0,Yes,0.005,Phase 1,COVID-19 Vaccine,1,83.82162470529941,ClinicalTrials.gov,0.9
TRIAL-000158,LNP (Clinical),100.23008144465463,0.16704170475201957,-11.041718559178678,95.45114879544329,93.50652866924489,29.945163370820396,101.89844090801431,28274.0,2.5,30.0,Cancer Vaccine,PEG/mRNA,RIG-I/MDA5,55.884238456909515,1.2e+14,Microfluidic,7.2,290.0,Yes,0.005,Phase 3,Cancer Vaccine,1,55.884238456909515,ClinicalTrials.gov,0.9
TRIAL-000159,LNP (Clinical),92.57492455185312,0.1106231348179938,-11.259900189192534,90.69181087558638,83.43326503290668,38.53462749571186,119.08301924467361,28274.0,2.5,30.0,Rare Disease,PEG/mRNA,RIG-I/MDA5,55.971580638760805,1.2e+14,Microfluidic,7.2,290.0,Yes,0.005,Phase 4,Rare Disease,1,55.971580638760805,ClinicalTrials.gov,0.9
TRIAL-000160,LNP (Clinical),92.98643616721903,0.17907693335010308,-11.18053805399668,91.70518344111008,90.22229964613985,33.69859747950379,114.19925681955566,28274.0,2.5,30.0,Cancer Vaccine,PEG/mRNA,RIG-I/MDA5,86.10772051498834,1.2e+14,Microfluidic,7.2,290.0,Yes,0.005,Phase 4,Cancer Vaccine,1,86.10772051498834,ClinicalTrials.gov,0.9
TRIAL-000161,LNP (Clinical),106.02205353155802,0.16128192815433962,-9.064116794946846,92.19574181584719,90.49441771152183,28.396198291912576,102.735014597298,28274.0,2.5,30.0,Cancer Vaccine,PEG/mRNA,RIG-I/MDA5,37.49430579777369,1.2e+14,Microfluidic,7.2,290.0,Yes,0.005,Phase 3,Cancer Vaccine,0,37.49430579777369,ClinicalTrials.gov,0.9
TRIAL-000162,LNP (Clinical),103.68542293266066,0.13082424928741468,-11.747525106777772,91.53120885999444,84.87715123189241,29.7416755449852,115.57630355876357,28274.0,2.5,30.0,Infectious Disease,PEG/mRNA,RIG-I/MDA5,83.64405507480235,1.2e+14,Microfluidic,7.2,290.0,Yes,0.005,Phase 1,Infectious Disease,1,83.64405507480235,ClinicalTrials.gov,0.9
TRIAL-000163,LNP (Clinical),90.29128148554136,0.1233526513168682,-10.808813483290415,96.47146481512934,87.4814626069756,15.459708619653268,109.13140510639391,28274.0,2.5,30.0,Cancer Vaccine,PEG/mRNA,RIG-I/MDA5,76.80348702653457,1.2e+14,Microfluidic,7.2,290.0,Yes,0.005,Phase 3,Cancer Vaccine,1,76.80348702653457,ClinicalTrials.gov,0.9
TRIAL-000164,LNP (Clinical),107.83747374750907,0.12693311453332637,-9.446757784517473,92.84401488325736,90.47705233749323,30.9004359609983,115.60062923296094,28274.0,2.5,30.0,COVID-19 Vaccine,PEG/mRNA,RIG-I/MDA5,46.62173323552681,1.2e+14,Microfluidic,7.2,290.0,Yes,0.005,Phase 3,COVID-19 Vaccine,0,46.62173323552681,ClinicalTrials.gov,0.9
TRIAL-000165,LNP (Clinical),100.42045716770548,0.13652324794107093,-9.549162665389753,90.40583820036764,86.62793805125312,20.909175535129442,103.02162678523018,28274.0,2.5,30.0,COVID-19 Vaccine,PEG/mRNA,RIG-I/MDA5,70.19058436247056,1.2e+14,Microfluidic,7.2,290.0,Yes,0.005,Phase 3,COVID-19 Vaccine,1,70.19058436247056,ClinicalTrials.gov,0.9
TRIAL-000166,LNP (Clinical),102.7147887333525,0.17672900721173088,-8.37070763799759,92.04827768081361,90.52822215879694,27.74453362440741,105.74770787808313,28274.0,2.5,30.0,COVID-19 Vaccine,PEG/mRNA,RIG-I/MDA5,63.37590781141829,1.2e+14,Microfluidic,7.2,290.0,Yes,0.005,Phase 3,COVID-19 Vaccine,1,63.37590781141829,ClinicalTrials.gov,0.9
TRIAL-000167,LNP (Clinical),104.71578984544506,0.1556366058230973,-9.220536707796343,92.54764143120677,82.62207396988413,33.78372967650628,100.22736734978092,28274.0,2.5,30.0,Rare Disease,PEG/mRNA,RIG-I/MDA5,63.02112731452453,1.2e+14,Microfluidic,7.2,290.0,Yes,0.005,Phase 3,Rare Disease,1,63.02112731452453,ClinicalTrials.gov,0.9
TRIAL-000168,LNP (Clinical),100.60322651422446,0.1728480683180621,-8.411104705135266,87.0734534270439,87.72298607396812,39.65051098253292,103.36283506319427,28274.0,2.5,30.0,Cancer Vaccine,PEG/mRNA,RIG-I/MDA5,94.94715202786361,1.2e+14,Microfluidic,7.2,290.0,Yes,0.005,Phase 1,Cancer Vaccine,1,94.94715202786361,ClinicalTrials.gov,0.9
TRIAL-000169,LNP (Clinical),104.61560726450764,0.1571749386796622,-10.582950994676533,91.78871826276325,91.00554054006528,36.65047462475558,107.73475461598265,28274.0,2.5,30.0,Infectious Disease,PEG/mRNA,RIG-I/MDA5,32.97201631801003,1.2e+14,Microfluidic,7.2,290.0,Yes,0.005,Phase 1,Infectious Disease,0,32.97201631801003,ClinicalTrials.gov,0.9
TRIAL-000170,LNP (Clinical),93.12587350490877,0.15586256864588072,-9.241481429829442,91.49769040958775,80.89789899466071,27.8953236922503,114.42652368627417,28274.0,2.5,30.0,Rare Disease,PEG/mRNA,RIG-I/MDA5,72.13108731231792,1.2e+14,Microfluidic,7.2,290.0,Yes,0.005,Phase 4,Rare Disease,1,72.13108731231792,ClinicalTrials.gov,0.9
TRIAL-000171,LNP (Clinical),99.32494498293792,0.10520326929975059,-8.510354521290438,87.38807384862304,90.39366193752528,19.163568799627136,100.61624126978747,28274.0,2.5,30.0,Rare Disease,PEG/mRNA,RIG-I/MDA5,86.23718128362717,1.2e+14,Microfluidic,7.2,290.0,Yes,0.005,Phase 1,Rare Disease,1,86.23718128362717,ClinicalTrials.gov,0.9
TRIAL-000172,LNP (Clinical),105.15681598959779,0.14185371808847977,-11.059521978782616,95.63520152009,90.86741723643757,24.59146862601405,102.17699397047521,28274.0,2.5,30.0,Infectious Disease,PEG/mRNA,RIG-I/MDA5,57.99527765329893,1.2e+14,Microfluidic,7.2,290.0,Yes,0.005,Phase 1,Infectious Disease,1,57.99527765329893,ClinicalTrials.gov,0.9
TRIAL-000173,LNP (Clinical),94.02357235912334,0.16352728012132164,-8.28911468766622,95.77871576617339,85.61697091538502,20.703450350514053,105.01912755138169,28274.0,2.5,30.0,Cancer Vaccine,PEG/mRNA,RIG-I/MDA5,88.98959677204061,1.2e+14,Microfluidic,7.2,290.0,Yes,0.005,Phase 1,Cancer Vaccine,1,88.98959677204061,ClinicalTrials.gov,0.9
TRIAL-000174,LNP (Clinical),105.05585752279246,0.10274666723492287,-11.469239081495246,88.58933284716682,93.23898860541532,36.96886639012305,118.02196221117883,28274.0,2.5,30.0,Cancer Vaccine,PEG/mRNA,RIG-I/MDA5,87.10802194206593,1.2e+14,Microfluidic,7.2,290.0,Yes,0.005,Phase 3,Cancer Vaccine,1,87.10802194206593,ClinicalTrials.gov,0.9
TRIAL-000175,LNP (Clinical),105.21569982766597,0.11300985594620057,-10.42584408571372,86.98033376334274,81.08285472972747,24.614718095523955,104.51237189307572,28274.0,2.5,30.0,Infectious Disease,PEG/mRNA,RIG-I/MDA5,83.03391783644183,1.2e+14,Microfluidic,7.2,290.0,Yes,0.005,Phase 3,Infectious Disease,1,83.03391783644183,ClinicalTrials.gov,0.9
TRIAL-000176,LNP (Clinical),100.96455668328349,0.12516308745539023,-8.546573183131732,94.23701734295082,88.94746416965573,15.41172882983815,100.56140028343707,28274.0,2.5,30.0,Infectious Disease,PEG/mRNA,RIG-I/MDA5,36.68643746669822,1.2e+14,Microfluidic,7.2,290.0,Yes,0.005,Phase 3,Infectious Disease,0,36.68643746669822,ClinicalTrials.gov,0.9
TRIAL-000177,LNP (Clinical),97.412980987089,0.1485807757284046,-8.82169521498034,96.60582250076567,94.31284623550901,28.764856373410417,101.14044324007415,28274.0,2.5,30.0,COVID-19 Vaccine,PEG/mRNA,RIG-I/MDA5,80.79819506369189,1.2e+14,Microfluidic,7.2,290.0,Yes,0.005,Phase 2,COVID-19 Vaccine,1,80.79819506369189,ClinicalTrials.gov,0.9
TRIAL-000178,LNP (Clinical),91.54061762109393,0.17921639637733872,-9.066379130391805,96.24641126444624,94.91358020774133,17.39593051141965,105.99273724116556,28274.0,2.5,30.0,Infectious Disease,PEG/mRNA,RIG-I/MDA5,29.62460245668836,1.2e+14,Microfluidic,7.2,290.0,Yes,0.005,Phase 1,Infectious Disease,0,29.62460245668836,ClinicalTrials.gov,0.9
TRIAL-000179,LNP (Clinical),99.7107531864672,0.10093721394539405,-8.601822755241635,94.8397256389408,90.5211905540474,34.34824758783802,113.38869204923125,28274.0,2.5,30.0,Cancer Vaccine,PEG/mRNA,RIG-I/MDA5,70.07165955705432,1.2e+14,Microfluidic,7.2,290.0,Yes,0.005,Phase 3,Cancer Vaccine,1,70.07165955705432,ClinicalTrials.gov,0.9
TRIAL-000180,LNP (Clinical),102.43042218437024,0.13672252113852915,-11.328809448679914,86.71756121106654,90.35336993851627,33.70615542613134,116.54672078611229,28274.0,2.5,30.0,Rare Disease,PEG/mRNA,RIG-I/MDA5,91.53314493147849,1.2e+14,Microfluidic,7.2,290.0,Yes,0.005,Phase 1,Rare Disease,1,91.53314493147849,ClinicalTrials.gov,0.9
TRIAL-000181,LNP (Clinical),91.77539134556818,0.17526329474497815,-9.800554874570375,88.89540843241919,88.31307102392934,28.391907429488345,103.09916299971232,28274.0,2.5,30.0,Infectious Disease,PEG/mRNA,RIG-I/MDA5,65.97467438794972,1.2e+14,Microfluidic,7.2,290.0,Yes,0.005,Phase 2,Infectious Disease,1,65.97467438794972,ClinicalTrials.gov,0.9
TRIAL-000182,LNP (Clinical),96.23171351538105,0.13877785547412058,-8.260153876010865,86.00668599905028,85.33262832733935,16.405714224148113,119.3500785367246,28274.0,2.5,30.0,Rare Disease,PEG/mRNA,RIG-I/MDA5,87.51682130966232,1.2e+14,Microfluidic,7.2,290.0,Yes,0.005,Phase 2,Rare Disease,1,87.51682130966232,ClinicalTrials.gov,0.9
TRIAL-000183,LNP (Clinical),103.22916091494443,0.1254724712264572,-11.209846877611588,86.0867365273513,92.05872986278943,34.171995263340904,114.41462293177686,28274.0,2.5,30.0,Rare Disease,PEG/mRNA,RIG-I/MDA5,80.08008357977239,1.2e+14,Microfluidic,7.2,290.0,Yes,0.005,Phase 2,Rare Disease,1,80.08008357977239,ClinicalTrials.gov,0.9
TRIAL-000184,LNP (Clinical),99.35604750869058,0.16811152929897566,-8.197889745564458,96.86814755616378,83.0586497776609,26.800913938414247,115.62109054201582,28274.0,2.5,30.0,Rare Disease,PEG/mRNA,RIG-I/MDA5,78.02374942886739,1.2e+14,Microfluidic,7.2,290.0,Yes,0.005,Phase 3,Rare Disease,1,78.02374942886739,ClinicalTrials.gov,0.9
TRIAL-000185,LNP (Clinical),106.60145495735367,0.1709857383765783,-9.812623736684923,87.13718136986746,84.8447852548856,30.563546966064237,109.30033393471204,28274.0,2.5,30.0,Infectious Disease,PEG/mRNA,RIG-I/MDA5,83.02905101949983,1.2e+14,Microfluidic,7.2,290.0,Yes,0.005,Phase 2,Infectious Disease,1,83.02905101949983,ClinicalTrials.gov,0.9
TRIAL-000186,LNP (Clinical),92.70668928202294,0.10587709128085561,-10.954540295763522,95.92701461247647,82.2290599090116,34.05192188225143,111.17566716664331,28274.0,2.5,30.0,Rare Disease,PEG/mRNA,RIG-I/MDA5,74.59412579817847,1.2e+14,Microfluidic,7.2,290.0,Yes,0.005,Phase 2,Rare Disease,1,74.59412579817847,ClinicalTrials.gov,0.9
TRIAL-000187,LNP (Clinical),99.85578565721461,0.14116956581694226,-9.410937366748406,85.14436423317501,80.291433917543,37.00991072521976,108.83560446546139,28274.0,2.5,30.0,Rare Disease,PEG/mRNA,RIG-I/MDA5,56.2347081165584,1.2e+14,Microfluidic,7.2,290.0,Yes,0.005,Phase 4,Rare Disease,1,56.2347081165584,ClinicalTrials.gov,0.9
TRIAL-000188,LNP (Clinical),105.15157207379319,0.14599109769610916,-10.134246467578153,85.64354103018712,81.14661129539907,19.93675110238252,114.18823753709691,28274.0,2.5,30.0,COVID-19 Vaccine,PEG/mRNA,RIG-I/MDA5,40.57853716897924,1.2e+14,Microfluidic,7.2,290.0,Yes,0.005,Phase 1,COVID-19 Vaccine,0,40.57853716897924,ClinicalTrials.gov,0.9
TRIAL-000189,LNP (Clinical),90.95139320600478,0.14097236942467878,-11.896261539602573,90.92923479759446,94.52649334832172,26.705239494132243,103.21246549400416,28274.0,2.5,30.0,Rare Disease,PEG/mRNA,RIG-I/MDA5,59.97757866360763,1.2e+14,Microfluidic,7.2,290.0,Yes,0.005,Phase 1,Rare Disease,1,59.97757866360763,ClinicalTrials.gov,0.9
TRIAL-000190,LNP (Clinical),106.28121763577415,0.14575954770344118,-8.27951111954831,92.18276655053708,89.10067593172141,17.22735286195246,112.26910336548399,28274.0,2.5,30.0,Cancer Vaccine,PEG/mRNA,RIG-I/MDA5,92.8427232349378,1.2e+14,Microfluidic,7.2,290.0,Yes,0.005,Phase 3,Cancer Vaccine,1,92.8427232349378,ClinicalTrials.gov,0.9
TRIAL-000191,LNP (Clinical),97.39196995457051,0.1504552443814977,-9.658566418890238,87.80047388111669,86.34097272506092,30.51903825299413,109.21784298150527,28274.0,2.5,30.0,COVID-19 Vaccine,PEG/mRNA,RIG-I/MDA5,85.73867972036354,1.2e+14,Microfluidic,7.2,290.0,Yes,0.005,Phase 3,COVID-19 Vaccine,1,85.73867972036354,ClinicalTrials.gov,0.9
TRIAL-000192,LNP (Clinical),92.98344817007559,0.13483489339672824,-8.019790678085782,87.65240835918694,82.60978116480067,17.91102080492884,114.63894245835269,28274.0,2.5,30.0,Infectious Disease,PEG/mRNA,RIG-I/MDA5,23.85323502331048,1.2e+14,Microfluidic,7.2,290.0,Yes,0.005,Phase 3,Infectious Disease,0,23.85323502331048,ClinicalTrials.gov,0.9
TRIAL-000193,LNP (Clinical),102.26585283705357,0.11845489475322207,-11.667769943823384,93.05305543256416,81.69131868617924,35.92694757638456,114.51336274032099,28274.0,2.5,30.0,Cancer Vaccine,PEG/mRNA,RIG-I/MDA5,61.822311327014965,1.2e+14,Microfluidic,7.2,290.0,Yes,0.005,Phase 3,Cancer Vaccine,1,61.822311327014965,ClinicalTrials.gov,0.9
TRIAL-000194,LNP (Clinical),95.71884370303306,0.10063101579658448,-10.536109217068912,87.18078243297634,85.04094717637321,36.30476361726764,111.97290192309787,28274.0,2.5,30.0,Rare Disease,PEG/mRNA,RIG-I/MDA5,66.74716416116017,1.2e+14,Microfluidic,7.2,290.0,Yes,0.005,Phase 1,Rare Disease,1,66.74716416116017,ClinicalTrials.gov,0.9
TRIAL-000195,LNP (Clinical),105.31540729760783,0.15697663444326831,-10.738388927810188,90.31539203012584,89.09208240879175,31.11586961234977,102.53538202478171,28274.0,2.5,30.0,Cancer Vaccine,PEG/mRNA,RIG-I/MDA5,69.95942618180617,1.2e+14,Microfluidic,7.2,290.0,Yes,0.005,Phase 2,Cancer Vaccine,1,69.95942618180617,ClinicalTrials.gov,0.9
TRIAL-000196,LNP (Clinical),106.94233492042852,0.16783761461780458,-9.3024374674954,87.67000358530082,81.53359121037002,18.033140052267893,112.85004492607584,28274.0,2.5,30.0,Infectious Disease,PEG/mRNA,RIG-I/MDA5,11.878011496457447,1.2e+14,Microfluidic,7.2,290.0,Yes,0.005,Phase 1,Infectious Disease,0,11.878011496457447,ClinicalTrials.gov,0.9
TRIAL-000197,LNP (Clinical),103.73535713986028,0.14622213766205044,-11.612186879536207,87.24666747147171,94.95175374255629,38.29707956275472,116.73083229940698,28274.0,2.5,30.0,Cancer Vaccine,PEG/mRNA,RIG-I/MDA5,62.36473986636534,1.2e+14,Microfluidic,7.2,290.0,Yes,0.005,Phase 3,Cancer Vaccine,1,62.36473986636534,ClinicalTrials.gov,0.9
TRIAL-000198,LNP (Clinical),106.04158888400322,0.14236768317074636,-9.245096131321414,87.980305491786,86.32969463284847,16.194246743930524,102.58116513714766,28274.0,2.5,30.0,COVID-19 Vaccine,PEG/mRNA,RIG-I/MDA5,50.63889572261612,1.2e+14,Microfluidic,7.2,290.0,Yes,0.005,Phase 4,COVID-19 Vaccine,1,50.63889572261612,ClinicalTrials.gov,0.9
TRIAL-000199,LNP (Clinical),97.21248836917103,0.16024685111194875,-11.220313887516149,93.68223894474548,82.56059220213308,23.96067652370175,103.898418286741,28274.0,2.5,30.0,Rare Disease,PEG/mRNA,RIG-I/MDA5,65.46576694498994,1.2e+14,Microfluidic,7.2,290.0,Yes,0.005,Phase 3,Rare Disease,1,65.46576694498994,ClinicalTrials.gov,0.9
TRIAL-000200,LNP (Clinical),94.16703929150208,0.10605507627752056,-10.494927244471269,86.95205066715023,88.49516954063016,24.625805264052346,118.8357306349383,28274.0,2.5,30.0,Infectious Disease,PEG/mRNA,RIG-I/MDA5,71.115802206081,1.2e+14,Microfluidic,7.2,290.0,Yes,0.005,Phase 3,Infectious Disease,1,71.115802206081,ClinicalTrials.gov,0.9
TRIAL-000201,LNP (Clinical),94.77397880187394,0.11428012704658852,-8.0688922814311,95.63447122996872,80.47769646101747,32.927371510756025,100.4947306144992,28274.0,2.5,30.0,Infectious Disease,PEG/mRNA,RIG-I/MDA5,93.7716545010726,1.2e+14,Microfluidic,7.2,290.0,Yes,0.005,Phase 3,Infectious Disease,1,93.7716545010726,ClinicalTrials.gov,0.9
TRIAL-000202,LNP (Clinical),99.13237221396886,0.10959451909337271,-11.84559504223331,91.88013541061349,94.08331466349117,25.840505081965,116.92772534417196,28274.0,2.5,30.0,Infectious Disease,PEG/mRNA,RIG-I/MDA5,62.901505950700205,1.2e+14,Microfluidic,7.2,290.0,Yes,0.005,Phase 1,Infectious Disease,1,62.901505950700205,ClinicalTrials.gov,0.9
TRIAL-000203,LNP (Clinical),109.62326636735783,0.1007583781035752,-8.447158764091961,85.5002965107936,85.31350038920834,19.907697886798037,119.29522733191044,28274.0,2.5,30.0,Cancer Vaccine,PEG/mRNA,RIG-I/MDA5,54.93636454207794,1.2e+14,Microfluidic,7.2,290.0,Yes,0.005,Phase 1,Cancer Vaccine,1,54.93636454207794,ClinicalTrials.gov,0.9
TRIAL-000204,LNP (Clinical),108.95332916827712,0.14693998899471533,-9.686235018462588,86.18975389353679,81.65461433232817,27.492837752076408,115.80231929867291,28274.0,2.5,30.0,Infectious Disease,PEG/mRNA,RIG-I/MDA5,69.13863392515582,1.2e+14,Microfluidic,7.2,290.0,Yes,0.005,Phase 3,Infectious Disease,1,69.13863392515582,ClinicalTrials.gov,0.9
TRIAL-000205,LNP (Clinical),96.47553963968915,0.1552845599925176,-10.44840790296588,86.13551786676797,82.33826362702715,33.905398315357345,119.0654994068137,28274.0,2.5,30.0,Cancer Vaccine,PEG/mRNA,RIG-I/MDA5,79.82137269929024,1.2e+14,Microfluidic,7.2,290.0,Yes,0.005,Phase 3,Cancer Vaccine,1,79.82137269929024,ClinicalTrials.gov,0.9
TRIAL-000206,LNP (Clinical),109.2359938144844,0.12563009061325212,-10.940728043995929,87.93352856925709,89.10442967505949,16.386114294700082,115.40753035623075,28274.0,2.5,30.0,Rare Disease,PEG/mRNA,RIG-I/MDA5,91.12263748865621,1.2e+14,Microfluidic,7.2,290.0,Yes,0.005,Phase 2,Rare Disease,1,91.12263748865621,ClinicalTrials.gov,0.9
TRIAL-000207,LNP (Clinical),93.0782050347998,0.10761409806269494,-10.2645348025078,86.49253558949424,82.95396067038892,24.361268604180772,103.42628780946453,28274.0,2.5,30.0,Infectious Disease,PEG/mRNA,RIG-I/MDA5,89.24406882443093,1.2e+14,Microfluidic,7.2,290.0,Yes,0.005,Phase 1,Infectious Disease,1,89.24406882443093,ClinicalTrials.gov,0.9
TRIAL-000208,LNP (Clinical),102.04896849058792,0.1093371599055474,-8.686434083604645,95.84856870523994,81.5141619862335,19.488944943475204,110.13570684259645,28274.0,2.5,30.0,Cancer Vaccine,PEG/mRNA,RIG-I/MDA5,71.85495165422323,1.2e+14,Microfluidic,7.2,290.0,Yes,0.005,Phase 4,Cancer Vaccine,1,71.85495165422323,ClinicalTrials.gov,0.9
TRIAL-000209,LNP (Clinical),102.83118027241314,0.14991276231170286,-10.782144646486984,88.65528241674366,93.87807694787868,21.494070816703783,119.30308550413476,28274.0,2.5,30.0,Rare Disease,PEG/mRNA,RIG-I/MDA5,64.28798484924559,1.2e+14,Microfluidic,7.2,290.0,Yes,0.005,Phase 3,Rare Disease,1,64.28798484924559,ClinicalTrials.gov,0.9
TRIAL-000210,LNP (Clinical),90.46072934093505,0.13209865323275358,-10.964220606286315,91.29509226944946,87.44134483616416,15.661916828133188,103.20085918828431,28274.0,2.5,30.0,Cancer Vaccine,PEG/mRNA,RIG-I/MDA5,86.20440720732431,1.2e+14,Microfluidic,7.2,290.0,Yes,0.005,Phase 4,Cancer Vaccine,1,86.20440720732431,ClinicalTrials.gov,0.9
TRIAL-000211,LNP (Clinical),97.92192863602605,0.15852447329158842,-9.218462665191398,93.6323092317909,89.72708300426252,23.86709413176097,107.63791963433019,28274.0,2.5,30.0,Infectious Disease,PEG/mRNA,RIG-I/MDA5,74.55728524885873,1.2e+14,Microfluidic,7.2,290.0,Yes,0.005,Phase 1,Infectious Disease,1,74.55728524885873,ClinicalTrials.gov,0.9
TRIAL-000212,LNP (Clinical),90.67942178496176,0.1794800973835407,-9.04651945849115,89.04952744249839,82.53323173411519,25.683213169345244,104.36208970109585,28274.0,2.5,30.0,COVID-19 Vaccine,PEG/mRNA,RIG-I/MDA5,90.8754473710028,1.2e+14,Microfluidic,7.2,290.0,Yes,0.005,Phase 2,COVID-19 Vaccine,1,90.8754473710028,ClinicalTrials.gov,0.9
TRIAL-000213,LNP (Clinical),100.67639927482583,0.17662745431212332,-11.762610563785032,87.65133350341782,81.75432802085079,28.364809344894205,113.0148664090351,28274.0,2.5,30.0,Cancer Vaccine,PEG/mRNA,RIG-I/MDA5,59.61216525835671,1.2e+14,Microfluidic,7.2,290.0,Yes,0.005,Phase 1,Cancer Vaccine,1,59.61216525835671,ClinicalTrials.gov,0.9
TRIAL-000214,LNP (Clinical),94.97704931130234,0.1547544019637864,-8.128876106669756,96.86764801788127,87.26826806376982,21.25667065247146,117.83113259960406,28274.0,2.5,30.0,Infectious Disease,PEG/mRNA,RIG-I/MDA5,54.81580974508436,1.2e+14,Microfluidic,7.2,290.0,Yes,0.005,Phase 4,Infectious Disease,1,54.81580974508436,ClinicalTrials.gov,0.9
TRIAL-000215,LNP (Clinical),93.58057944147477,0.12711686504252906,-9.834582707118741,90.38378815935151,93.88113513402885,21.732389219965224,114.81095955588657,28274.0,2.5,30.0,COVID-19 Vaccine,PEG/mRNA,RIG-I/MDA5,73.08545887092357,1.2e+14,Microfluidic,7.2,290.0,Yes,0.005,Phase 1,COVID-19 Vaccine,1,73.08545887092357,ClinicalTrials.gov,0.9
TRIAL-000216,LNP (Clinical),109.59186742703227,0.15636150642546814,-8.82138781114141,89.17350587815518,81.83773690102743,18.318274916287166,110.8206695339496,28274.0,2.5,30.0,Infectious Disease,PEG/mRNA,RIG-I/MDA5,94.5577676154302,1.2e+14,Microfluidic,7.2,290.0,Yes,0.005,Phase 4,Infectious Disease,1,94.5577676154302,ClinicalTrials.gov,0.9
TRIAL-000217,LNP (Clinical),90.94669478454861,0.152548364792896,-10.866722390778257,92.25301689335043,80.92956160457581,31.757490785376945,100.66702310178201,28274.0,2.5,30.0,COVID-19 Vaccine,PEG/mRNA,RIG-I/MDA5,46.017223639632164,1.2e+14,Microfluidic,7.2,290.0,Yes,0.005,Phase 3,COVID-19 Vaccine,0,46.017223639632164,ClinicalTrials.gov,0.9
TRIAL-000218,LNP (Clinical),95.68040378245792,0.1494436713328313,-11.69256367333905,94.66427947774797,87.51826407372423,39.77119854353554,107.09882137496133,28274.0,2.5,30.0,COVID-19 Vaccine,PEG/mRNA,RIG-I/MDA5,50.931214550824244,1.2e+14,Microfluidic,7.2,290.0,Yes,0.005,Phase 3,COVID-19 Vaccine,1,50.931214550824244,ClinicalTrials.gov,0.9
TRIAL-000219,LNP (Clinical),96.70025168607384,0.13799613818019474,-10.89677004289447,88.84467076738457,85.86671272592929,39.80235596164791,117.04986303087935,28274.0,2.5,30.0,Rare Disease,PEG/mRNA,RIG-I/MDA5,60.76445407977375,1.2e+14,Microfluidic,7.2,290.0,Yes,0.005,Phase 2,Rare Disease,1,60.76445407977375,ClinicalTrials.gov,0.9
TRIAL-000220,LNP (Clinical),91.8636185647473,0.12031280615089636,-11.542162538288895,95.128319737309,90.02339461595933,31.01577115512636,116.957223369405,28274.0,2.5,30.0,COVID-19 Vaccine,PEG/mRNA,RIG-I/MDA5,88.21582267739511,1.2e+14,Microfluidic,7.2,290.0,Yes,0.005,Phase 2,COVID-19 Vaccine,1,88.21582267739511,ClinicalTrials.gov,0.9
TRIAL-000221,LNP (Clinical),92.04390009494044,0.16827210562809272,-8.168313380181777,86.82143802771171,91.40228711852716,18.336863305661648,116.82234003412246,28274.0,2.5,30.0,Infectious Disease,PEG/mRNA,RIG-I/MDA5,51.89410812002369,1.2e+14,Microfluidic,7.2,290.0,Yes,0.005,Phase 1,Infectious Disease,1,51.89410812002369,ClinicalTrials.gov,0.9
TRIAL-000222,LNP (Clinical),107.20164807557774,0.1235542756633346,-10.763031407967528,86.59322164741798,93.4261669376703,27.87980933852382,110.57480307695828,28274.0,2.5,30.0,Rare Disease,PEG/mRNA,RIG-I/MDA5,57.168992536701126,1.2e+14,Microfluidic,7.2,290.0,Yes,0.005,Phase 3,Rare Disease,1,57.168992536701126,ClinicalTrials.gov,0.9
TRIAL-000223,LNP (Clinical),101.10628387023738,0.17455125738770835,-9.310036582155833,93.63545520233244,80.96391085409402,16.08834644758719,114.21431874725734,28274.0,2.5,30.0,Infectious Disease,PEG/mRNA,RIG-I/MDA5,61.538702281196954,1.2e+14,Microfluidic,7.2,290.0,Yes,0.005,Phase 3,Infectious Disease,1,61.538702281196954,ClinicalTrials.gov,0.9
TRIAL-000224,LNP (Clinical),96.21396562462675,0.11030397392741362,-11.659453284480907,85.14229396160613,80.62659462536647,29.119775881554517,112.73420321022832,28274.0,2.5,30.0,Cancer Vaccine,PEG/mRNA,RIG-I/MDA5,21.483221092343506,1.2e+14,Microfluidic,7.2,290.0,Yes,0.005,Phase 3,Cancer Vaccine,0,21.483221092343506,ClinicalTrials.gov,0.9
TRIAL-000225,LNP (Clinical),102.27791789069434,0.14766241542999964,-10.55058220935485,92.5409135670657,90.63517921598441,35.612847327516874,101.87502219046368,28274.0,2.5,30.0,Rare Disease,PEG/mRNA,RIG-I/MDA5,74.55539509235196,1.2e+14,Microfluidic,7.2,290.0,Yes,0.005,Phase 2,Rare Disease,1,74.55539509235196,ClinicalTrials.gov,0.9
TRIAL-000226,LNP (Clinical),100.48262939971494,0.15836850671640548,-9.598577181665442,85.08418984678201,87.5225802841932,22.313452232161495,109.25449750862252,28274.0,2.5,30.0,Rare Disease,PEG/mRNA,RIG-I/MDA5,80.80968817772148,1.2e+14,Microfluidic,7.2,290.0,Yes,0.005,Phase 1,Rare Disease,1,80.80968817772148,ClinicalTrials.gov,0.9
TRIAL-000227,LNP (Clinical),99.22644974230805,0.17126615579702012,-9.8642355254092,93.25573398975385,85.88641841853313,24.54392227243871,119.23462599497884,28274.0,2.5,30.0,Rare Disease,PEG/mRNA,RIG-I/MDA5,69.63300054543926,1.2e+14,Microfluidic,7.2,290.0,Yes,0.005,Phase 3,Rare Disease,1,69.63300054543926,ClinicalTrials.gov,0.9
TRIAL-000228,LNP (Clinical),101.63138937849382,0.10284056765588487,-11.553878858388366,95.88563928603898,85.94085920830263,35.95730231980557,101.20420325666355,28274.0,2.5,30.0,Infectious Disease,PEG/mRNA,RIG-I/MDA5,91.46518930660947,1.2e+14,Microfluidic,7.2,290.0,Yes,0.005,Phase 1,Infectious Disease,1,91.46518930660947,ClinicalTrials.gov,0.9
TRIAL-000229,LNP (Clinical),105.1780228276836,0.15326453713317034,-11.68659053571363,88.12788151020779,80.76216026206029,18.37494434425582,101.86002824465483,28274.0,2.5,30.0,Rare Disease,PEG/mRNA,RIG-I/MDA5,75.18722894496132,1.2e+14,Microfluidic,7.2,290.0,Yes,0.005,Phase 1,Rare Disease,1,75.18722894496132,ClinicalTrials.gov,0.9
TRIAL-000230,LNP (Clinical),99.57617512520227,0.11611469162346212,-8.903953343798193,96.43962426312055,93.36937800432047,33.9296791631875,103.38684293184096,28274.0,2.5,30.0,Rare Disease,PEG/mRNA,RIG-I/MDA5,73.08247977629071,1.2e+14,Microfluidic,7.2,290.0,Yes,0.005,Phase 3,Rare Disease,1,73.08247977629071,ClinicalTrials.gov,0.9
TRIAL-000231,LNP (Clinical),96.6787140014686,0.10050882287617477,-10.590259522760393,93.40043830364604,84.48062301196995,18.03433079409783,100.48656752723203,28274.0,2.5,30.0,Infectious Disease,PEG/mRNA,RIG-I/MDA5,94.84575824139424,1.2e+14,Microfluidic,7.2,290.0,Yes,0.005,Phase 4,Infectious Disease,1,94.84575824139424,ClinicalTrials.gov,0.9
TRIAL-000232,LNP (Clinical),90.46158984520115,0.13251819298024864,-10.197301931143157,85.16862444068154,91.64115253936842,35.26346403016252,108.62389318369945,28274.0,2.5,30.0,Cancer Vaccine,PEG/mRNA,RIG-I/MDA5,92.23553583066513,1.2e+14,Microfluidic,7.2,290.0,Yes,0.005,Phase 2,Cancer Vaccine,1,92.23553583066513,ClinicalTrials.gov,0.9
TRIAL-000233,LNP (Clinical),101.88180666950333,0.17232286131569519,-8.199227368608453,87.61650988979632,88.5021292875619,16.620626072469662,117.20327681121543,28274.0,2.5,30.0,Rare Disease,PEG/mRNA,RIG-I/MDA5,57.450943851766276,1.2e+14,Microfluidic,7.2,290.0,Yes,0.005,Phase 3,Rare Disease,1,57.450943851766276,ClinicalTrials.gov,0.9
TRIAL-000234,LNP (Clinical),103.1847300907371,0.12877418249478628,-10.120692797907608,91.77880752834413,90.50970849377826,27.883409164504783,109.96327839440143,28274.0,2.5,30.0,Cancer Vaccine,PEG/mRNA,RIG-I/MDA5,60.39927634513143,1.2e+14,Microfluidic,7.2,290.0,Yes,0.005,Phase 1,Cancer Vaccine,1,60.39927634513143,ClinicalTrials.gov,0.9
TRIAL-000235,LNP (Clinical),103.26896733365518,0.1641528220149061,-8.849677810286607,87.84378531661473,85.35354449717569,25.51119404569772,115.42507689520154,28274.0,2.5,30.0,Rare Disease,PEG/mRNA,RIG-I/MDA5,54.155609991978565,1.2e+14,Microfluidic,7.2,290.0,Yes,0.005,Phase 2,Rare Disease,1,54.155609991978565,ClinicalTrials.gov,0.9
TRIAL-000236,LNP (Clinical),107.24782199744199,0.12062509132954989,-9.817891008823814,90.9965286738439,86.56334813123405,30.93309113930537,102.40259507815198,28274.0,2.5,30.0,Infectious Disease,PEG/mRNA,RIG-I/MDA5,50.69754871800244,1.2e+14,Microfluidic,7.2,290.0,Yes,0.005,Phase 4,Infectious Disease,1,50.69754871800244,ClinicalTrials.gov,0.9
TRIAL-000237,LNP (Clinical),107.2770713546114,0.1723192822313259,-8.204454476362752,95.87371427983773,84.68390701060723,20.833908985778322,101.21223769516408,28274.0,2.5,30.0,Infectious Disease,PEG/mRNA,RIG-I/MDA5,92.12507558519044,1.2e+14,Microfluidic,7.2,290.0,Yes,0.005,Phase 1,Infectious Disease,1,92.12507558519044,ClinicalTrials.gov,0.9
TRIAL-000238,LNP (Clinical),108.22340590383168,0.11623398789061752,-9.84001022491969,92.02451337752241,90.39328195480034,37.81143268375456,119.97494064453349,28274.0,2.5,30.0,Infectious Disease,PEG/mRNA,RIG-I/MDA5,53.22702919774949,1.2e+14,Microfluidic,7.2,290.0,Yes,0.005,Phase 3,Infectious Disease,1,53.22702919774949,ClinicalTrials.gov,0.9
TRIAL-000239,LNP (Clinical),101.113656715431,0.12867615532736776,-8.017262035621876,91.43226181588963,85.97439250837388,15.513254452754556,110.78781398537961,28274.0,2.5,30.0,Rare Disease,PEG/mRNA,RIG-I/MDA5,94.47602569666603,1.2e+14,Microfluidic,7.2,290.0,Yes,0.005,Phase 2,Rare Disease,1,94.47602569666603,ClinicalTrials.gov,0.9
TRIAL-000240,LNP (Clinical),107.20169897560754,0.1345455029963829,-9.816602534896967,95.3739060577563,88.59607289557465,19.145404822767954,113.61252446509855,28274.0,2.5,30.0,Infectious Disease,PEG/mRNA,RIG-I/MDA5,60.351677151290204,1.2e+14,Microfluidic,7.2,290.0,Yes,0.005,Phase 3,Infectious Disease,1,60.351677151290204,ClinicalTrials.gov,0.9
TRIAL-000241,LNP (Clinical),96.80284615686917,0.1254597112134245,-11.437483922161107,96.85991262061737,80.1212248568198,20.96513528868197,109.20112782562221,28274.0,2.5,30.0,Infectious Disease,PEG/mRNA,RIG-I/MDA5,13.564515756057922,1.2e+14,Microfluidic,7.2,290.0,Yes,0.005,Phase 3,Infectious Disease,0,13.564515756057922,ClinicalTrials.gov,0.9
TRIAL-000242,LNP (Clinical),93.93791879107434,0.1606348521889875,-10.571832685654089,94.59838579709647,93.71155806408652,28.937000318619255,112.54192607137534,28274.0,2.5,30.0,Cancer Vaccine,PEG/mRNA,RIG-I/MDA5,48.55132961246773,1.2e+14,Microfluidic,7.2,290.0,Yes,0.005,Phase 4,Cancer Vaccine,0,48.55132961246773,ClinicalTrials.gov,0.9
TRIAL-000243,LNP (Clinical),100.21725113512481,0.15734514109230946,-11.896799269557945,94.90824468412481,85.54180656586172,37.5477507850937,117.8641194566394,28274.0,2.5,30.0,Infectious Disease,PEG/mRNA,RIG-I/MDA5,69.09343976228138,1.2e+14,Microfluidic,7.2,290.0,Yes,0.005,Phase 1,Infectious Disease,1,69.09343976228138,ClinicalTrials.gov,0.9
TRIAL-000244,LNP (Clinical),108.26730260004986,0.12601826588248305,-10.641293055122576,91.77338054507032,88.74757246673855,22.216675013125048,106.76289460422886,28274.0,2.5,30.0,COVID-19 Vaccine,PEG/mRNA,RIG-I/MDA5,60.3718489972162,1.2e+14,Microfluidic,7.2,290.0,Yes,0.005,Phase 3,COVID-19 Vaccine,1,60.3718489972162,ClinicalTrials.gov,0.9
TRIAL-000245,LNP (Clinical),95.68462607703574,0.11788182373890527,-10.204619234167449,89.4283767981819,86.77921681417953,15.069717826219332,107.75128603914027,28274.0,2.5,30.0,Rare Disease,PEG/mRNA,RIG-I/MDA5,67.59597581224018,1.2e+14,Microfluidic,7.2,290.0,Yes,0.005,Phase 1,Rare Disease,1,67.59597581224018,ClinicalTrials.gov,0.9
TRIAL-000246,LNP (Clinical),101.01926198268012,0.13486715779156822,-8.477682914682758,89.18787336940294,80.56649698508437,20.842282790660253,119.5140075788157,28274.0,2.5,30.0,COVID-19 Vaccine,PEG/mRNA,RIG-I/MDA5,31.53895965362497,1.2e+14,Microfluidic,7.2,290.0,Yes,0.005,Phase 3,COVID-19 Vaccine,0,31.53895965362497,ClinicalTrials.gov,0.9
TRIAL-000247,LNP (Clinical),109.64848200258746,0.10542752863528815,-11.691698110407836,95.33516571626151,85.4745378166166,18.834007268861615,103.42397240284555,28274.0,2.5,30.0,COVID-19 Vaccine,PEG/mRNA,RIG-I/MDA5,53.630097588911724,1.2e+14,Microfluidic,7.2,290.0,Yes,0.005,Phase 1,COVID-19 Vaccine,1,53.630097588911724,ClinicalTrials.gov,0.9
TRIAL-000248,LNP (Clinical),101.76791874290451,0.12473518214898345,-9.968808556311867,93.40421113223321,80.97755558847423,27.966729565089942,119.88417638721428,28274.0,2.5,30.0,Rare Disease,PEG/mRNA,RIG-I/MDA5,27.628048929037206,1.2e+14,Microfluidic,7.2,290.0,Yes,0.005,Phase 3,Rare Disease,0,27.628048929037206,ClinicalTrials.gov,0.9
TRIAL-000249,LNP (Clinical),98.86610225353222,0.11841530002746879,-11.740481781055394,90.54528006255566,91.1274259814697,22.314123237058745,101.75442347017258,28274.0,2.5,30.0,Rare Disease,PEG/mRNA,RIG-I/MDA5,71.11202965685905,1.2e+14,Microfluidic,7.2,290.0,Yes,0.005,Phase 4,Rare Disease,1,71.11202965685905,ClinicalTrials.gov,0.9
TRIAL-000250,LNP (Clinical),92.42469339754626,0.17812771392985527,-11.784863247274938,95.82695046941625,84.45941161430632,16.293802893528785,101.86192008268537,28274.0,2.5,30.0,COVID-19 Vaccine,PEG/mRNA,RIG-I/MDA5,93.61321217292151,1.2e+14,Microfluidic,7.2,290.0,Yes,0.005,Phase 3,COVID-19 Vaccine,1,93.61321217292151,ClinicalTrials.gov,0.9
