Batch_ID,Material,Size_nm,PDI,Charge_mV,Encapsulation_%,Stability_%,Toxicity_%,Hydrodynamic_Size_nm,Surface_Area_nm2,Pore_Size_nm,Degradation_Time_days,Target_Cells,Ligand,Receptor,Delivery_Efficiency_%,Particle_Concentration_per_mL,Preparation_Method,pH,Osmolality_mOsm,Sterility_Pass,Endotoxin_EU_mL,Molecular_Weight,Source,Confidence
LIPID-Ioniz-0001,Lipid: Ionizable Lipid 1,50.0,0.20290851392100157,-10.739092752059054,72.75014076128961,82.9088180323832,32.58634067328245,57.49999999999999,7853.981633974483,2.0,28.939252689855742,Membrane targeting,Ionizable Lipid 1,Lipid receptor,89.79140884843699,6.60e+13,Lipid synthesis,7.0,290.0,Yes,0.001,100,ChemSpider,0.85
LIPID-Ioniz-0002,Lipid: Ionizable Lipid 1,50.0,0.16090738666973958,-13.16281508122223,64.22118636860894,84.73009556231129,21.265110143683906,57.49999999999999,7853.981633974483,2.0,20.516245313013165,Membrane targeting,Ionizable Lipid 1,Lipid receptor,60.361357998201214,1.43e+13,Lipid synthesis,7.0,290.0,Yes,0.001,100,ChemSpider,0.85
LIPID-Ioniz-0003,Lipid: Ionizable Lipid 1,50.0,0.2427850395065536,6.981757521117451,75.43195244512331,72.50376184945996,24.047051886139947,57.49999999999999,7853.981633974483,2.0,10.864019186243869,Membrane targeting,Ionizable Lipid 1,Lipid receptor,62.86493082171012,8.49e+13,Lipid synthesis,7.0,290.0,Yes,0.001,100,ChemSpider,0.85
LIPID-Ioniz-0004,Lipid: Ionizable Lipid 1,50.0,0.216447185745694,-16.411245815940834,93.81790140487365,86.49193891618643,31.70988869402278,57.49999999999999,7853.981633974483,2.0,64.96816843443796,Membrane targeting,Ionizable Lipid 1,Lipid receptor,68.56348439535448,3.35e+13,Lipid synthesis,7.0,290.0,Yes,0.001,100,ChemSpider,0.85
LIPID-Ioniz-0005,Lipid: Ionizable Lipid 1,50.0,0.20513156920190045,0.6415163523158895,81.75267356946966,70.0140825812235,36.165773319539895,57.49999999999999,7853.981633974483,2.0,79.01494133411796,Membrane targeting,Ionizable Lipid 1,Lipid receptor,88.76766412954264,1.87e+13,Lipid synthesis,7.0,290.0,Yes,0.001,100,ChemSpider,0.85
LIPID-Ioniz-0006,Lipid: Ionizable Lipid 1,50.0,0.24831316382439272,-22.03946936680592,73.22138769134648,85.4663295423223,24.892052353109335,57.49999999999999,7853.981633974483,2.0,55.334141452628444,Membrane targeting,Ionizable Lipid 1,Lipid receptor,75.67504633192517,4.98e+13,Lipid synthesis,7.0,290.0,Yes,0.001,100,ChemSpider,0.85
LIPID-Ioniz-0007,Lipid: Ionizable Lipid 1,50.0,0.09552073331146665,-29.657941277318084,83.21523311787251,93.56125057255063,20.742577105901997,57.49999999999999,7853.981633974483,2.0,63.49711030485068,Membrane targeting,Ionizable Lipid 1,Lipid receptor,67.27354815489655,1.72e+13,Lipid synthesis,7.0,290.0,Yes,0.001,100,ChemSpider,0.85
LIPID-Ioniz-0008,Lipid: Ionizable Lipid 1,50.0,0.08314213282385662,-9.427628610700523,79.0161466364631,71.83031749540451,44.793446344287055,57.49999999999999,7853.981633974483,2.0,88.93506007438117,Membrane targeting,Ionizable Lipid 1,Lipid receptor,88.46806019852625,7.26e+13,Lipid synthesis,7.0,290.0,Yes,0.001,100,ChemSpider,0.85
LIPID-Ioniz-0009,Lipid: Ionizable Lipid 1,50.0,0.1714003822378629,-12.012161076694873,85.58676250425977,81.90275762174954,42.690626184487755,57.49999999999999,7853.981633974483,2.0,61.473293727518026,Membrane targeting,Ionizable Lipid 1,Lipid receptor,84.34720865075877,3.20e+13,Lipid synthesis,7.0,290.0,Yes,0.001,100,ChemSpider,0.85
LIPID-Ioniz-0010,Lipid: Ionizable Lipid 1,50.0,0.11661319552782608,14.811144938165988,64.24668741366318,78.42040489779852,21.57254228508169,57.49999999999999,7853.981633974483,2.0,82.39126196711865,Membrane targeting,Ionizable Lipid 1,Lipid receptor,70.0634963638738,6.73e+13,Lipid synthesis,7.0,290.0,Yes,0.001,100,ChemSpider,0.85
LIPID-Ioniz-0011,Lipid: Ionizable Lipid 1,50.0,0.11251423023638243,-4.982013636846485,75.29788747157907,74.81562605526338,47.82916617920432,57.49999999999999,7853.981633974483,2.0,67.53615448909898,Membrane targeting,Ionizable Lipid 1,Lipid receptor,86.5978258818192,5.02e+13,Lipid synthesis,7.0,290.0,Yes,0.001,100,ChemSpider,0.85
LIPID-Ioniz-0012,Lipid: Ionizable Lipid 1,50.0,0.15980663612183238,-3.01266501781582,90.90914998526668,90.11549331807484,16.58304145969469,57.49999999999999,7853.981633974483,2.0,71.24726148397525,Membrane targeting,Ionizable Lipid 1,Lipid receptor,76.2005856212939,5.06e+13,Lipid synthesis,7.0,290.0,Yes,0.001,100,ChemSpider,0.85
LIPID-Ioniz-0013,Lipid: Ionizable Lipid 1,50.0,0.23431132916958092,-23.02147948600478,88.57551442065943,93.28134645591618,27.376457679324012,57.49999999999999,7853.981633974483,2.0,23.977416670816982,Membrane targeting,Ionizable Lipid 1,Lipid receptor,86.52181339696453,9.02e+13,Lipid synthesis,7.0,290.0,Yes,0.001,100,ChemSpider,0.85
LIPID-Ioniz-0014,Lipid: Ionizable Lipid 1,50.0,0.18616940214705766,-27.191272992381418,84.23876622636348,71.45623519702764,31.876926446015243,57.49999999999999,7853.981633974483,2.0,49.04765572593239,Membrane targeting,Ionizable Lipid 1,Lipid receptor,68.51351527889861,9.14e+13,Lipid synthesis,7.0,290.0,Yes,0.001,100,ChemSpider,0.85
LIPID-Ioniz-0015,Lipid: Ionizable Lipid 1,50.0,0.20949209354359194,-21.544524392861724,85.20367675356283,87.72982901369053,16.72432379968288,57.49999999999999,7853.981633974483,2.0,23.5899282196603,Membrane targeting,Ionizable Lipid 1,Lipid receptor,74.47610565553626,8.66e+13,Lipid synthesis,7.0,290.0,Yes,0.001,100,ChemSpider,0.85
LIPID-Ioniz-0016,Lipid: Ionizable Lipid 1,50.0,0.24752154016999162,-21.188502396088126,62.865595833187214,76.88997341980966,24.621858034651463,57.49999999999999,7853.981633974483,2.0,34.14472458763693,Membrane targeting,Ionizable Lipid 1,Lipid receptor,62.812316406834206,5.00e+13,Lipid synthesis,7.0,290.0,Yes,0.001,100,ChemSpider,0.85
LIPID-Ioniz-0017,Lipid: Ionizable Lipid 1,50.0,0.2063343155468414,-16.455417917681174,92.32070586122592,86.22607728350754,49.16386426154746,57.49999999999999,7853.981633974483,2.0,58.62904105243069,Membrane targeting,Ionizable Lipid 1,Lipid receptor,71.08097632489707,7.74e+13,Lipid synthesis,7.0,290.0,Yes,0.001,100,ChemSpider,0.85
LIPID-Ioniz-0018,Lipid: Ionizable Lipid 1,50.0,0.20955243936143636,-16.316104033712506,85.57119894158089,92.64703627613842,30.42890722179405,57.49999999999999,7853.981633974483,2.0,46.85610945741915,Membrane targeting,Ionizable Lipid 1,Lipid receptor,78.55009863029227,4.87e+13,Lipid synthesis,7.0,290.0,Yes,0.001,100,ChemSpider,0.85
LIPID-Ioniz-0019,Lipid: Ionizable Lipid 1,50.0,0.16185899378464041,-1.267691898169339,60.32693858694336,81.49005632387463,28.197010236068266,57.49999999999999,7853.981633974483,2.0,27.163968866378447,Membrane targeting,Ionizable Lipid 1,Lipid receptor,88.27741277661062,7.00e+13,Lipid synthesis,7.0,290.0,Yes,0.001,100,ChemSpider,0.85
LIPID-Ioniz-0020,Lipid: Ionizable Lipid 1,50.0,0.11891982349588533,-21.49118801921138,87.98215898599219,82.93488280856896,21.995778822614973,57.49999999999999,7853.981633974483,2.0,83.26094549816247,Membrane targeting,Ionizable Lipid 1,Lipid receptor,69.42531912883581,3.45e+13,Lipid synthesis,7.0,290.0,Yes,0.001,100,ChemSpider,0.85
LIPID-Ioniz-0021,Lipid: Ionizable Lipid 1,50.0,0.1490183015640148,-6.148968636008714,86.24766538135209,89.06422932026905,39.56282056904988,57.49999999999999,7853.981633974483,2.0,54.05445443876181,Membrane targeting,Ionizable Lipid 1,Lipid receptor,71.7183493521555,6.63e+13,Lipid synthesis,7.0,290.0,Yes,0.001,100,ChemSpider,0.85
LIPID-Ioniz-0022,Lipid: Ionizable Lipid 1,50.0,0.2176944319813724,-27.739993072880743,60.438417692076136,73.30518856253951,38.84805593882739,57.49999999999999,7853.981633974483,2.0,34.42334061192449,Membrane targeting,Ionizable Lipid 1,Lipid receptor,55.28675822591632,5.50e+13,Lipid synthesis,7.0,290.0,Yes,0.001,100,ChemSpider,0.85
LIPID-Ioniz-0023,Lipid: Ionizable Lipid 1,50.0,0.200633827366428,-28.394610259891707,80.25488435193556,84.90293670494654,42.20085902947632,57.49999999999999,7853.981633974483,2.0,88.43814963872306,Membrane targeting,Ionizable Lipid 1,Lipid receptor,54.289518637372026,1.40e+13,Lipid synthesis,7.0,290.0,Yes,0.001,100,ChemSpider,0.85
LIPID-Ioniz-0024,Lipid: Ionizable Lipid 1,50.0,0.09689460520292721,-1.263787231269994,71.40111318905278,80.27619770936093,47.0485867457833,57.49999999999999,7853.981633974483,2.0,58.186308309187126,Membrane targeting,Ionizable Lipid 1,Lipid receptor,69.9025224559163,6.55e+13,Lipid synthesis,7.0,290.0,Yes,0.001,100,ChemSpider,0.85
LIPID-Ioniz-0025,Lipid: Ionizable Lipid 1,50.0,0.19476594787258478,-23.32754770462565,87.71351936556172,91.28077481225418,29.053517264190575,57.49999999999999,7853.981633974483,2.0,85.54313375327023,Membrane targeting,Ionizable Lipid 1,Lipid receptor,78.07691519702388,1.51e+13,Lipid synthesis,7.0,290.0,Yes,0.001,100,ChemSpider,0.85
LIPID-Ioniz-0026,Lipid: Ionizable Lipid 1,50.0,0.1763841003060861,16.550138338830855,90.20080178606621,82.52767550508365,10.22871978989636,57.49999999999999,7853.981633974483,2.0,29.459059877803938,Membrane targeting,Ionizable Lipid 1,Lipid receptor,85.39277830668345,4.22e+13,Lipid synthesis,7.0,290.0,Yes,0.001,100,ChemSpider,0.85
LIPID-Ioniz-0027,Lipid: Ionizable Lipid 1,50.0,0.09345696086302539,17.848439628112352,92.10735895530632,82.70164687490318,41.57278329960903,57.49999999999999,7853.981633974483,2.0,25.98061544359872,Membrane targeting,Ionizable Lipid 1,Lipid receptor,60.42883810093231,2.29e+13,Lipid synthesis,7.0,290.0,Yes,0.001,100,ChemSpider,0.85
LIPID-Ioniz-0028,Lipid: Ionizable Lipid 1,50.0,0.13244603980754652,17.501892853071368,87.22657865519184,70.99606361032416,46.03820263433728,57.49999999999999,7853.981633974483,2.0,77.62695761294594,Membrane targeting,Ionizable Lipid 1,Lipid receptor,60.432393887831836,2.53e+13,Lipid synthesis,7.0,290.0,Yes,0.001,100,ChemSpider,0.85
LIPID-Ioniz-0029,Lipid: Ionizable Lipid 1,50.0,0.10579656538933428,15.257242226479228,89.23855086767001,92.25644752138102,21.234563672830262,57.49999999999999,7853.981633974483,2.0,60.21749912335625,Membrane targeting,Ionizable Lipid 1,Lipid receptor,57.34983054046984,1.35e+13,Lipid synthesis,7.0,290.0,Yes,0.001,100,ChemSpider,0.85
LIPID-Ioniz-0030,Lipid: Ionizable Lipid 1,50.0,0.16392449088341005,-13.156807441359419,84.76961157129927,87.32852105567042,42.28162800969266,57.49999999999999,7853.981633974483,2.0,79.53982012593588,Membrane targeting,Ionizable Lipid 1,Lipid receptor,61.72344542513055,7.12e+13,Lipid synthesis,7.0,290.0,Yes,0.001,100,ChemSpider,0.85
LIPID-Ioniz-0031,Lipid: Ionizable Lipid 1,50.0,0.1989974531444969,-25.452798664465394,67.75346277526101,87.12675208809931,37.70429023758826,57.49999999999999,7853.981633974483,2.0,53.611211262921266,Membrane targeting,Ionizable Lipid 1,Lipid receptor,53.72634391059482,4.63e+13,Lipid synthesis,7.0,290.0,Yes,0.001,100,ChemSpider,0.85
LIPID-Ioniz-0032,Lipid: Ionizable Lipid 1,50.0,0.08469831917439975,2.670096316868616,83.9556036609952,85.74821417570827,18.46951085932424,57.49999999999999,7853.981633974483,2.0,33.755092954220586,Membrane targeting,Ionizable Lipid 1,Lipid receptor,88.94162215040609,5.71e+13,Lipid synthesis,7.0,290.0,Yes,0.001,100,ChemSpider,0.85
LIPID-Ioniz-0033,Lipid: Ionizable Lipid 1,50.0,0.1070391806504387,-19.808042561903527,63.24288125847226,70.9517268048317,36.67535202956849,57.49999999999999,7853.981633974483,2.0,77.96059406639608,Membrane targeting,Ionizable Lipid 1,Lipid receptor,86.12682992190985,4.89e+13,Lipid synthesis,7.0,290.0,Yes,0.001,100,ChemSpider,0.85
LIPID-Ioniz-0034,Lipid: Ionizable Lipid 1,50.0,0.24438279998911022,-3.535532561994348,90.93620348594646,74.95079450167698,47.214710571295825,57.49999999999999,7853.981633974483,2.0,78.71980174689811,Membrane targeting,Ionizable Lipid 1,Lipid receptor,59.04370109255793,6.75e+13,Lipid synthesis,7.0,290.0,Yes,0.001,100,ChemSpider,0.85
LIPID-Ioniz-0035,Lipid: Ionizable Lipid 1,50.0,0.11447768225468574,-11.670718916005729,91.18989805722896,93.87156933866794,37.83185776595687,57.49999999999999,7853.981633974483,2.0,55.65092993073213,Membrane targeting,Ionizable Lipid 1,Lipid receptor,77.81622423579954,5.27e+13,Lipid synthesis,7.0,290.0,Yes,0.001,100,ChemSpider,0.85
LIPID-Ioniz-0036,Lipid: Ionizable Lipid 1,50.0,0.1579741924001466,-22.07965271673006,63.67376175773538,93.12131393683737,39.49935447491508,57.49999999999999,7853.981633974483,2.0,67.50053358175214,Membrane targeting,Ionizable Lipid 1,Lipid receptor,59.329207525548405,1.45e+13,Lipid synthesis,7.0,290.0,Yes,0.001,100,ChemSpider,0.85
LIPID-Ioniz-0037,Lipid: Ionizable Lipid 1,50.0,0.08774776476237772,-3.496357136950685,84.3293540794852,76.36415396921966,19.926167693917872,57.49999999999999,7853.981633974483,2.0,74.71036794578053,Membrane targeting,Ionizable Lipid 1,Lipid receptor,64.11250004815477,2.87e+13,Lipid synthesis,7.0,290.0,Yes,0.001,100,ChemSpider,0.85
LIPID-Ioniz-0038,Lipid: Ionizable Lipid 1,50.0,0.2206701595995486,-11.662979479851096,65.4835279611423,81.16407959196845,48.206164348122144,57.49999999999999,7853.981633974483,2.0,66.87388014849323,Membrane targeting,Ionizable Lipid 1,Lipid receptor,89.20423204753357,9.68e+13,Lipid synthesis,7.0,290.0,Yes,0.001,100,ChemSpider,0.85
LIPID-Ioniz-0039,Lipid: Ionizable Lipid 1,50.0,0.21871980745583558,-13.368858283629589,78.79426040785692,90.31877189598445,35.259257989692045,57.49999999999999,7853.981633974483,2.0,33.91335273612823,Membrane targeting,Ionizable Lipid 1,Lipid receptor,60.79722427443915,8.20e+13,Lipid synthesis,7.0,290.0,Yes,0.001,100,ChemSpider,0.85
LIPID-Ioniz-0040,Lipid: Ionizable Lipid 1,50.0,0.12142299732222711,-27.39083435526593,61.43421229826368,86.55219775082215,20.276184449756162,57.49999999999999,7853.981633974483,2.0,83.52056531825637,Membrane targeting,Ionizable Lipid 1,Lipid receptor,56.3222651864033,3.08e+13,Lipid synthesis,7.0,290.0,Yes,0.001,100,ChemSpider,0.85
LIPID-Ioniz-0041,Lipid: Ionizable Lipid 1,50.0,0.21995856193994645,-1.801944330773349,86.92268153612771,75.9616998465923,49.72113883980669,57.49999999999999,7853.981633974483,2.0,36.987456055059084,Membrane targeting,Ionizable Lipid 1,Lipid receptor,76.89491599575315,5.99e+13,Lipid synthesis,7.0,290.0,Yes,0.001,100,ChemSpider,0.85
LIPID-Ioniz-0042,Lipid: Ionizable Lipid 1,50.0,0.20732809192764523,-7.748029586433493,69.81031961690229,90.75200056137851,22.380372914583347,57.49999999999999,7853.981633974483,2.0,43.97125512728591,Membrane targeting,Ionizable Lipid 1,Lipid receptor,65.03852650004117,3.08e+13,Lipid synthesis,7.0,290.0,Yes,0.001,100,ChemSpider,0.85
LIPID-Ioniz-0043,Lipid: Ionizable Lipid 1,50.0,0.2443303910006729,10.42637060263337,63.79478356612593,92.00633593210226,12.867536950462606,57.49999999999999,7853.981633974483,2.0,7.920212872636993,Membrane targeting,Ionizable Lipid 1,Lipid receptor,84.00465762749904,3.56e+13,Lipid synthesis,7.0,290.0,Yes,0.001,100,ChemSpider,0.85
LIPID-Ioniz-0044,Lipid: Ionizable Lipid 1,50.0,0.10791334623608378,-0.6856112908022034,85.04413033464664,70.5158708149349,32.52402768467024,57.49999999999999,7853.981633974483,2.0,78.14899065627225,Membrane targeting,Ionizable Lipid 1,Lipid receptor,67.73348863069813,7.58e+13,Lipid synthesis,7.0,290.0,Yes,0.001,100,ChemSpider,0.85
LIPID-Ioniz-0045,Lipid: Ionizable Lipid 1,50.0,0.16323769631948998,12.221690882055448,76.89487590178935,76.5352185823417,34.66120967523937,57.49999999999999,7853.981633974483,2.0,32.84955907828562,Membrane targeting,Ionizable Lipid 1,Lipid receptor,81.11971654326481,4.65e+13,Lipid synthesis,7.0,290.0,Yes,0.001,100,ChemSpider,0.85
LIPID-Ioniz-0046,Lipid: Ionizable Lipid 1,50.0,0.23226360442120192,19.295784317079658,80.97436903901806,89.73789308186643,19.552294165248266,57.49999999999999,7853.981633974483,2.0,61.74828965996793,Membrane targeting,Ionizable Lipid 1,Lipid receptor,59.22712699713608,4.89e+13,Lipid synthesis,7.0,290.0,Yes,0.001,100,ChemSpider,0.85
LIPID-Ioniz-0047,Lipid: Ionizable Lipid 1,50.0,0.13406197732277214,1.709029699391973,72.39114296022257,86.78200585442585,26.06042059629111,57.49999999999999,7853.981633974483,2.0,9.357449735198673,Membrane targeting,Ionizable Lipid 1,Lipid receptor,83.63045969902174,3.68e+13,Lipid synthesis,7.0,290.0,Yes,0.001,100,ChemSpider,0.85
LIPID-Ioniz-0048,Lipid: Ionizable Lipid 1,50.0,0.23806941915695545,-13.174726364353972,87.08784313732892,77.36391650083708,14.14965841954575,57.49999999999999,7853.981633974483,2.0,24.663276294856637,Membrane targeting,Ionizable Lipid 1,Lipid receptor,62.244546040264694,7.12e+13,Lipid synthesis,7.0,290.0,Yes,0.001,100,ChemSpider,0.85
LIPID-Ioniz-0049,Lipid: Ionizable Lipid 1,50.0,0.20363039996123905,-21.332622298447152,92.02726299600687,94.19741043076073,43.923746890244736,57.49999999999999,7853.981633974483,2.0,13.30856494401679,Membrane targeting,Ionizable Lipid 1,Lipid receptor,60.682936248974315,5.20e+13,Lipid synthesis,7.0,290.0,Yes,0.001,100,ChemSpider,0.85
LIPID-Ioniz-0050,Lipid: Ionizable Lipid 1,50.0,0.16503222396514022,13.021946946579249,84.37503863766113,84.99167538818048,34.28824202764702,57.49999999999999,7853.981633974483,2.0,16.90611434540063,Membrane targeting,Ionizable Lipid 1,Lipid receptor,81.56046795622578,3.98e+13,Lipid synthesis,7.0,290.0,Yes,0.001,100,ChemSpider,0.85
LIPID-PEG20-0001,Lipid: PEG2000-Lipid,75.0,0.1193758926335304,-25.813725605253026,91.43869357106942,79.01186717026924,35.16745923168941,86.25,17671.458676442588,2.0,57.498008974475276,Membrane targeting,PEG2000-Lipid,Lipid receptor,70.12155661358571,1.12e+13,Lipid synthesis,7.0,290.0,Yes,0.001,150,ChemSpider,0.85
LIPID-PEG20-0002,Lipid: PEG2000-Lipid,75.0,0.1977255010407712,-21.52190639130861,63.67611309575918,70.38922243928111,17.321339055730228,86.25,17671.458676442588,2.0,81.23521701889521,Membrane targeting,PEG2000-Lipid,Lipid receptor,66.03533544258978,1.80e+13,Lipid synthesis,7.0,290.0,Yes,0.001,150,ChemSpider,0.85
LIPID-PEG20-0003,Lipid: PEG2000-Lipid,75.0,0.10340488903696578,-16.233402234461153,62.056175429306194,85.4120237707712,15.287685243295801,86.25,17671.458676442588,2.0,47.83324083344785,Membrane targeting,PEG2000-Lipid,Lipid receptor,76.0456323963293,8.42e+13,Lipid synthesis,7.0,290.0,Yes,0.001,150,ChemSpider,0.85
LIPID-PEG20-0004,Lipid: PEG2000-Lipid,75.0,0.23874256306582314,-3.4360192294671847,92.06021846900165,74.71963988739887,23.625849652231704,86.25,17671.458676442588,2.0,80.48922849604948,Membrane targeting,PEG2000-Lipid,Lipid receptor,55.86229484214393,3.97e+13,Lipid synthesis,7.0,290.0,Yes,0.001,150,ChemSpider,0.85
LIPID-PEG20-0005,Lipid: PEG2000-Lipid,75.0,0.18998610535022697,-28.862515002249076,60.84482688857921,71.690214803468,24.225988293903313,86.25,17671.458676442588,2.0,48.18139900642728,Membrane targeting,PEG2000-Lipid,Lipid receptor,82.40913854988644,9.91e+13,Lipid synthesis,7.0,290.0,Yes,0.001,150,ChemSpider,0.85
LIPID-PEG20-0006,Lipid: PEG2000-Lipid,75.0,0.1395350064114255,4.417627235095502,64.67472332245468,88.06486378404432,49.64943314911967,86.25,17671.458676442588,2.0,63.092939652390704,Membrane targeting,PEG2000-Lipid,Lipid receptor,62.12221442015557,2.22e+13,Lipid synthesis,7.0,290.0,Yes,0.001,150,ChemSpider,0.85
LIPID-PEG20-0007,Lipid: PEG2000-Lipid,75.0,0.08639962582970433,-17.482516637997026,76.88215272744591,87.96497993774196,49.51352171516129,86.25,17671.458676442588,2.0,73.41978756466452,Membrane targeting,PEG2000-Lipid,Lipid receptor,74.58993286423424,2.88e+13,Lipid synthesis,7.0,290.0,Yes,0.001,150,ChemSpider,0.85
LIPID-PEG20-0008,Lipid: PEG2000-Lipid,75.0,0.19358297375424333,-11.623119979125907,81.84462649504826,81.73251014385559,17.726011925113184,86.25,17671.458676442588,2.0,31.01530582736155,Membrane targeting,PEG2000-Lipid,Lipid receptor,84.70456119062658,8.46e+13,Lipid synthesis,7.0,290.0,Yes,0.001,150,ChemSpider,0.85
LIPID-PEG20-0009,Lipid: PEG2000-Lipid,75.0,0.2196253633603778,-8.875966933711421,86.65417580476378,82.40795645832489,11.381317361583253,86.25,17671.458676442588,2.0,84.19266922136389,Membrane targeting,PEG2000-Lipid,Lipid receptor,52.39411664832283,9.72e+13,Lipid synthesis,7.0,290.0,Yes,0.001,150,ChemSpider,0.85
LIPID-PEG20-0010,Lipid: PEG2000-Lipid,75.0,0.09611158329062892,15.350027064858722,61.610204457786956,85.31958508129375,33.33316312171187,86.25,17671.458676442588,2.0,77.16307819924697,Membrane targeting,PEG2000-Lipid,Lipid receptor,87.9575565301114,6.79e+13,Lipid synthesis,7.0,290.0,Yes,0.001,150,ChemSpider,0.85
LIPID-PEG20-0011,Lipid: PEG2000-Lipid,75.0,0.16717501314639038,-29.885505610723367,65.95223617979477,87.59868214096855,24.558695107976458,86.25,17671.458676442588,2.0,19.86239841348712,Membrane targeting,PEG2000-Lipid,Lipid receptor,63.83534108745689,4.99e+13,Lipid synthesis,7.0,290.0,Yes,0.001,150,ChemSpider,0.85
LIPID-PEG20-0012,Lipid: PEG2000-Lipid,75.0,0.14633603409294074,19.57018422324675,86.00425222236545,81.16591489862361,15.63988251114965,86.25,17671.458676442588,2.0,82.59951281367837,Membrane targeting,PEG2000-Lipid,Lipid receptor,55.09030275607016,5.87e+13,Lipid synthesis,7.0,290.0,Yes,0.001,150,ChemSpider,0.85
LIPID-PEG20-0013,Lipid: PEG2000-Lipid,75.0,0.19976366024044637,12.475483956315081,93.81942685046687,79.51639079985836,29.066167888400237,86.25,17671.458676442588,2.0,81.89060613629185,Membrane targeting,PEG2000-Lipid,Lipid receptor,76.63018375453068,8.37e+13,Lipid synthesis,7.0,290.0,Yes,0.001,150,ChemSpider,0.85
LIPID-PEG20-0014,Lipid: PEG2000-Lipid,75.0,0.18765142551914993,-22.406293305575787,81.60334207097591,86.35155788913588,25.897292220140237,86.25,17671.458676442588,2.0,64.98258553313656,Membrane targeting,PEG2000-Lipid,Lipid receptor,87.15347250123784,8.10e+13,Lipid synthesis,7.0,290.0,Yes,0.001,150,ChemSpider,0.85
LIPID-PEG20-0015,Lipid: PEG2000-Lipid,75.0,0.12657614585544347,-6.867796196990817,62.75386253268887,80.38963095102179,24.145788401821463,86.25,17671.458676442588,2.0,84.11734015134051,Membrane targeting,PEG2000-Lipid,Lipid receptor,88.43649917987516,2.61e+13,Lipid synthesis,7.0,290.0,Yes,0.001,150,ChemSpider,0.85
LIPID-PEG20-0016,Lipid: PEG2000-Lipid,75.0,0.15134972628474386,-24.59225323967467,61.16227794378215,87.94944320382305,41.00862300041819,86.25,17671.458676442588,2.0,7.418265322067529,Membrane targeting,PEG2000-Lipid,Lipid receptor,70.34741957747772,5.33e+13,Lipid synthesis,7.0,290.0,Yes,0.001,150,ChemSpider,0.85
LIPID-PEG20-0017,Lipid: PEG2000-Lipid,75.0,0.12470746496614658,-16.283777481028473,88.64944995338743,79.21283888975626,44.20379865906288,86.25,17671.458676442588,2.0,62.687807011056954,Membrane targeting,PEG2000-Lipid,Lipid receptor,56.989788244082085,7.40e+13,Lipid synthesis,7.0,290.0,Yes,0.001,150,ChemSpider,0.85
LIPID-PEG20-0018,Lipid: PEG2000-Lipid,75.0,0.1237878807418998,16.17486225759714,72.3496510789041,74.19634890237455,20.721722631847715,86.25,17671.458676442588,2.0,54.53696726989473,Membrane targeting,PEG2000-Lipid,Lipid receptor,75.86735081803425,8.22e+13,Lipid synthesis,7.0,290.0,Yes,0.001,150,ChemSpider,0.85
LIPID-PEG20-0019,Lipid: PEG2000-Lipid,75.0,0.12510087867694397,17.99520168375274,81.30044730746648,89.1524258035273,12.120831605608169,86.25,17671.458676442588,2.0,63.60967498475415,Membrane targeting,PEG2000-Lipid,Lipid receptor,68.60358225082952,9.99e+13,Lipid synthesis,7.0,290.0,Yes,0.001,150,ChemSpider,0.85
LIPID-PEG20-0020,Lipid: PEG2000-Lipid,75.0,0.17002207186788937,19.66919882032886,71.53097460000401,70.30017563302336,21.935732556567782,86.25,17671.458676442588,2.0,10.48418006005478,Membrane targeting,PEG2000-Lipid,Lipid receptor,82.19452951188457,3.57e+13,Lipid synthesis,7.0,290.0,Yes,0.001,150,ChemSpider,0.85
LIPID-PEG20-0021,Lipid: PEG2000-Lipid,75.0,0.21155172174503445,16.85966490279263,90.17437071506001,77.76302026989859,36.57771184716246,86.25,17671.458676442588,2.0,73.55141523071619,Membrane targeting,PEG2000-Lipid,Lipid receptor,62.68532231249657,6.18e+13,Lipid synthesis,7.0,290.0,Yes,0.001,150,ChemSpider,0.85
LIPID-PEG20-0022,Lipid: PEG2000-Lipid,75.0,0.17791769253401146,-1.9951671827178288,69.30523590460906,76.18211631753788,23.81865183224072,86.25,17671.458676442588,2.0,68.4861379005302,Membrane targeting,PEG2000-Lipid,Lipid receptor,52.23583652866586,8.76e+13,Lipid synthesis,7.0,290.0,Yes,0.001,150,ChemSpider,0.85
LIPID-PEG20-0023,Lipid: PEG2000-Lipid,75.0,0.14937536479769697,-1.5236038982280817,78.84269108000686,71.97454016931971,29.157407413458234,86.25,17671.458676442588,2.0,39.18976056856779,Membrane targeting,PEG2000-Lipid,Lipid receptor,82.77776329536283,4.23e+13,Lipid synthesis,7.0,290.0,Yes,0.001,150,ChemSpider,0.85
LIPID-PEG20-0024,Lipid: PEG2000-Lipid,75.0,0.18405788761803926,-2.707143089451513,89.43547514390923,76.38437068725646,33.72001461247263,86.25,17671.458676442588,2.0,72.0001689894958,Membrane targeting,PEG2000-Lipid,Lipid receptor,70.9577625278865,7.54e+13,Lipid synthesis,7.0,290.0,Yes,0.001,150,ChemSpider,0.85
LIPID-PEG20-0025,Lipid: PEG2000-Lipid,75.0,0.11153158814141442,7.826555381519277,91.94045180891246,92.15829756739568,30.391015613155016,86.25,17671.458676442588,2.0,83.2852998934536,Membrane targeting,PEG2000-Lipid,Lipid receptor,76.5793211774923,1.43e+13,Lipid synthesis,7.0,290.0,Yes,0.001,150,ChemSpider,0.85
LIPID-PEG20-0026,Lipid: PEG2000-Lipid,75.0,0.13258689467600993,18.361510556311046,82.58328088676997,71.07656509215134,20.345343024817222,86.25,17671.458676442588,2.0,12.155098011093358,Membrane targeting,PEG2000-Lipid,Lipid receptor,61.65761524017091,9.61e+13,Lipid synthesis,7.0,290.0,Yes,0.001,150,ChemSpider,0.85
LIPID-PEG20-0027,Lipid: PEG2000-Lipid,75.0,0.17901784846164814,-24.048535856814063,79.27766459646013,89.6874926587482,13.7907831951693,86.25,17671.458676442588,2.0,79.245970555398,Membrane targeting,PEG2000-Lipid,Lipid receptor,50.724944149257226,7.03e+13,Lipid synthesis,7.0,290.0,Yes,0.001,150,ChemSpider,0.85
LIPID-PEG20-0028,Lipid: PEG2000-Lipid,75.0,0.10735472626876459,-28.027362264240832,79.3641287041741,74.10577802694824,18.41000450657814,86.25,17671.458676442588,2.0,12.982031973511331,Membrane targeting,PEG2000-Lipid,Lipid receptor,71.59184330093247,5.87e+13,Lipid synthesis,7.0,290.0,Yes,0.001,150,ChemSpider,0.85
LIPID-PEG20-0029,Lipid: PEG2000-Lipid,75.0,0.1955186624720501,6.366243358534625,73.1500941761326,83.38218186755788,20.840151316000025,86.25,17671.458676442588,2.0,46.99751518974651,Membrane targeting,PEG2000-Lipid,Lipid receptor,59.57090264137772,1.00e+13,Lipid synthesis,7.0,290.0,Yes,0.001,150,ChemSpider,0.85
LIPID-PEG20-0030,Lipid: PEG2000-Lipid,75.0,0.1699519860907079,5.841603885253264,69.03224970406002,86.85722902075148,16.36701552290905,86.25,17671.458676442588,2.0,88.43013969899243,Membrane targeting,PEG2000-Lipid,Lipid receptor,53.45190330756799,5.22e+13,Lipid synthesis,7.0,290.0,Yes,0.001,150,ChemSpider,0.85
LIPID-PEG20-0031,Lipid: PEG2000-Lipid,75.0,0.24173972562610874,-11.154824127829489,77.27341980102918,84.01469589514326,45.089991252192085,86.25,17671.458676442588,2.0,26.956124704033602,Membrane targeting,PEG2000-Lipid,Lipid receptor,57.91362011818628,1.13e+13,Lipid synthesis,7.0,290.0,Yes,0.001,150,ChemSpider,0.85
LIPID-PEG20-0032,Lipid: PEG2000-Lipid,75.0,0.18724665303773372,2.7968984881308145,82.77712726606813,74.1177110094193,45.29504127746232,86.25,17671.458676442588,2.0,84.37258295103237,Membrane targeting,PEG2000-Lipid,Lipid receptor,75.50014851832792,8.60e+13,Lipid synthesis,7.0,290.0,Yes,0.001,150,ChemSpider,0.85
LIPID-PEG20-0033,Lipid: PEG2000-Lipid,75.0,0.2320895924088705,0.4681931203919447,71.30711167984065,81.7031927122236,28.371079200312003,86.25,17671.458676442588,2.0,89.24326362220711,Membrane targeting,PEG2000-Lipid,Lipid receptor,53.601386637494485,7.48e+13,Lipid synthesis,7.0,290.0,Yes,0.001,150,ChemSpider,0.85
LIPID-PEG20-0034,Lipid: PEG2000-Lipid,75.0,0.1231040806338029,-7.212843693920508,76.1314045448721,83.5768470674661,33.75473362021275,86.25,17671.458676442588,2.0,13.335628118969508,Membrane targeting,PEG2000-Lipid,Lipid receptor,86.99563451159396,3.74e+13,Lipid synthesis,7.0,290.0,Yes,0.001,150,ChemSpider,0.85
LIPID-PEG20-0035,Lipid: PEG2000-Lipid,75.0,0.19890925870476944,1.2975357137843844,61.58886446982831,83.9696324997671,43.87921405084288,86.25,17671.458676442588,2.0,82.38691199788005,Membrane targeting,PEG2000-Lipid,Lipid receptor,70.76136590970782,2.22e+13,Lipid synthesis,7.0,290.0,Yes,0.001,150,ChemSpider,0.85
LIPID-PEG20-0036,Lipid: PEG2000-Lipid,75.0,0.18049210326217324,-7.059966702341033,94.45262374764525,93.88910201496087,21.240963226975566,86.25,17671.458676442588,2.0,57.28491587078598,Membrane targeting,PEG2000-Lipid,Lipid receptor,54.87708908333889,2.64e+13,Lipid synthesis,7.0,290.0,Yes,0.001,150,ChemSpider,0.85
LIPID-PEG20-0037,Lipid: PEG2000-Lipid,75.0,0.1894385125497794,-11.558959301411,60.3884857971849,92.40015493770875,11.461528371719716,86.25,17671.458676442588,2.0,30.596982804163574,Membrane targeting,PEG2000-Lipid,Lipid receptor,89.85578652048865,1.66e+13,Lipid synthesis,7.0,290.0,Yes,0.001,150,ChemSpider,0.85
LIPID-PEG20-0038,Lipid: PEG2000-Lipid,75.0,0.1764284598375495,16.982234239116302,78.59996253195634,91.78130627549352,31.682103619784094,86.25,17671.458676442588,2.0,35.62972039437622,Membrane targeting,PEG2000-Lipid,Lipid receptor,59.770434161026586,9.30e+13,Lipid synthesis,7.0,290.0,Yes,0.001,150,ChemSpider,0.85
LIPID-PEG20-0039,Lipid: PEG2000-Lipid,75.0,0.14337476301355193,-27.582139294566396,61.84210365428757,74.50557830077017,35.55028200390802,86.25,17671.458676442588,2.0,46.5105193055008,Membrane targeting,PEG2000-Lipid,Lipid receptor,66.75087278543919,1.11e+13,Lipid synthesis,7.0,290.0,Yes,0.001,150,ChemSpider,0.85
LIPID-PEG20-0040,Lipid: PEG2000-Lipid,75.0,0.19729033587059971,-28.946671868631807,79.30692784806342,80.30506976783953,24.482030872040006,86.25,17671.458676442588,2.0,79.58803708762447,Membrane targeting,PEG2000-Lipid,Lipid receptor,51.05471701795992,8.57e+13,Lipid synthesis,7.0,290.0,Yes,0.001,150,ChemSpider,0.85
LIPID-PEG20-0041,Lipid: PEG2000-Lipid,75.0,0.1600809464626681,8.391128399410576,86.42362750281418,80.27548995975087,21.704170341445153,86.25,17671.458676442588,2.0,24.88442992916744,Membrane targeting,PEG2000-Lipid,Lipid receptor,51.8541381371166,9.44e+13,Lipid synthesis,7.0,290.0,Yes,0.001,150,ChemSpider,0.85
LIPID-PEG20-0042,Lipid: PEG2000-Lipid,75.0,0.19792676795265443,7.843040512079199,89.98774644017189,81.44616456112072,27.75780699553989,86.25,17671.458676442588,2.0,72.80426612349736,Membrane targeting,PEG2000-Lipid,Lipid receptor,63.838912348471055,8.94e+13,Lipid synthesis,7.0,290.0,Yes,0.001,150,ChemSpider,0.85
LIPID-PEG20-0043,Lipid: PEG2000-Lipid,75.0,0.1407448011398134,-6.152669594616757,90.64654576973169,76.49251709190376,31.164789317220727,86.25,17671.458676442588,2.0,65.81717208519655,Membrane targeting,PEG2000-Lipid,Lipid receptor,58.607758698556204,5.85e+13,Lipid synthesis,7.0,290.0,Yes,0.001,150,ChemSpider,0.85
LIPID-PEG20-0044,Lipid: PEG2000-Lipid,75.0,0.08559970974794635,2.7527972092261095,93.76868728289767,79.065908966991,29.427643045509903,86.25,17671.458676442588,2.0,57.345244049866196,Membrane targeting,PEG2000-Lipid,Lipid receptor,68.49494627078188,1.48e+13,Lipid synthesis,7.0,290.0,Yes,0.001,150,ChemSpider,0.85
LIPID-PEG20-0045,Lipid: PEG2000-Lipid,75.0,0.17130466181772513,-12.905167440582815,94.21101472036536,74.17056567111933,14.263491374911084,86.25,17671.458676442588,2.0,84.90623605854083,Membrane targeting,PEG2000-Lipid,Lipid receptor,60.343991597901656,2.32e+13,Lipid synthesis,7.0,290.0,Yes,0.001,150,ChemSpider,0.85
LIPID-PEG20-0046,Lipid: PEG2000-Lipid,75.0,0.15486422983394668,-21.738588228491523,79.07725464336441,86.25460442034816,22.501265929281473,86.25,17671.458676442588,2.0,87.1906488579723,Membrane targeting,PEG2000-Lipid,Lipid receptor,82.03323436918375,6.75e+13,Lipid synthesis,7.0,290.0,Yes,0.001,150,ChemSpider,0.85
LIPID-PEG20-0047,Lipid: PEG2000-Lipid,75.0,0.24232618331266897,-10.701907521747724,62.35791371411073,85.46636404402722,38.11039434590195,86.25,17671.458676442588,2.0,21.130655867606976,Membrane targeting,PEG2000-Lipid,Lipid receptor,82.08403001296001,3.71e+13,Lipid synthesis,7.0,290.0,Yes,0.001,150,ChemSpider,0.85
LIPID-PEG20-0048,Lipid: PEG2000-Lipid,75.0,0.21390468462635343,17.552852299185787,79.14641434215646,84.83818290038568,39.31598304341675,86.25,17671.458676442588,2.0,57.35616157673263,Membrane targeting,PEG2000-Lipid,Lipid receptor,89.74672673195619,6.81e+13,Lipid synthesis,7.0,290.0,Yes,0.001,150,ChemSpider,0.85
LIPID-PEG20-0049,Lipid: PEG2000-Lipid,75.0,0.10103294836030052,-22.915857679332575,63.60012778593729,74.4262478990885,20.171657095988884,86.25,17671.458676442588,2.0,23.022917853178715,Membrane targeting,PEG2000-Lipid,Lipid receptor,61.62443708645061,9.82e+13,Lipid synthesis,7.0,290.0,Yes,0.001,150,ChemSpider,0.85
LIPID-PEG20-0050,Lipid: PEG2000-Lipid,75.0,0.24293074139997933,-23.478167856637178,86.43304273104224,94.54545093792241,42.81157410569176,86.25,17671.458676442588,2.0,34.13349188884322,Membrane targeting,PEG2000-Lipid,Lipid receptor,62.12157918781959,8.95e+13,Lipid synthesis,7.0,290.0,Yes,0.001,150,ChemSpider,0.85
LIPID-Chole-0001,Lipid: Cholesterol,40.0,0.20175631043675107,5.392958001858318,62.07573348567577,70.46537110420034,19.496801625540176,46.0,5026.548245743669,2.0,62.674128467302985,Membrane targeting,Cholesterol,Lipid receptor,59.788240823193824,5.58e+13,Lipid synthesis,7.0,290.0,Yes,0.001,80,ChemSpider,0.85
LIPID-Chole-0002,Lipid: Cholesterol,40.0,0.22715301868956772,-0.3612757938399902,68.85405561988854,74.33419576619465,28.28167809381558,46.0,5026.548245743669,2.0,55.38923574247639,Membrane targeting,Cholesterol,Lipid receptor,64.8602539772761,7.03e+13,Lipid synthesis,7.0,290.0,Yes,0.001,80,ChemSpider,0.85
LIPID-Chole-0003,Lipid: Cholesterol,40.0,0.15675319923911413,-24.416365715255445,75.38287685539305,77.34979172669216,15.012857811850857,46.0,5026.548245743669,2.0,70.29728334855314,Membrane targeting,Cholesterol,Lipid receptor,75.06333481444038,1.85e+13,Lipid synthesis,7.0,290.0,Yes,0.001,80,ChemSpider,0.85
LIPID-Chole-0004,Lipid: Cholesterol,40.0,0.11151527967120874,-28.271853319982167,91.66588378721549,93.52821419201292,27.707863200176952,46.0,5026.548245743669,2.0,27.35663213075577,Membrane targeting,Cholesterol,Lipid receptor,86.80200960182252,5.26e+13,Lipid synthesis,7.0,290.0,Yes,0.001,80,ChemSpider,0.85
LIPID-Chole-0005,Lipid: Cholesterol,40.0,0.13134370266377698,-12.690332349503759,67.86185717402789,84.78109428094132,32.01823857506338,46.0,5026.548245743669,2.0,21.931243652117153,Membrane targeting,Cholesterol,Lipid receptor,83.41248213855259,5.99e+13,Lipid synthesis,7.0,290.0,Yes,0.001,80,ChemSpider,0.85
LIPID-Chole-0006,Lipid: Cholesterol,40.0,0.1489768639787243,-18.268204704224146,71.58295045780895,74.8455675795448,27.163255309914852,46.0,5026.548245743669,2.0,88.71654281734301,Membrane targeting,Cholesterol,Lipid receptor,59.15580260191172,6.01e+13,Lipid synthesis,7.0,290.0,Yes,0.001,80,ChemSpider,0.85
LIPID-Chole-0007,Lipid: Cholesterol,40.0,0.141988383341967,-3.294831009218818,81.45898637599504,77.62657261287838,49.65132057278755,46.0,5026.548245743669,2.0,78.61622365800127,Membrane targeting,Cholesterol,Lipid receptor,89.94356584088578,5.58e+13,Lipid synthesis,7.0,290.0,Yes,0.001,80,ChemSpider,0.85
LIPID-Chole-0008,Lipid: Cholesterol,40.0,0.14182336744846302,-0.9863009473126532,88.32024225344084,94.96523239028045,14.135814434248442,46.0,5026.548245743669,2.0,61.22383974250294,Membrane targeting,Cholesterol,Lipid receptor,88.0054015808291,1.84e+13,Lipid synthesis,7.0,290.0,Yes,0.001,80,ChemSpider,0.85
LIPID-Chole-0009,Lipid: Cholesterol,40.0,0.11693745731159791,15.244516213420113,73.15052618394377,76.31088098507293,24.050668805462635,46.0,5026.548245743669,2.0,18.795353470211992,Membrane targeting,Cholesterol,Lipid receptor,58.16448946631696,8.22e+13,Lipid synthesis,7.0,290.0,Yes,0.001,80,ChemSpider,0.85
LIPID-Chole-0010,Lipid: Cholesterol,40.0,0.0903739485770956,-17.91495353516595,80.37459123530631,80.27911522711476,40.15790991691705,46.0,5026.548245743669,2.0,11.944227409492843,Membrane targeting,Cholesterol,Lipid receptor,57.4105401499592,6.85e+13,Lipid synthesis,7.0,290.0,Yes,0.001,80,ChemSpider,0.85
LIPID-Chole-0011,Lipid: Cholesterol,40.0,0.13136806713839405,-27.064192124598105,66.161564609799,78.63252997186295,25.255150760831732,46.0,5026.548245743669,2.0,49.513737431731485,Membrane targeting,Cholesterol,Lipid receptor,85.68744146693197,8.84e+13,Lipid synthesis,7.0,290.0,Yes,0.001,80,ChemSpider,0.85
LIPID-Chole-0012,Lipid: Cholesterol,40.0,0.18097213300197637,15.99668452933404,93.23749832453291,76.77428047962647,11.982603094517724,46.0,5026.548245743669,2.0,63.368706821911246,Membrane targeting,Cholesterol,Lipid receptor,71.79305748647506,6.09e+13,Lipid synthesis,7.0,290.0,Yes,0.001,80,ChemSpider,0.85
LIPID-Chole-0013,Lipid: Cholesterol,40.0,0.1867008078324497,-11.256494511679104,66.53934359049757,80.77706967402753,45.443311461711396,46.0,5026.548245743669,2.0,83.49248168211791,Membrane targeting,Cholesterol,Lipid receptor,78.22387960749529,7.93e+13,Lipid synthesis,7.0,290.0,Yes,0.001,80,ChemSpider,0.85
LIPID-Chole-0014,Lipid: Cholesterol,40.0,0.21461690361327057,7.855040047948961,81.32728647565389,85.07297552414741,19.81570203102441,46.0,5026.548245743669,2.0,22.878288308588992,Membrane targeting,Cholesterol,Lipid receptor,86.01440182240546,1.23e+13,Lipid synthesis,7.0,290.0,Yes,0.001,80,ChemSpider,0.85
LIPID-Chole-0015,Lipid: Cholesterol,40.0,0.13093030750471812,-18.785771172956593,76.09546968453357,82.274006707955,47.192678077279496,46.0,5026.548245743669,2.0,29.36039799858211,Membrane targeting,Cholesterol,Lipid receptor,69.27875840069476,1.12e+13,Lipid synthesis,7.0,290.0,Yes,0.001,80,ChemSpider,0.85
LIPID-Chole-0016,Lipid: Cholesterol,40.0,0.11024352790195302,-17.854016760650346,93.54912143274927,77.2464679860218,36.37432507370673,46.0,5026.548245743669,2.0,41.560654651514355,Membrane targeting,Cholesterol,Lipid receptor,69.52754773360121,1.70e+13,Lipid synthesis,7.0,290.0,Yes,0.001,80,ChemSpider,0.85
LIPID-Chole-0017,Lipid: Cholesterol,40.0,0.10622761172209351,-20.02576883768249,66.8726436542001,79.95145011689121,25.798510026259713,46.0,5026.548245743669,2.0,44.83179577371192,Membrane targeting,Cholesterol,Lipid receptor,68.75408311681674,1.14e+13,Lipid synthesis,7.0,290.0,Yes,0.001,80,ChemSpider,0.85
LIPID-Chole-0018,Lipid: Cholesterol,40.0,0.1478240608887822,-23.3823622192632,88.56782917041423,72.16078206219753,38.06159568165369,46.0,5026.548245743669,2.0,66.4879902084178,Membrane targeting,Cholesterol,Lipid receptor,83.26876270044005,6.70e+13,Lipid synthesis,7.0,290.0,Yes,0.001,80,ChemSpider,0.85
LIPID-Chole-0019,Lipid: Cholesterol,40.0,0.21415783957046092,13.946102173662446,76.51613784474321,83.32325295627058,20.401927275697634,46.0,5026.548245743669,2.0,19.15412669364919,Membrane targeting,Cholesterol,Lipid receptor,56.28188734199523,6.44e+13,Lipid synthesis,7.0,290.0,Yes,0.001,80,ChemSpider,0.85
LIPID-Chole-0020,Lipid: Cholesterol,40.0,0.085835256085386,-27.762037226628934,76.6308908873475,80.4031695172759,33.508559625707065,46.0,5026.548245743669,2.0,33.37779164854831,Membrane targeting,Cholesterol,Lipid receptor,70.80499150251235,8.16e+13,Lipid synthesis,7.0,290.0,Yes,0.001,80,ChemSpider,0.85
LIPID-Chole-0021,Lipid: Cholesterol,40.0,0.16860703579992042,-5.51493792810065,70.54316788745852,85.36306318819562,22.834203720390917,46.0,5026.548245743669,2.0,40.94478770817405,Membrane targeting,Cholesterol,Lipid receptor,62.26869174176207,4.79e+13,Lipid synthesis,7.0,290.0,Yes,0.001,80,ChemSpider,0.85
LIPID-Chole-0022,Lipid: Cholesterol,40.0,0.12861531082183406,-5.344509827787288,73.74215820053168,83.8811397902316,23.2163318561391,46.0,5026.548245743669,2.0,34.36723107214209,Membrane targeting,Cholesterol,Lipid receptor,60.40941087414711,8.61e+13,Lipid synthesis,7.0,290.0,Yes,0.001,80,ChemSpider,0.85
LIPID-Chole-0023,Lipid: Cholesterol,40.0,0.2422737766302549,-28.45219590691412,92.62295181474362,72.5872710905551,24.174315122719783,46.0,5026.548245743669,2.0,66.5414231048452,Membrane targeting,Cholesterol,Lipid receptor,73.1043859962108,1.78e+13,Lipid synthesis,7.0,290.0,Yes,0.001,80,ChemSpider,0.85
LIPID-Chole-0024,Lipid: Cholesterol,40.0,0.08223366956498654,-3.40696659939983,66.30886377327104,88.97198438772571,30.438507845842835,46.0,5026.548245743669,2.0,57.19522111379387,Membrane targeting,Cholesterol,Lipid receptor,58.303534702529355,2.69e+13,Lipid synthesis,7.0,290.0,Yes,0.001,80,ChemSpider,0.85
LIPID-Chole-0025,Lipid: Cholesterol,40.0,0.09847205455209163,-3.33070513640579,62.91777624785906,82.59811201450094,29.621554652987108,46.0,5026.548245743669,2.0,32.62293259569176,Membrane targeting,Cholesterol,Lipid receptor,67.01828287515855,7.27e+13,Lipid synthesis,7.0,290.0,Yes,0.001,80,ChemSpider,0.85
LIPID-Chole-0026,Lipid: Cholesterol,40.0,0.13055097455549466,-28.849174735614586,89.43860154314282,83.57847624367473,37.54645331452686,46.0,5026.548245743669,2.0,77.76143835396059,Membrane targeting,Cholesterol,Lipid receptor,71.17954746286325,8.09e+13,Lipid synthesis,7.0,290.0,Yes,0.001,80,ChemSpider,0.85
LIPID-Chole-0027,Lipid: Cholesterol,40.0,0.22341741978893676,8.431918292761061,61.25369374323988,92.7666326208771,42.48044981605909,46.0,5026.548245743669,2.0,7.2187014411251536,Membrane targeting,Cholesterol,Lipid receptor,87.29165541486775,5.50e+13,Lipid synthesis,7.0,290.0,Yes,0.001,80,ChemSpider,0.85
LIPID-Chole-0028,Lipid: Cholesterol,40.0,0.11713288911306008,-2.441852816151904,67.45340943881331,80.42539584260217,15.980306128583743,46.0,5026.548245743669,2.0,49.14220345349644,Membrane targeting,Cholesterol,Lipid receptor,66.57686687846564,5.65e+13,Lipid synthesis,7.0,290.0,Yes,0.001,80,ChemSpider,0.85
LIPID-Chole-0029,Lipid: Cholesterol,40.0,0.23046950550735062,-17.839854999802007,61.95499896443118,83.30550700944579,22.593579616029352,46.0,5026.548245743669,2.0,59.482741793764795,Membrane targeting,Cholesterol,Lipid receptor,73.3791931359572,7.37e+13,Lipid synthesis,7.0,290.0,Yes,0.001,80,ChemSpider,0.85
LIPID-Chole-0030,Lipid: Cholesterol,40.0,0.1230524587870418,14.423019833901215,68.36936681900852,93.48280131068722,38.199666801917786,46.0,5026.548245743669,2.0,69.228988809759,Membrane targeting,Cholesterol,Lipid receptor,74.59278607706523,3.76e+13,Lipid synthesis,7.0,290.0,Yes,0.001,80,ChemSpider,0.85
LIPID-Chole-0031,Lipid: Cholesterol,40.0,0.13681980549646727,-12.674727586555125,74.85809333535427,88.39368587339064,37.65417130912334,46.0,5026.548245743669,2.0,42.11385374308921,Membrane targeting,Cholesterol,Lipid receptor,67.51691089807865,3.92e+13,Lipid synthesis,7.0,290.0,Yes,0.001,80,ChemSpider,0.85
LIPID-Chole-0032,Lipid: Cholesterol,40.0,0.21205973937701478,-26.510324182817165,61.151934500936555,90.99972280240519,45.779536731704916,46.0,5026.548245743669,2.0,40.752966427703285,Membrane targeting,Cholesterol,Lipid receptor,51.440190601982714,4.48e+13,Lipid synthesis,7.0,290.0,Yes,0.001,80,ChemSpider,0.85
LIPID-Chole-0033,Lipid: Cholesterol,40.0,0.13048693320008492,10.45945008124032,81.46961973237862,85.55064248366946,13.844228361594908,46.0,5026.548245743669,2.0,18.138558846179464,Membrane targeting,Cholesterol,Lipid receptor,68.11271534252404,5.12e+13,Lipid synthesis,7.0,290.0,Yes,0.001,80,ChemSpider,0.85
LIPID-Chole-0034,Lipid: Cholesterol,40.0,0.09822717547712947,-22.14980740655888,94.6683901307432,91.1668686594362,25.663047991601424,46.0,5026.548245743669,2.0,32.41477725943526,Membrane targeting,Cholesterol,Lipid receptor,52.099913250721045,6.37e+13,Lipid synthesis,7.0,290.0,Yes,0.001,80,ChemSpider,0.85
LIPID-Chole-0035,Lipid: Cholesterol,40.0,0.20478455106638657,14.774356361941095,85.22977430021601,76.23122979736944,26.02057471484194,46.0,5026.548245743669,2.0,33.71856292110171,Membrane targeting,Cholesterol,Lipid receptor,62.46635544244289,9.35e+13,Lipid synthesis,7.0,290.0,Yes,0.001,80,ChemSpider,0.85
LIPID-Chole-0036,Lipid: Cholesterol,40.0,0.21271856007145606,-22.415490087634673,82.79860276356825,88.32302328982432,48.995057671826046,46.0,5026.548245743669,2.0,23.20105172985738,Membrane targeting,Cholesterol,Lipid receptor,50.50770151275107,4.87e+13,Lipid synthesis,7.0,290.0,Yes,0.001,80,ChemSpider,0.85
LIPID-Chole-0037,Lipid: Cholesterol,40.0,0.15027913477597932,-20.662928703181777,88.7318714801238,77.73003799380234,48.07850076684871,46.0,5026.548245743669,2.0,54.19322071055293,Membrane targeting,Cholesterol,Lipid receptor,58.24668003819172,1.31e+13,Lipid synthesis,7.0,290.0,Yes,0.001,80,ChemSpider,0.85
LIPID-Chole-0038,Lipid: Cholesterol,40.0,0.2324816291430748,-10.217233185385162,65.34315069018155,92.73754739271308,38.5891289783638,46.0,5026.548245743669,2.0,56.46323364028253,Membrane targeting,Cholesterol,Lipid receptor,87.00840783536381,8.05e+13,Lipid synthesis,7.0,290.0,Yes,0.001,80,ChemSpider,0.85
LIPID-Chole-0039,Lipid: Cholesterol,40.0,0.1835101737861303,-9.251877018230083,65.79135137486554,72.0303876156141,15.417988032029207,46.0,5026.548245743669,2.0,42.568965879520455,Membrane targeting,Cholesterol,Lipid receptor,66.15574897798996,6.51e+13,Lipid synthesis,7.0,290.0,Yes,0.001,80,ChemSpider,0.85
LIPID-Chole-0040,Lipid: Cholesterol,40.0,0.13872388794485035,4.282085168864036,78.45558411162003,72.74073708062507,36.00182981560184,46.0,5026.548245743669,2.0,68.91272197942732,Membrane targeting,Cholesterol,Lipid receptor,87.9802157710798,1.51e+13,Lipid synthesis,7.0,290.0,Yes,0.001,80,ChemSpider,0.85
LIPID-Chole-0041,Lipid: Cholesterol,40.0,0.20680524740145056,-19.722618396102888,92.54421923118744,71.88721727914698,16.184300213848616,46.0,5026.548245743669,2.0,68.25446034082185,Membrane targeting,Cholesterol,Lipid receptor,65.62847800724089,8.80e+13,Lipid synthesis,7.0,290.0,Yes,0.001,80,ChemSpider,0.85
LIPID-Chole-0042,Lipid: Cholesterol,40.0,0.11447094731190052,19.89382839089412,60.467711866273966,74.38498319305839,24.448640905279426,46.0,5026.548245743669,2.0,12.382923214796998,Membrane targeting,Cholesterol,Lipid receptor,79.40803886016194,3.44e+13,Lipid synthesis,7.0,290.0,Yes,0.001,80,ChemSpider,0.85
LIPID-Chole-0043,Lipid: Cholesterol,40.0,0.10902273351002004,-12.782098580706702,90.1777396887247,70.16115029868348,32.35724680883564,46.0,5026.548245743669,2.0,7.780583414494031,Membrane targeting,Cholesterol,Lipid receptor,79.23769781701287,8.18e+13,Lipid synthesis,7.0,290.0,Yes,0.001,80,ChemSpider,0.85
LIPID-Chole-0044,Lipid: Cholesterol,40.0,0.22142247255942965,-17.812343138204128,86.20270990648184,74.1024723368867,32.842407361079616,46.0,5026.548245743669,2.0,59.132789939135975,Membrane targeting,Cholesterol,Lipid receptor,88.12299153236944,6.16e+13,Lipid synthesis,7.0,290.0,Yes,0.001,80,ChemSpider,0.85
LIPID-Chole-0045,Lipid: Cholesterol,40.0,0.14972475202544494,-25.430940432700357,86.99878371125067,70.67026068779182,25.355604864821437,46.0,5026.548245743669,2.0,50.998852257088046,Membrane targeting,Cholesterol,Lipid receptor,81.43276128025033,3.76e+13,Lipid synthesis,7.0,290.0,Yes,0.001,80,ChemSpider,0.85
LIPID-Chole-0046,Lipid: Cholesterol,40.0,0.22828679093440446,-16.793923088186265,63.77316823350458,84.56640622345367,35.02307676569433,46.0,5026.548245743669,2.0,42.52499474792532,Membrane targeting,Cholesterol,Lipid receptor,89.4918352419933,5.17e+13,Lipid synthesis,7.0,290.0,Yes,0.001,80,ChemSpider,0.85
LIPID-Chole-0047,Lipid: Cholesterol,40.0,0.20982665608788048,-8.353764235682018,64.28025857926445,80.84523781232808,45.01288976597476,46.0,5026.548245743669,2.0,25.190787900159293,Membrane targeting,Cholesterol,Lipid receptor,73.50569209558718,4.91e+13,Lipid synthesis,7.0,290.0,Yes,0.001,80,ChemSpider,0.85
LIPID-Chole-0048,Lipid: Cholesterol,40.0,0.23762244487266843,-27.633394883457047,81.13753909329513,91.11158571018186,48.83817999160265,46.0,5026.548245743669,2.0,26.55009131799872,Membrane targeting,Cholesterol,Lipid receptor,77.84613622874129,9.65e+13,Lipid synthesis,7.0,290.0,Yes,0.001,80,ChemSpider,0.85
LIPID-Chole-0049,Lipid: Cholesterol,40.0,0.1187311214572896,-29.16914198153671,60.47313381766425,87.6131004330876,39.550752074989184,46.0,5026.548245743669,2.0,62.55080724752801,Membrane targeting,Cholesterol,Lipid receptor,67.71952334953781,8.21e+13,Lipid synthesis,7.0,290.0,Yes,0.001,80,ChemSpider,0.85
LIPID-Chole-0050,Lipid: Cholesterol,40.0,0.19261574761668993,6.744309062231544,62.17891793453221,72.5374221835587,43.67062447818215,46.0,5026.548245743669,2.0,52.339281030113604,Membrane targeting,Cholesterol,Lipid receptor,57.28773324737968,1.73e+13,Lipid synthesis,7.0,290.0,Yes,0.001,80,ChemSpider,0.85
LIPID-DSPC-0001,Lipid: DSPC,47.5,0.19361989535237417,18.51180799036142,60.78491718182304,92.34391479303574,26.9600514738865,54.62499999999999,7088.218424661971,2.0,50.66678386703482,Membrane targeting,DSPC,Lipid receptor,85.17666128885696,6.13e+13,Lipid synthesis,7.0,290.0,Yes,0.001,95,ChemSpider,0.85
LIPID-DSPC-0002,Lipid: DSPC,47.5,0.164546670981739,-16.900180833162516,85.22437095692402,79.75176519515958,39.39721280805443,54.62499999999999,7088.218424661971,2.0,70.85239100810443,Membrane targeting,DSPC,Lipid receptor,82.90554326860666,2.98e+13,Lipid synthesis,7.0,290.0,Yes,0.001,95,ChemSpider,0.85
LIPID-DSPC-0003,Lipid: DSPC,47.5,0.24864839402330896,16.80931476886473,71.06801910085636,77.69973316922994,45.57580469269537,54.62499999999999,7088.218424661971,2.0,13.865391149432709,Membrane targeting,DSPC,Lipid receptor,65.86708500781361,7.09e+13,Lipid synthesis,7.0,290.0,Yes,0.001,95,ChemSpider,0.85
LIPID-DSPC-0004,Lipid: DSPC,47.5,0.09990508903998092,-15.575039052807544,61.62597138961391,83.70644575595101,46.038235334012626,54.62499999999999,7088.218424661971,2.0,84.57659403152272,Membrane targeting,DSPC,Lipid receptor,54.488180419705536,1.00e+14,Lipid synthesis,7.0,290.0,Yes,0.001,95,ChemSpider,0.85
LIPID-DSPC-0005,Lipid: DSPC,47.5,0.2094004828572611,-12.5742189806422,66.81089084449967,80.39041027117086,38.05423894634531,54.62499999999999,7088.218424661971,2.0,48.43319547032792,Membrane targeting,DSPC,Lipid receptor,51.062719691964936,3.00e+13,Lipid synthesis,7.0,290.0,Yes,0.001,95,ChemSpider,0.85
LIPID-DSPC-0006,Lipid: DSPC,47.5,0.1375582546386242,1.9571134686548746,89.24679315936942,76.45447636555562,26.200215767717335,54.62499999999999,7088.218424661971,2.0,83.47455022451808,Membrane targeting,DSPC,Lipid receptor,83.69123778509879,3.32e+13,Lipid synthesis,7.0,290.0,Yes,0.001,95,ChemSpider,0.85
LIPID-DSPC-0007,Lipid: DSPC,47.5,0.13621130906190237,-20.736024360649864,83.6152970248593,74.69432908381208,36.01975416599873,54.62499999999999,7088.218424661971,2.0,63.63980485371315,Membrane targeting,DSPC,Lipid receptor,51.8535393610554,1.68e+13,Lipid synthesis,7.0,290.0,Yes,0.001,95,ChemSpider,0.85
LIPID-DSPC-0008,Lipid: DSPC,47.5,0.1945128395231217,14.044344962161944,75.28403713437432,87.21332438195088,32.6784820634684,54.62499999999999,7088.218424661971,2.0,61.23637767197347,Membrane targeting,DSPC,Lipid receptor,65.72313123559287,7.65e+13,Lipid synthesis,7.0,290.0,Yes,0.001,95,ChemSpider,0.85
LIPID-DSPC-0009,Lipid: DSPC,47.5,0.22764964144732058,17.228728603041233,73.78462804377693,87.25144974687274,22.71244937444059,54.62499999999999,7088.218424661971,2.0,27.544948828374302,Membrane targeting,DSPC,Lipid receptor,68.07063474451573,6.89e+13,Lipid synthesis,7.0,290.0,Yes,0.001,95,ChemSpider,0.85
LIPID-DSPC-0010,Lipid: DSPC,47.5,0.247164908155103,3.2756259611436818,85.482403536598,93.20265244278387,36.020618083889886,54.62499999999999,7088.218424661971,2.0,48.8749661922063,Membrane targeting,DSPC,Lipid receptor,66.11744884812286,1.92e+13,Lipid synthesis,7.0,290.0,Yes,0.001,95,ChemSpider,0.85
LIPID-DSPC-0011,Lipid: DSPC,47.5,0.23495262684230928,16.849352152510548,86.35087350999146,91.62843901655441,23.882101265157218,54.62499999999999,7088.218424661971,2.0,16.006446367430584,Membrane targeting,DSPC,Lipid receptor,77.42926032612039,4.58e+13,Lipid synthesis,7.0,290.0,Yes,0.001,95,ChemSpider,0.85
LIPID-DSPC-0012,Lipid: DSPC,47.5,0.10293186692589817,-7.955561065495356,61.28382394852192,79.1162196379039,31.729363782058723,54.62499999999999,7088.218424661971,2.0,14.827482699270638,Membrane targeting,DSPC,Lipid receptor,60.202163344637306,6.63e+13,Lipid synthesis,7.0,290.0,Yes,0.001,95,ChemSpider,0.85
LIPID-DSPC-0013,Lipid: DSPC,47.5,0.14641866814442858,-6.542289582565061,75.1167128844329,78.76997725836067,36.794605269497104,54.62499999999999,7088.218424661971,2.0,12.915177695779944,Membrane targeting,DSPC,Lipid receptor,52.97591655575929,3.81e+13,Lipid synthesis,7.0,290.0,Yes,0.001,95,ChemSpider,0.85
LIPID-DSPC-0014,Lipid: DSPC,47.5,0.11844299707693734,0.9502436428580836,78.87051426413665,72.2550155286113,47.5756971224198,54.62499999999999,7088.218424661971,2.0,60.63193998152694,Membrane targeting,DSPC,Lipid receptor,73.26663137672392,3.76e+13,Lipid synthesis,7.0,290.0,Yes,0.001,95,ChemSpider,0.85
LIPID-DSPC-0015,Lipid: DSPC,47.5,0.20148734616959216,-13.20531909356848,94.13202800924302,72.57356697231543,40.91007726793784,54.62499999999999,7088.218424661971,2.0,46.279133670488285,Membrane targeting,DSPC,Lipid receptor,59.86514622951974,3.76e+13,Lipid synthesis,7.0,290.0,Yes,0.001,95,ChemSpider,0.85
LIPID-DSPC-0016,Lipid: DSPC,47.5,0.21869229427686782,1.4468822211415144,80.74610906059087,70.78442341640279,27.432262515000552,54.62499999999999,7088.218424661971,2.0,17.090600984421275,Membrane targeting,DSPC,Lipid receptor,51.188458889825284,9.29e+13,Lipid synthesis,7.0,290.0,Yes,0.001,95,ChemSpider,0.85
LIPID-DSPC-0017,Lipid: DSPC,47.5,0.1953267140258382,8.261811230616658,86.94787491069803,75.0977068618516,23.14374749416176,54.62499999999999,7088.218424661971,2.0,48.4201275516014,Membrane targeting,DSPC,Lipid receptor,57.14214429693676,7.34e+13,Lipid synthesis,7.0,290.0,Yes,0.001,95,ChemSpider,0.85
LIPID-DSPC-0018,Lipid: DSPC,47.5,0.22974722241946888,-29.58456370199394,76.59218430019082,93.01464328354481,32.01865936976837,54.62499999999999,7088.218424661971,2.0,80.54071823059559,Membrane targeting,DSPC,Lipid receptor,72.94989227256553,7.21e+13,Lipid synthesis,7.0,290.0,Yes,0.001,95,ChemSpider,0.85
LIPID-DSPC-0019,Lipid: DSPC,47.5,0.10566454011655829,17.748057861350325,75.37046766670936,71.5459354141654,16.01782688914281,54.62499999999999,7088.218424661971,2.0,61.8854830445752,Membrane targeting,DSPC,Lipid receptor,83.48445805529265,4.26e+13,Lipid synthesis,7.0,290.0,Yes,0.001,95,ChemSpider,0.85
LIPID-DSPC-0020,Lipid: DSPC,47.5,0.2000132651651717,16.012027046195904,81.38207444404767,79.18560998174226,35.62835988857324,54.62499999999999,7088.218424661971,2.0,58.455874268481224,Membrane targeting,DSPC,Lipid receptor,77.31689513497163,1.34e+13,Lipid synthesis,7.0,290.0,Yes,0.001,95,ChemSpider,0.85
LIPID-DSPC-0021,Lipid: DSPC,47.5,0.14469582549800178,-10.503574644378595,73.65678595335706,86.27581347130979,15.885205286951173,54.62499999999999,7088.218424661971,2.0,49.6229637401499,Membrane targeting,DSPC,Lipid receptor,73.2097640021034,9.11e+13,Lipid synthesis,7.0,290.0,Yes,0.001,95,ChemSpider,0.85
LIPID-DSPC-0022,Lipid: DSPC,47.5,0.21129828768455444,-26.608213450598367,71.76411314628885,78.27011754524707,48.330223567855214,54.62499999999999,7088.218424661971,2.0,18.197585462274255,Membrane targeting,DSPC,Lipid receptor,84.90873824308949,3.53e+13,Lipid synthesis,7.0,290.0,Yes,0.001,95,ChemSpider,0.85
LIPID-DSPC-0023,Lipid: DSPC,47.5,0.09332175743946136,1.4018558304064825,82.37431114912707,73.92937046891738,43.120517219936204,54.62499999999999,7088.218424661971,2.0,80.47350885419523,Membrane targeting,DSPC,Lipid receptor,82.28200386972816,1.20e+13,Lipid synthesis,7.0,290.0,Yes,0.001,95,ChemSpider,0.85
LIPID-DSPC-0024,Lipid: DSPC,47.5,0.23629663267769285,-29.545278637812512,66.33756069398201,70.2066060850181,43.696570093038346,54.62499999999999,7088.218424661971,2.0,50.52726990610756,Membrane targeting,DSPC,Lipid receptor,89.66891523422572,9.81e+13,Lipid synthesis,7.0,290.0,Yes,0.001,95,ChemSpider,0.85
LIPID-DSPC-0025,Lipid: DSPC,47.5,0.08682838051981541,6.252183641188587,79.62470310804464,92.21438608642698,35.51976692036886,54.62499999999999,7088.218424661971,2.0,43.079890123953106,Membrane targeting,DSPC,Lipid receptor,59.14814031920139,5.83e+13,Lipid synthesis,7.0,290.0,Yes,0.001,95,ChemSpider,0.85
LIPID-DSPC-0026,Lipid: DSPC,47.5,0.2196975125707305,-4.096669522516507,92.7993973810141,72.44379824458751,33.46657246813117,54.62499999999999,7088.218424661971,2.0,57.472979691782385,Membrane targeting,DSPC,Lipid receptor,82.9911754472536,7.53e+13,Lipid synthesis,7.0,290.0,Yes,0.001,95,ChemSpider,0.85
LIPID-DSPC-0027,Lipid: DSPC,47.5,0.17890299732304027,-7.0802267368197,61.45142718045495,91.08734347631415,24.45444807716591,54.62499999999999,7088.218424661971,2.0,11.660940937149421,Membrane targeting,DSPC,Lipid receptor,57.9531680183233,8.34e+13,Lipid synthesis,7.0,290.0,Yes,0.001,95,ChemSpider,0.85
LIPID-DSPC-0028,Lipid: DSPC,47.5,0.23742347735102087,9.466778274607933,90.75479565497898,83.06257978557636,37.64833342819234,54.62499999999999,7088.218424661971,2.0,61.29574530351597,Membrane targeting,DSPC,Lipid receptor,50.09492749596933,9.14e+13,Lipid synthesis,7.0,290.0,Yes,0.001,95,ChemSpider,0.85
LIPID-DSPC-0029,Lipid: DSPC,47.5,0.13336040846125088,10.189504355628074,63.97388445779292,94.21392619690253,27.065660826543542,54.62499999999999,7088.218424661971,2.0,67.33357852957286,Membrane targeting,DSPC,Lipid receptor,54.041288947558556,4.79e+13,Lipid synthesis,7.0,290.0,Yes,0.001,95,ChemSpider,0.85
LIPID-DSPC-0030,Lipid: DSPC,47.5,0.08292210621287319,-14.275484489806601,67.49890546868068,85.64442628961197,36.88287801265142,54.62499999999999,7088.218424661971,2.0,43.80247641587014,Membrane targeting,DSPC,Lipid receptor,61.26143973143857,3.11e+13,Lipid synthesis,7.0,290.0,Yes,0.001,95,ChemSpider,0.85
LIPID-DSPC-0031,Lipid: DSPC,47.5,0.1696195143396932,1.2221983114141182,93.11691706423285,85.17790243259456,43.00204252140232,54.62499999999999,7088.218424661971,2.0,11.249728147957867,Membrane targeting,DSPC,Lipid receptor,80.74645533417326,2.86e+13,Lipid synthesis,7.0,290.0,Yes,0.001,95,ChemSpider,0.85
LIPID-DSPC-0032,Lipid: DSPC,47.5,0.21710724444613433,-17.412684829584776,84.39739165822279,70.57294365418977,48.14219740592837,54.62499999999999,7088.218424661971,2.0,62.477494622912666,Membrane targeting,DSPC,Lipid receptor,66.57030364242371,8.60e+13,Lipid synthesis,7.0,290.0,Yes,0.001,95,ChemSpider,0.85
LIPID-DSPC-0033,Lipid: DSPC,47.5,0.13988962574450542,-20.862063281794363,60.85645865316044,93.57962557679582,32.11841003154549,54.62499999999999,7088.218424661971,2.0,40.47211648414592,Membrane targeting,DSPC,Lipid receptor,85.28552542206617,1.58e+13,Lipid synthesis,7.0,290.0,Yes,0.001,95,ChemSpider,0.85
LIPID-DSPC-0034,Lipid: DSPC,47.5,0.20178920863915856,2.356052767450713,93.82584023679757,81.6196862900869,19.680251302592815,54.62499999999999,7088.218424661971,2.0,45.774918050996284,Membrane targeting,DSPC,Lipid receptor,55.39049630337452,4.71e+13,Lipid synthesis,7.0,290.0,Yes,0.001,95,ChemSpider,0.85
LIPID-DSPC-0035,Lipid: DSPC,47.5,0.15218705184647863,-23.990251381951712,85.31312509516243,76.62409997843227,31.029257776195067,54.62499999999999,7088.218424661971,2.0,23.24695463669936,Membrane targeting,DSPC,Lipid receptor,63.706571945051515,4.54e+13,Lipid synthesis,7.0,290.0,Yes,0.001,95,ChemSpider,0.85
LIPID-DSPC-0036,Lipid: DSPC,47.5,0.18474940723295613,-20.22596484141981,83.63518091145177,71.88063501991638,43.51117247325693,54.62499999999999,7088.218424661971,2.0,86.47890585616693,Membrane targeting,DSPC,Lipid receptor,84.78425464546164,7.28e+13,Lipid synthesis,7.0,290.0,Yes,0.001,95,ChemSpider,0.85
LIPID-DSPC-0037,Lipid: DSPC,47.5,0.16362659299587656,4.389394867007397,81.03720303855941,91.20196695410718,18.134821711280278,54.62499999999999,7088.218424661971,2.0,43.814712415760766,Membrane targeting,DSPC,Lipid receptor,69.83623724060799,1.01e+13,Lipid synthesis,7.0,290.0,Yes,0.001,95,ChemSpider,0.85
LIPID-DSPC-0038,Lipid: DSPC,47.5,0.1972522830596412,1.1231607552630578,87.05113450391235,94.44885770078693,33.95638638601319,54.62499999999999,7088.218424661971,2.0,36.08572040950712,Membrane targeting,DSPC,Lipid receptor,54.129386663872424,4.78e+13,Lipid synthesis,7.0,290.0,Yes,0.001,95,ChemSpider,0.85
LIPID-DSPC-0039,Lipid: DSPC,47.5,0.14240291849275116,12.586855507301017,60.41840872392003,85.29622944870633,39.31181945964602,54.62499999999999,7088.218424661971,2.0,46.18618886277568,Membrane targeting,DSPC,Lipid receptor,80.05957157478275,5.61e+13,Lipid synthesis,7.0,290.0,Yes,0.001,95,ChemSpider,0.85
LIPID-DSPC-0040,Lipid: DSPC,47.5,0.11438370234463449,19.62177234075825,82.8850258183031,85.82038156739104,42.73954590092114,54.62499999999999,7088.218424661971,2.0,63.83166441185105,Membrane targeting,DSPC,Lipid receptor,67.10114988795752,7.50e+13,Lipid synthesis,7.0,290.0,Yes,0.001,95,ChemSpider,0.85
LIPID-DSPC-0041,Lipid: DSPC,47.5,0.12264874277768242,-4.789065917844027,82.77855967357688,90.32373334014363,39.220560848136785,54.62499999999999,7088.218424661971,2.0,42.54371736530768,Membrane targeting,DSPC,Lipid receptor,71.74665691250493,5.00e+13,Lipid synthesis,7.0,290.0,Yes,0.001,95,ChemSpider,0.85
LIPID-DSPC-0042,Lipid: DSPC,47.5,0.08014289923109848,-19.023630764144507,62.52950751820371,84.30873696585832,18.217714088501396,54.62499999999999,7088.218424661971,2.0,46.02397700561493,Membrane targeting,DSPC,Lipid receptor,81.48810928938389,3.00e+13,Lipid synthesis,7.0,290.0,Yes,0.001,95,ChemSpider,0.85
LIPID-DSPC-0043,Lipid: DSPC,47.5,0.11904885724351844,-14.86028559742193,68.96035155085715,77.11494004166153,24.982379139180175,54.62499999999999,7088.218424661971,2.0,13.080251497269884,Membrane targeting,DSPC,Lipid receptor,57.26132636310905,7.84e+13,Lipid synthesis,7.0,290.0,Yes,0.001,95,ChemSpider,0.85
LIPID-DSPC-0044,Lipid: DSPC,47.5,0.18157858247240133,-8.673311890522935,87.39593203192442,71.56275563207755,48.94574726572918,54.62499999999999,7088.218424661971,2.0,81.65617453987534,Membrane targeting,DSPC,Lipid receptor,55.26759938903675,4.44e+13,Lipid synthesis,7.0,290.0,Yes,0.001,95,ChemSpider,0.85
LIPID-DSPC-0045,Lipid: DSPC,47.5,0.1368490394770752,5.279648396622932,62.11421762928023,94.13888340686688,14.715622883270871,54.62499999999999,7088.218424661971,2.0,49.35343475193966,Membrane targeting,DSPC,Lipid receptor,86.78180949721668,9.50e+13,Lipid synthesis,7.0,290.0,Yes,0.001,95,ChemSpider,0.85
LIPID-DSPC-0046,Lipid: DSPC,47.5,0.1587195654204479,-19.89018948307583,76.3353589098482,92.7477892384419,16.6696820648545,54.62499999999999,7088.218424661971,2.0,54.02173909689,Membrane targeting,DSPC,Lipid receptor,83.30320142189714,5.12e+13,Lipid synthesis,7.0,290.0,Yes,0.001,95,ChemSpider,0.85
LIPID-DSPC-0047,Lipid: DSPC,47.5,0.19486531413962402,-13.798571683939503,77.12838447406389,87.14792976887448,43.537729998483904,54.62499999999999,7088.218424661971,2.0,32.42250010560932,Membrane targeting,DSPC,Lipid receptor,70.15787058098216,1.20e+13,Lipid synthesis,7.0,290.0,Yes,0.001,95,ChemSpider,0.85
LIPID-DSPC-0048,Lipid: DSPC,47.5,0.15567449889689983,-4.3970774069823975,74.36354292176054,80.53482973054318,25.708138719599894,54.62499999999999,7088.218424661971,2.0,46.93031768892142,Membrane targeting,DSPC,Lipid receptor,88.79451774110652,3.26e+13,Lipid synthesis,7.0,290.0,Yes,0.001,95,ChemSpider,0.85
LIPID-DSPC-0049,Lipid: DSPC,47.5,0.12673209020366452,-25.844797287920958,90.69888218081675,85.95692074392625,26.65320225633883,54.62499999999999,7088.218424661971,2.0,26.573350191385842,Membrane targeting,DSPC,Lipid receptor,77.03819859640295,2.06e+13,Lipid synthesis,7.0,290.0,Yes,0.001,95,ChemSpider,0.85
LIPID-DSPC-0050,Lipid: DSPC,47.5,0.11876338445289664,-24.941416243485875,68.30446045485333,78.40914638456998,25.68090158139022,54.62499999999999,7088.218424661971,2.0,59.5782541754577,Membrane targeting,DSPC,Lipid receptor,57.179286082370695,7.75e+13,Lipid synthesis,7.0,290.0,Yes,0.001,95,ChemSpider,0.85
LIPID-DMG (-0001,Lipid: DMG (Dimyristoylglicerol),55.0,0.22754909035526688,-1.5801595824929748,69.82477545462461,83.93747267288377,17.409196055825085,63.24999999999999,9503.317777109125,2.0,45.47258486950875,Membrane targeting,DMG (Dimyristoylglicerol),Lipid receptor,72.4017290002013,8.18e+13,Lipid synthesis,7.0,290.0,Yes,0.001,110,ChemSpider,0.85
LIPID-DMG (-0002,Lipid: DMG (Dimyristoylglicerol),55.0,0.10898874207154428,-11.313029258178897,89.05005938133522,83.16081425540862,35.030587162249944,63.24999999999999,9503.317777109125,2.0,43.95546979390874,Membrane targeting,DMG (Dimyristoylglicerol),Lipid receptor,88.84445698329904,8.86e+13,Lipid synthesis,7.0,290.0,Yes,0.001,110,ChemSpider,0.85
LIPID-DMG (-0003,Lipid: DMG (Dimyristoylglicerol),55.0,0.1869537374429077,-19.094997977518304,90.0797107068777,74.20962873436639,27.257216044287368,63.24999999999999,9503.317777109125,2.0,8.224924444955505,Membrane targeting,DMG (Dimyristoylglicerol),Lipid receptor,51.29939290693878,1.02e+13,Lipid synthesis,7.0,290.0,Yes,0.001,110,ChemSpider,0.85
LIPID-DMG (-0004,Lipid: DMG (Dimyristoylglicerol),55.0,0.1754153518590364,-5.535446712156524,75.78841493426928,90.81658245066379,23.270446530559973,63.24999999999999,9503.317777109125,2.0,20.430047720300525,Membrane targeting,DMG (Dimyristoylglicerol),Lipid receptor,79.08750784952136,6.68e+13,Lipid synthesis,7.0,290.0,Yes,0.001,110,ChemSpider,0.85
LIPID-DMG (-0005,Lipid: DMG (Dimyristoylglicerol),55.0,0.18738146937241748,9.016873044643873,87.69125061170858,72.10380015035656,35.77904452340408,63.24999999999999,9503.317777109125,2.0,53.716505163522456,Membrane targeting,DMG (Dimyristoylglicerol),Lipid receptor,87.05346213934482,2.08e+13,Lipid synthesis,7.0,290.0,Yes,0.001,110,ChemSpider,0.85
LIPID-DMG (-0006,Lipid: DMG (Dimyristoylglicerol),55.0,0.22709392000806294,-23.936998495443852,94.53450214618145,74.18237987717903,36.31939217917715,63.24999999999999,9503.317777109125,2.0,81.73891580473426,Membrane targeting,DMG (Dimyristoylglicerol),Lipid receptor,71.04354134530986,9.66e+13,Lipid synthesis,7.0,290.0,Yes,0.001,110,ChemSpider,0.85
LIPID-DMG (-0007,Lipid: DMG (Dimyristoylglicerol),55.0,0.19955873614976077,-14.255061760415744,85.63193089416421,87.8933915741463,41.92465881804397,63.24999999999999,9503.317777109125,2.0,57.93159579232762,Membrane targeting,DMG (Dimyristoylglicerol),Lipid receptor,52.40100478033832,3.87e+13,Lipid synthesis,7.0,290.0,Yes,0.001,110,ChemSpider,0.85
LIPID-DMG (-0008,Lipid: DMG (Dimyristoylglicerol),55.0,0.21205857599516076,18.471129639963024,72.19528321611375,93.93238980388242,27.01226811732807,63.24999999999999,9503.317777109125,2.0,26.50044905039642,Membrane targeting,DMG (Dimyristoylglicerol),Lipid receptor,52.098916647104346,6.31e+13,Lipid synthesis,7.0,290.0,Yes,0.001,110,ChemSpider,0.85
LIPID-DMG (-0009,Lipid: DMG (Dimyristoylglicerol),55.0,0.13498690726833637,-11.50961583726422,69.78545636730436,91.32347637545477,16.085244268933433,63.24999999999999,9503.317777109125,2.0,53.82891757208614,Membrane targeting,DMG (Dimyristoylglicerol),Lipid receptor,61.42586876696396,2.66e+13,Lipid synthesis,7.0,290.0,Yes,0.001,110,ChemSpider,0.85
LIPID-DMG (-0010,Lipid: DMG (Dimyristoylglicerol),55.0,0.15564191156463925,-25.650507274130693,94.57332110085673,78.11750723561308,30.553021635385733,63.24999999999999,9503.317777109125,2.0,60.77280422145063,Membrane targeting,DMG (Dimyristoylglicerol),Lipid receptor,71.57652921763005,1.34e+13,Lipid synthesis,7.0,290.0,Yes,0.001,110,ChemSpider,0.85
LIPID-DMG (-0011,Lipid: DMG (Dimyristoylglicerol),55.0,0.15176157335065343,-28.716971521633717,85.96803821690615,81.41301763181336,37.22416140547835,63.24999999999999,9503.317777109125,2.0,53.914434994143676,Membrane targeting,DMG (Dimyristoylglicerol),Lipid receptor,74.66418917743428,8.47e+13,Lipid synthesis,7.0,290.0,Yes,0.001,110,ChemSpider,0.85
LIPID-DMG (-0012,Lipid: DMG (Dimyristoylglicerol),55.0,0.23455517076507537,-13.055887426039426,61.98478534444687,75.53125747594049,21.338051622386978,63.24999999999999,9503.317777109125,2.0,17.129662375837412,Membrane targeting,DMG (Dimyristoylglicerol),Lipid receptor,55.42402632582376,5.35e+13,Lipid synthesis,7.0,290.0,Yes,0.001,110,ChemSpider,0.85
LIPID-DMG (-0013,Lipid: DMG (Dimyristoylglicerol),55.0,0.18598638326219935,5.507624344354674,67.27237545901923,80.1300697580926,24.20134486060761,63.24999999999999,9503.317777109125,2.0,15.60375036646267,Membrane targeting,DMG (Dimyristoylglicerol),Lipid receptor,77.9764162537571,9.38e+13,Lipid synthesis,7.0,290.0,Yes,0.001,110,ChemSpider,0.85
LIPID-DMG (-0014,Lipid: DMG (Dimyristoylglicerol),55.0,0.19437963517337717,-11.401963679684954,65.79979371850055,71.26210862587625,18.792744144220535,63.24999999999999,9503.317777109125,2.0,28.89973394165403,Membrane targeting,DMG (Dimyristoylglicerol),Lipid receptor,82.01430895942971,4.11e+13,Lipid synthesis,7.0,290.0,Yes,0.001,110,ChemSpider,0.85
LIPID-DMG (-0015,Lipid: DMG (Dimyristoylglicerol),55.0,0.09118070881273035,-20.871449384596097,77.39749128827972,94.2635834937843,24.500672895725366,63.24999999999999,9503.317777109125,2.0,28.84415226539018,Membrane targeting,DMG (Dimyristoylglicerol),Lipid receptor,57.04901083293818,4.09e+13,Lipid synthesis,7.0,290.0,Yes,0.001,110,ChemSpider,0.85
LIPID-DMG (-0016,Lipid: DMG (Dimyristoylglicerol),55.0,0.1793448349707728,12.974795846383024,81.54308248248414,86.00518823654693,43.640302623906344,63.24999999999999,9503.317777109125,2.0,10.791012391592622,Membrane targeting,DMG (Dimyristoylglicerol),Lipid receptor,58.64207999941537,9.07e+13,Lipid synthesis,7.0,290.0,Yes,0.001,110,ChemSpider,0.85
LIPID-DMG (-0017,Lipid: DMG (Dimyristoylglicerol),55.0,0.09100110277463161,14.90394232873556,65.63766313697958,81.01039575229352,37.63778695717116,63.24999999999999,9503.317777109125,2.0,69.60742086975839,Membrane targeting,DMG (Dimyristoylglicerol),Lipid receptor,83.51230666859857,8.27e+13,Lipid synthesis,7.0,290.0,Yes,0.001,110,ChemSpider,0.85
LIPID-DMG (-0018,Lipid: DMG (Dimyristoylglicerol),55.0,0.1705803063260344,8.827142964011855,64.51175462500747,80.21930874631947,35.448353288076255,63.24999999999999,9503.317777109125,2.0,34.86493745093114,Membrane targeting,DMG (Dimyristoylglicerol),Lipid receptor,66.65808655710956,1.34e+13,Lipid synthesis,7.0,290.0,Yes,0.001,110,ChemSpider,0.85
LIPID-DMG (-0019,Lipid: DMG (Dimyristoylglicerol),55.0,0.12224226785495707,13.319021033895211,68.81202881003064,76.23173151996762,22.834007834235162,63.24999999999999,9503.317777109125,2.0,34.04495316618846,Membrane targeting,DMG (Dimyristoylglicerol),Lipid receptor,74.51611013022531,7.60e+13,Lipid synthesis,7.0,290.0,Yes,0.001,110,ChemSpider,0.85
LIPID-DMG (-0020,Lipid: DMG (Dimyristoylglicerol),55.0,0.16007923377305244,-14.159128563723485,89.74140213875692,81.17751635625721,42.820900509455825,63.24999999999999,9503.317777109125,2.0,21.79614691029124,Membrane targeting,DMG (Dimyristoylglicerol),Lipid receptor,70.95816973995068,9.44e+13,Lipid synthesis,7.0,290.0,Yes,0.001,110,ChemSpider,0.85
LIPID-DMG (-0021,Lipid: DMG (Dimyristoylglicerol),55.0,0.2142143481590172,15.51504016882668,92.30139563695829,87.38230003591725,30.561542204724546,63.24999999999999,9503.317777109125,2.0,64.03385388209207,Membrane targeting,DMG (Dimyristoylglicerol),Lipid receptor,81.34447145677669,7.83e+13,Lipid synthesis,7.0,290.0,Yes,0.001,110,ChemSpider,0.85
LIPID-DMG (-0022,Lipid: DMG (Dimyristoylglicerol),55.0,0.0952475261730812,-21.495946783333963,75.61621370472372,93.63880819225557,18.70406105363891,63.24999999999999,9503.317777109125,2.0,10.753825802674951,Membrane targeting,DMG (Dimyristoylglicerol),Lipid receptor,56.74843201361445,1.34e+13,Lipid synthesis,7.0,290.0,Yes,0.001,110,ChemSpider,0.85
LIPID-DMG (-0023,Lipid: DMG (Dimyristoylglicerol),55.0,0.16585072983654237,12.364945785404615,67.810136757575,93.1199968272272,20.552570130289894,63.24999999999999,9503.317777109125,2.0,7.57278628361613,Membrane targeting,DMG (Dimyristoylglicerol),Lipid receptor,80.43919892302017,2.38e+13,Lipid synthesis,7.0,290.0,Yes,0.001,110,ChemSpider,0.85
LIPID-DMG (-0024,Lipid: DMG (Dimyristoylglicerol),55.0,0.23530444638529985,-29.689574504037704,83.18844085686143,91.35298253348952,36.46795795356731,63.24999999999999,9503.317777109125,2.0,64.07541781632874,Membrane targeting,DMG (Dimyristoylglicerol),Lipid receptor,76.40382425155079,3.43e+13,Lipid synthesis,7.0,290.0,Yes,0.001,110,ChemSpider,0.85
LIPID-DMG (-0025,Lipid: DMG (Dimyristoylglicerol),55.0,0.13880469012188265,-1.8797557851500244,65.76864786574741,87.78166168759009,37.43560615448739,63.24999999999999,9503.317777109125,2.0,17.884765716718306,Membrane targeting,DMG (Dimyristoylglicerol),Lipid receptor,65.20641695967322,2.36e+13,Lipid synthesis,7.0,290.0,Yes,0.001,110,ChemSpider,0.85
LIPID-DMG (-0026,Lipid: DMG (Dimyristoylglicerol),55.0,0.14819522050498596,-2.6677607789358433,70.57411367224347,84.4302639228027,29.977620221813446,63.24999999999999,9503.317777109125,2.0,33.11047200006375,Membrane targeting,DMG (Dimyristoylglicerol),Lipid receptor,57.50349039211579,9.74e+13,Lipid synthesis,7.0,290.0,Yes,0.001,110,ChemSpider,0.85
LIPID-DMG (-0027,Lipid: DMG (Dimyristoylglicerol),55.0,0.23265114251867625,-1.8961091094940485,87.0129115018285,74.91096825490996,25.172790638370106,63.24999999999999,9503.317777109125,2.0,61.63806812488713,Membrane targeting,DMG (Dimyristoylglicerol),Lipid receptor,88.04688606520148,3.72e+13,Lipid synthesis,7.0,290.0,Yes,0.001,110,ChemSpider,0.85
LIPID-DMG (-0028,Lipid: DMG (Dimyristoylglicerol),55.0,0.1773634512853728,-24.035398745939077,85.25670304640124,86.21670042648861,47.55237234768002,63.24999999999999,9503.317777109125,2.0,63.38336428346372,Membrane targeting,DMG (Dimyristoylglicerol),Lipid receptor,62.09901315970406,9.63e+13,Lipid synthesis,7.0,290.0,Yes,0.001,110,ChemSpider,0.85
LIPID-DMG (-0029,Lipid: DMG (Dimyristoylglicerol),55.0,0.18009581750108328,-1.748256851469499,94.75150534808137,90.72347818734399,29.509220718226985,63.24999999999999,9503.317777109125,2.0,55.1215530809863,Membrane targeting,DMG (Dimyristoylglicerol),Lipid receptor,53.47993179318413,5.22e+13,Lipid synthesis,7.0,290.0,Yes,0.001,110,ChemSpider,0.85
LIPID-DMG (-0030,Lipid: DMG (Dimyristoylglicerol),55.0,0.10835891025105289,2.8054551335199918,94.32728018673365,76.97033983103293,19.515821298766195,63.24999999999999,9503.317777109125,2.0,33.52547326615665,Membrane targeting,DMG (Dimyristoylglicerol),Lipid receptor,73.49101573499405,4.08e+13,Lipid synthesis,7.0,290.0,Yes,0.001,110,ChemSpider,0.85
LIPID-DMG (-0031,Lipid: DMG (Dimyristoylglicerol),55.0,0.09191120237154152,-7.709204965789201,69.33200058134587,94.7475787183228,40.28511541985745,63.24999999999999,9503.317777109125,2.0,42.41105548167936,Membrane targeting,DMG (Dimyristoylglicerol),Lipid receptor,73.10145173463918,5.41e+13,Lipid synthesis,7.0,290.0,Yes,0.001,110,ChemSpider,0.85
LIPID-DMG (-0032,Lipid: DMG (Dimyristoylglicerol),55.0,0.10738915607999723,11.993699945137259,83.5734600832913,80.39460906305935,27.126327518577593,63.24999999999999,9503.317777109125,2.0,59.87403814813036,Membrane targeting,DMG (Dimyristoylglicerol),Lipid receptor,75.911892172735,2.28e+13,Lipid synthesis,7.0,290.0,Yes,0.001,110,ChemSpider,0.85
LIPID-DMG (-0033,Lipid: DMG (Dimyristoylglicerol),55.0,0.0830334103550118,17.956408610941224,89.19935559762105,91.66638529266885,48.98571178444803,63.24999999999999,9503.317777109125,2.0,87.98837542687336,Membrane targeting,DMG (Dimyristoylglicerol),Lipid receptor,54.01144576443286,4.19e+13,Lipid synthesis,7.0,290.0,Yes,0.001,110,ChemSpider,0.85
LIPID-DMG (-0034,Lipid: DMG (Dimyristoylglicerol),55.0,0.1792237600464287,-25.396380600220787,64.8227224715764,92.36414512779405,31.969537766907198,63.24999999999999,9503.317777109125,2.0,49.483563660609505,Membrane targeting,DMG (Dimyristoylglicerol),Lipid receptor,89.89481674351426,5.82e+13,Lipid synthesis,7.0,290.0,Yes,0.001,110,ChemSpider,0.85
LIPID-DMG (-0035,Lipid: DMG (Dimyristoylglicerol),55.0,0.12729435915759002,-3.4964137000338624,77.7506150135582,92.15231666273979,42.75514929015924,63.24999999999999,9503.317777109125,2.0,54.834367088716704,Membrane targeting,DMG (Dimyristoylglicerol),Lipid receptor,56.70217343735107,4.33e+13,Lipid synthesis,7.0,290.0,Yes,0.001,110,ChemSpider,0.85
LIPID-DMG (-0036,Lipid: DMG (Dimyristoylglicerol),55.0,0.20899256029887087,1.2351646163865446,69.52904722658171,81.51777936424779,24.156093650983514,63.24999999999999,9503.317777109125,2.0,88.22652903546242,Membrane targeting,DMG (Dimyristoylglicerol),Lipid receptor,69.56400301229294,4.63e+13,Lipid synthesis,7.0,290.0,Yes,0.001,110,ChemSpider,0.85
LIPID-DMG (-0037,Lipid: DMG (Dimyristoylglicerol),55.0,0.23587897657597723,-22.64328617753269,61.01254724957173,90.18526214605585,25.71087220264789,63.24999999999999,9503.317777109125,2.0,54.98884663758056,Membrane targeting,DMG (Dimyristoylglicerol),Lipid receptor,59.59486643359116,4.45e+13,Lipid synthesis,7.0,290.0,Yes,0.001,110,ChemSpider,0.85
LIPID-DMG (-0038,Lipid: DMG (Dimyristoylglicerol),55.0,0.20206594982057835,-12.446998105924646,76.27370698639962,81.11888579989323,48.36749467771818,63.24999999999999,9503.317777109125,2.0,76.75767020404821,Membrane targeting,DMG (Dimyristoylglicerol),Lipid receptor,56.572210488177504,3.55e+13,Lipid synthesis,7.0,290.0,Yes,0.001,110,ChemSpider,0.85
LIPID-DMG (-0039,Lipid: DMG (Dimyristoylglicerol),55.0,0.1414064585582957,18.89507378972752,63.12433100405249,86.6097546106269,45.21166484482778,63.24999999999999,9503.317777109125,2.0,56.29593502991142,Membrane targeting,DMG (Dimyristoylglicerol),Lipid receptor,65.78533260412102,2.83e+13,Lipid synthesis,7.0,290.0,Yes,0.001,110,ChemSpider,0.85
LIPID-DMG (-0040,Lipid: DMG (Dimyristoylglicerol),55.0,0.09561858920481316,-28.94514862129324,82.89229923616381,92.52680654680056,11.57396048047254,63.24999999999999,9503.317777109125,2.0,88.8283017761203,Membrane targeting,DMG (Dimyristoylglicerol),Lipid receptor,69.05702925916437,9.33e+13,Lipid synthesis,7.0,290.0,Yes,0.001,110,ChemSpider,0.85
LIPID-DMG (-0041,Lipid: DMG (Dimyristoylglicerol),55.0,0.1351749389336902,-13.513123315869926,60.04922031338342,71.2207819183632,19.937941426955916,63.24999999999999,9503.317777109125,2.0,24.13073740022007,Membrane targeting,DMG (Dimyristoylglicerol),Lipid receptor,69.65481922181363,8.55e+13,Lipid synthesis,7.0,290.0,Yes,0.001,110,ChemSpider,0.85
LIPID-DMG (-0042,Lipid: DMG (Dimyristoylglicerol),55.0,0.15774638973011573,16.528102532800823,64.38972981015128,79.64255412488932,40.89043585245572,63.24999999999999,9503.317777109125,2.0,24.092129191765093,Membrane targeting,DMG (Dimyristoylglicerol),Lipid receptor,74.2807333399894,4.09e+13,Lipid synthesis,7.0,290.0,Yes,0.001,110,ChemSpider,0.85
LIPID-DMG (-0043,Lipid: DMG (Dimyristoylglicerol),55.0,0.22481977617662924,15.501726131877177,81.78709393515496,90.73862243097437,31.090763992226485,63.24999999999999,9503.317777109125,2.0,83.98889550371479,Membrane targeting,DMG (Dimyristoylglicerol),Lipid receptor,51.4170682141414,7.78e+13,Lipid synthesis,7.0,290.0,Yes,0.001,110,ChemSpider,0.85
LIPID-DMG (-0044,Lipid: DMG (Dimyristoylglicerol),55.0,0.20226288320856534,-8.717920608802018,71.8117020325356,94.07239529919687,32.86221913905081,63.24999999999999,9503.317777109125,2.0,22.27103008593851,Membrane targeting,DMG (Dimyristoylglicerol),Lipid receptor,81.3174375465378,5.41e+13,Lipid synthesis,7.0,290.0,Yes,0.001,110,ChemSpider,0.85
LIPID-DMG (-0045,Lipid: DMG (Dimyristoylglicerol),55.0,0.133318706250001,-24.21594854875736,83.81329510759409,80.1848074415799,20.61868707615063,63.24999999999999,9503.317777109125,2.0,74.59708223450983,Membrane targeting,DMG (Dimyristoylglicerol),Lipid receptor,71.49754799151418,3.60e+13,Lipid synthesis,7.0,290.0,Yes,0.001,110,ChemSpider,0.85
LIPID-DMG (-0046,Lipid: DMG (Dimyristoylglicerol),55.0,0.21674196787499478,3.8781810788390345,64.47708614500792,84.79345184241454,34.24291399254324,63.24999999999999,9503.317777109125,2.0,85.43522861689367,Membrane targeting,DMG (Dimyristoylglicerol),Lipid receptor,88.63519674571043,5.68e+13,Lipid synthesis,7.0,290.0,Yes,0.001,110,ChemSpider,0.85
LIPID-DMG (-0047,Lipid: DMG (Dimyristoylglicerol),55.0,0.21712857428270144,-17.93030420452836,81.60762381266414,83.68499025144095,39.21739818174809,63.24999999999999,9503.317777109125,2.0,10.93813760244836,Membrane targeting,DMG (Dimyristoylglicerol),Lipid receptor,84.17218407086068,6.26e+13,Lipid synthesis,7.0,290.0,Yes,0.001,110,ChemSpider,0.85
LIPID-DMG (-0048,Lipid: DMG (Dimyristoylglicerol),55.0,0.10537216654719582,-1.9128486814952161,87.3578479911492,85.20061896162264,19.20467180212681,63.24999999999999,9503.317777109125,2.0,52.26148955592562,Membrane targeting,DMG (Dimyristoylglicerol),Lipid receptor,64.77435982694746,5.28e+13,Lipid synthesis,7.0,290.0,Yes,0.001,110,ChemSpider,0.85
LIPID-DMG (-0049,Lipid: DMG (Dimyristoylglicerol),55.0,0.17518107354516665,16.890821223446657,71.39366243567692,85.27248512445455,44.33797388609151,63.24999999999999,9503.317777109125,2.0,53.871574665823154,Membrane targeting,DMG (Dimyristoylglicerol),Lipid receptor,83.94000541094296,2.12e+13,Lipid synthesis,7.0,290.0,Yes,0.001,110,ChemSpider,0.85
LIPID-DMG (-0050,Lipid: DMG (Dimyristoylglicerol),55.0,0.22695648291854337,16.722013160975756,64.42588447428504,85.522084702192,15.098174126887965,63.24999999999999,9503.317777109125,2.0,65.71155160617586,Membrane targeting,DMG (Dimyristoylglicerol),Lipid receptor,85.82622311834153,2.52e+13,Lipid synthesis,7.0,290.0,Yes,0.001,110,ChemSpider,0.85
LIPID-SM (S-0001,Lipid: SM (Sphingomyelin),52.5,0.12160476978457563,17.845792079532288,84.94495447752331,71.05874841271859,44.85421969660377,60.37499999999999,8659.014751456867,2.0,52.920538057558645,Membrane targeting,SM (Sphingomyelin),Lipid receptor,64.72356417711673,8.31e+13,Lipid synthesis,7.0,290.0,Yes,0.001,105,ChemSpider,0.85
LIPID-SM (S-0002,Lipid: SM (Sphingomyelin),52.5,0.22046649043249472,-19.098477069479504,84.62559632814634,89.71331504331539,20.305994512636243,60.37499999999999,8659.014751456867,2.0,35.543917528321224,Membrane targeting,SM (Sphingomyelin),Lipid receptor,50.979468181839266,8.91e+13,Lipid synthesis,7.0,290.0,Yes,0.001,105,ChemSpider,0.85
LIPID-SM (S-0003,Lipid: SM (Sphingomyelin),52.5,0.11640808788281337,-16.30109651267629,80.41180721071244,89.36439892463402,17.783896865631313,60.37499999999999,8659.014751456867,2.0,89.27452274857961,Membrane targeting,SM (Sphingomyelin),Lipid receptor,51.37609442329395,6.52e+13,Lipid synthesis,7.0,290.0,Yes,0.001,105,ChemSpider,0.85
LIPID-SM (S-0004,Lipid: SM (Sphingomyelin),52.5,0.08751104346478421,-8.256314924928255,84.64259446083632,90.10953403183203,20.825302668943152,60.37499999999999,8659.014751456867,2.0,68.0222183950008,Membrane targeting,SM (Sphingomyelin),Lipid receptor,75.06988074273036,7.71e+13,Lipid synthesis,7.0,290.0,Yes,0.001,105,ChemSpider,0.85
LIPID-SM (S-0005,Lipid: SM (Sphingomyelin),52.5,0.1717456068394062,-24.321775312025935,72.32560159051094,70.03482486895608,44.29931979930813,60.37499999999999,8659.014751456867,2.0,50.857576223769016,Membrane targeting,SM (Sphingomyelin),Lipid receptor,85.90132699526968,8.36e+13,Lipid synthesis,7.0,290.0,Yes,0.001,105,ChemSpider,0.85
LIPID-SM (S-0006,Lipid: SM (Sphingomyelin),52.5,0.23600500591049384,19.079342022550748,90.92556500974794,79.64930903891309,36.138527284734145,60.37499999999999,8659.014751456867,2.0,86.12678754961513,Membrane targeting,SM (Sphingomyelin),Lipid receptor,72.79209543588767,3.11e+13,Lipid synthesis,7.0,290.0,Yes,0.001,105,ChemSpider,0.85
LIPID-SM (S-0007,Lipid: SM (Sphingomyelin),52.5,0.1536420862069131,-7.842181131851877,73.62011399179774,80.59166195308885,25.60320906274891,60.37499999999999,8659.014751456867,2.0,10.936906474501866,Membrane targeting,SM (Sphingomyelin),Lipid receptor,72.85281970947486,6.22e+13,Lipid synthesis,7.0,290.0,Yes,0.001,105,ChemSpider,0.85
LIPID-SM (S-0008,Lipid: SM (Sphingomyelin),52.5,0.15870756112387888,-19.382167465764155,68.84880381331537,82.5692477040906,37.55899896124514,60.37499999999999,8659.014751456867,2.0,8.713687851749532,Membrane targeting,SM (Sphingomyelin),Lipid receptor,68.89228051802309,1.46e+13,Lipid synthesis,7.0,290.0,Yes,0.001,105,ChemSpider,0.85
LIPID-SM (S-0009,Lipid: SM (Sphingomyelin),52.5,0.23823189599767647,14.636908555421144,61.0663351774964,83.22603996464638,14.580726896186714,60.37499999999999,8659.014751456867,2.0,71.88059516964094,Membrane targeting,SM (Sphingomyelin),Lipid receptor,74.66048633820513,6.25e+13,Lipid synthesis,7.0,290.0,Yes,0.001,105,ChemSpider,0.85
LIPID-SM (S-0010,Lipid: SM (Sphingomyelin),52.5,0.18005326369760843,-23.382977712461916,89.8175094923374,77.13319447165063,30.283316387316205,60.37499999999999,8659.014751456867,2.0,70.91215159318153,Membrane targeting,SM (Sphingomyelin),Lipid receptor,71.15904730824262,7.93e+13,Lipid synthesis,7.0,290.0,Yes,0.001,105,ChemSpider,0.85
LIPID-SM (S-0011,Lipid: SM (Sphingomyelin),52.5,0.22891617684146853,-21.17595723173172,65.7602321214001,77.27838006895,15.05225011657597,60.37499999999999,8659.014751456867,2.0,19.41882522151125,Membrane targeting,SM (Sphingomyelin),Lipid receptor,54.23807493579156,7.33e+13,Lipid synthesis,7.0,290.0,Yes,0.001,105,ChemSpider,0.85
LIPID-SM (S-0012,Lipid: SM (Sphingomyelin),52.5,0.23076830917165214,18.154736933728877,89.19224839306537,90.59148442186805,33.30625745006599,60.37499999999999,8659.014751456867,2.0,82.01434434132383,Membrane targeting,SM (Sphingomyelin),Lipid receptor,67.15159990113321,3.27e+13,Lipid synthesis,7.0,290.0,Yes,0.001,105,ChemSpider,0.85
LIPID-SM (S-0013,Lipid: SM (Sphingomyelin),52.5,0.15334758123224862,-3.515876046533517,94.82162266796426,83.42112665858104,20.683694147376652,60.37499999999999,8659.014751456867,2.0,56.41832941567108,Membrane targeting,SM (Sphingomyelin),Lipid receptor,87.10825704401942,4.76e+13,Lipid synthesis,7.0,290.0,Yes,0.001,105,ChemSpider,0.85
LIPID-SM (S-0014,Lipid: SM (Sphingomyelin),52.5,0.22099018707877804,-9.032223442164284,69.68796102826047,90.133510194781,18.519198810263422,60.37499999999999,8659.014751456867,2.0,45.1599859607764,Membrane targeting,SM (Sphingomyelin),Lipid receptor,58.52038842125602,2.57e+13,Lipid synthesis,7.0,290.0,Yes,0.001,105,ChemSpider,0.85
LIPID-SM (S-0015,Lipid: SM (Sphingomyelin),52.5,0.18505163616628717,-21.072542869755758,87.94887991991608,90.7020277024101,28.273767428589327,60.37499999999999,8659.014751456867,2.0,88.91199086970263,Membrane targeting,SM (Sphingomyelin),Lipid receptor,67.87680363905461,5.22e+13,Lipid synthesis,7.0,290.0,Yes,0.001,105,ChemSpider,0.85
LIPID-SM (S-0016,Lipid: SM (Sphingomyelin),52.5,0.10710356163920433,-7.466098765935204,71.85360006226007,90.03201069453691,32.68316217277172,60.37499999999999,8659.014751456867,2.0,57.51829946734789,Membrane targeting,SM (Sphingomyelin),Lipid receptor,75.57540423461998,3.72e+13,Lipid synthesis,7.0,290.0,Yes,0.001,105,ChemSpider,0.85
LIPID-SM (S-0017,Lipid: SM (Sphingomyelin),52.5,0.1822331342187583,-24.722380341019313,63.27737618457266,84.3882708250203,12.191394514669947,60.37499999999999,8659.014751456867,2.0,57.17980394422688,Membrane targeting,SM (Sphingomyelin),Lipid receptor,60.12676645715243,9.62e+13,Lipid synthesis,7.0,290.0,Yes,0.001,105,ChemSpider,0.85
LIPID-SM (S-0018,Lipid: SM (Sphingomyelin),52.5,0.20376083394234412,18.044238599331173,87.58064525873436,94.53228213958387,17.189890362463657,60.37499999999999,8659.014751456867,2.0,34.98065992558503,Membrane targeting,SM (Sphingomyelin),Lipid receptor,59.57648357704565,8.08e+13,Lipid synthesis,7.0,290.0,Yes,0.001,105,ChemSpider,0.85
LIPID-SM (S-0019,Lipid: SM (Sphingomyelin),52.5,0.09946256498920016,-15.470252754586651,83.76239885859407,89.41285130234226,29.221056891489937,60.37499999999999,8659.014751456867,2.0,84.3365655763824,Membrane targeting,SM (Sphingomyelin),Lipid receptor,82.5811700124874,3.96e+13,Lipid synthesis,7.0,290.0,Yes,0.001,105,ChemSpider,0.85
LIPID-SM (S-0020,Lipid: SM (Sphingomyelin),52.5,0.08887714995361551,-0.5663646456278713,63.97618628598743,91.33692570680695,19.669212554383652,60.37499999999999,8659.014751456867,2.0,70.48955515562838,Membrane targeting,SM (Sphingomyelin),Lipid receptor,88.46039178241682,7.22e+13,Lipid synthesis,7.0,290.0,Yes,0.001,105,ChemSpider,0.85
LIPID-SM (S-0021,Lipid: SM (Sphingomyelin),52.5,0.24759631031014406,-15.55925340825577,67.35054460738864,81.81444956745439,41.46191765969025,60.37499999999999,8659.014751456867,2.0,56.70147914443018,Membrane targeting,SM (Sphingomyelin),Lipid receptor,63.6842975328025,9.05e+13,Lipid synthesis,7.0,290.0,Yes,0.001,105,ChemSpider,0.85
LIPID-SM (S-0022,Lipid: SM (Sphingomyelin),52.5,0.22117988723820692,15.3794196540683,76.16012910652975,88.7968224929385,33.64276613859013,60.37499999999999,8659.014751456867,2.0,81.84972252770545,Membrane targeting,SM (Sphingomyelin),Lipid receptor,51.66817631993156,9.52e+13,Lipid synthesis,7.0,290.0,Yes,0.001,105,ChemSpider,0.85
LIPID-SM (S-0023,Lipid: SM (Sphingomyelin),52.5,0.24249822747284944,-9.563723705559159,92.41352371487392,81.60954787115521,15.098397043874495,60.37499999999999,8659.014751456867,2.0,67.42443232587955,Membrane targeting,SM (Sphingomyelin),Lipid receptor,54.97483755957656,3.59e+13,Lipid synthesis,7.0,290.0,Yes,0.001,105,ChemSpider,0.85
LIPID-SM (S-0024,Lipid: SM (Sphingomyelin),52.5,0.1815899049875394,2.7091768621000156,66.92647350661879,82.34799369764427,48.01553321808627,60.37499999999999,8659.014751456867,2.0,48.2265053197905,Membrane targeting,SM (Sphingomyelin),Lipid receptor,51.59582718647418,3.76e+13,Lipid synthesis,7.0,290.0,Yes,0.001,105,ChemSpider,0.85
LIPID-SM (S-0025,Lipid: SM (Sphingomyelin),52.5,0.17337758820342603,4.422268555559285,87.94654784587317,86.60891426640103,44.8437992478044,60.37499999999999,8659.014751456867,2.0,40.81979443024915,Membrane targeting,SM (Sphingomyelin),Lipid receptor,59.71630468947766,5.32e+13,Lipid synthesis,7.0,290.0,Yes,0.001,105,ChemSpider,0.85
LIPID-SM (S-0026,Lipid: SM (Sphingomyelin),52.5,0.2204970334528913,-6.087136709843438,66.11405796195379,70.90200154079788,27.858993351799697,60.37499999999999,8659.014751456867,2.0,13.63562416904297,Membrane targeting,SM (Sphingomyelin),Lipid receptor,87.44599930600315,3.86e+13,Lipid synthesis,7.0,290.0,Yes,0.001,105,ChemSpider,0.85
LIPID-SM (S-0027,Lipid: SM (Sphingomyelin),52.5,0.10049360175147798,-18.902778565779528,92.6889869878803,84.1325789951387,43.47754435361173,60.37499999999999,8659.014751456867,2.0,54.43355243110319,Membrane targeting,SM (Sphingomyelin),Lipid receptor,61.065835976223376,4.68e+13,Lipid synthesis,7.0,290.0,Yes,0.001,105,ChemSpider,0.85
LIPID-SM (S-0028,Lipid: SM (Sphingomyelin),52.5,0.10059094785914577,15.831285822888795,86.68983698283203,73.7759115706568,26.589416792381257,60.37499999999999,8659.014751456867,2.0,71.7254256371637,Membrane targeting,SM (Sphingomyelin),Lipid receptor,68.29928056125898,6.47e+13,Lipid synthesis,7.0,290.0,Yes,0.001,105,ChemSpider,0.85
LIPID-SM (S-0029,Lipid: SM (Sphingomyelin),52.5,0.1683898902330209,-18.38341233566519,82.62463776345811,76.71602793163046,44.952436488029235,60.37499999999999,8659.014751456867,2.0,65.19183100246825,Membrane targeting,SM (Sphingomyelin),Lipid receptor,89.1005038872542,5.53e+13,Lipid synthesis,7.0,290.0,Yes,0.001,105,ChemSpider,0.85
LIPID-SM (S-0030,Lipid: SM (Sphingomyelin),52.5,0.12170650652433848,2.6450779962387614,63.352454189953434,81.62920064176312,47.028869700119344,60.37499999999999,8659.014751456867,2.0,25.002446394487407,Membrane targeting,SM (Sphingomyelin),Lipid receptor,64.85706021706254,6.98e+13,Lipid synthesis,7.0,290.0,Yes,0.001,105,ChemSpider,0.85
LIPID-SM (S-0031,Lipid: SM (Sphingomyelin),52.5,0.08236261157881353,-13.43601472786683,64.25064490630959,83.51077220733112,28.62163103570756,60.37499999999999,8659.014751456867,2.0,39.50988632132108,Membrane targeting,SM (Sphingomyelin),Lipid receptor,79.05311594275898,9.09e+13,Lipid synthesis,7.0,290.0,Yes,0.001,105,ChemSpider,0.85
LIPID-SM (S-0032,Lipid: SM (Sphingomyelin),52.5,0.1397429451103177,8.04200618373762,82.17215191726618,91.72934875144392,18.02165251754709,60.37499999999999,8659.014751456867,2.0,52.659573957005826,Membrane targeting,SM (Sphingomyelin),Lipid receptor,68.2896643343594,4.52e+13,Lipid synthesis,7.0,290.0,Yes,0.001,105,ChemSpider,0.85
LIPID-SM (S-0033,Lipid: SM (Sphingomyelin),52.5,0.09261890599072548,-24.035367646441987,66.00962735547371,85.60721946946116,39.52439875975573,60.37499999999999,8659.014751456867,2.0,72.79972667911018,Membrane targeting,SM (Sphingomyelin),Lipid receptor,73.93249250924778,2.35e+13,Lipid synthesis,7.0,290.0,Yes,0.001,105,ChemSpider,0.85
LIPID-SM (S-0034,Lipid: SM (Sphingomyelin),52.5,0.1931888905270283,7.092309461312354,82.10796576571528,90.17724364750906,16.214248892328005,60.37499999999999,8659.014751456867,2.0,20.05934848539042,Membrane targeting,SM (Sphingomyelin),Lipid receptor,87.07213150813135,7.85e+13,Lipid synthesis,7.0,290.0,Yes,0.001,105,ChemSpider,0.85
LIPID-SM (S-0035,Lipid: SM (Sphingomyelin),52.5,0.22936151435931684,1.815093651726638,79.04858265893266,76.8943009783573,36.88267512791445,60.37499999999999,8659.014751456867,2.0,81.79684749688771,Membrane targeting,SM (Sphingomyelin),Lipid receptor,78.67354112935647,8.05e+13,Lipid synthesis,7.0,290.0,Yes,0.001,105,ChemSpider,0.85
LIPID-SM (S-0036,Lipid: SM (Sphingomyelin),52.5,0.1137150209893868,15.594843520951322,80.0065127108216,90.84530164741416,17.454239993433585,60.37499999999999,8659.014751456867,2.0,59.11195212084085,Membrane targeting,SM (Sphingomyelin),Lipid receptor,69.92505086701684,2.96e+13,Lipid synthesis,7.0,290.0,Yes,0.001,105,ChemSpider,0.85
LIPID-SM (S-0037,Lipid: SM (Sphingomyelin),52.5,0.10046971827438389,15.278573678350696,89.20168765185855,89.32688782810331,38.46055590414821,60.37499999999999,8659.014751456867,2.0,77.4989389246273,Membrane targeting,SM (Sphingomyelin),Lipid receptor,72.8876894763342,4.00e+13,Lipid synthesis,7.0,290.0,Yes,0.001,105,ChemSpider,0.85
LIPID-SM (S-0038,Lipid: SM (Sphingomyelin),52.5,0.11315850701030221,10.162402643807482,92.49032266820372,83.671228624961,33.41134983000445,60.37499999999999,8659.014751456867,2.0,35.59913309491775,Membrane targeting,SM (Sphingomyelin),Lipid receptor,69.94436479741259,9.72e+13,Lipid synthesis,7.0,290.0,Yes,0.001,105,ChemSpider,0.85
LIPID-SM (S-0039,Lipid: SM (Sphingomyelin),52.5,0.08554370377087137,-12.413848324896627,89.72358491817853,76.93006358888644,43.81525351814751,60.37499999999999,8659.014751456867,2.0,15.884227049938673,Membrane targeting,SM (Sphingomyelin),Lipid receptor,86.75963127096917,3.91e+13,Lipid synthesis,7.0,290.0,Yes,0.001,105,ChemSpider,0.85
LIPID-SM (S-0040,Lipid: SM (Sphingomyelin),52.5,0.2178656900324889,6.02772522160452,73.96062555959342,91.97296834953285,38.94497925288796,60.37499999999999,8659.014751456867,2.0,10.341775982164847,Membrane targeting,SM (Sphingomyelin),Lipid receptor,83.3095568777967,5.47e+13,Lipid synthesis,7.0,290.0,Yes,0.001,105,ChemSpider,0.85
LIPID-SM (S-0041,Lipid: SM (Sphingomyelin),52.5,0.13645845731757167,-3.4147649095898345,81.85393604591084,74.24705760737962,25.5631746119775,60.37499999999999,8659.014751456867,2.0,17.841293383686285,Membrane targeting,SM (Sphingomyelin),Lipid receptor,87.49686830718281,5.33e+13,Lipid synthesis,7.0,290.0,Yes,0.001,105,ChemSpider,0.85
LIPID-SM (S-0042,Lipid: SM (Sphingomyelin),52.5,0.1972057757947945,-5.428034865699434,64.08019306289228,74.93410070155241,48.32868839115167,60.37499999999999,8659.014751456867,2.0,56.698550195539696,Membrane targeting,SM (Sphingomyelin),Lipid receptor,88.92652223065292,3.24e+13,Lipid synthesis,7.0,290.0,Yes,0.001,105,ChemSpider,0.85
LIPID-SM (S-0043,Lipid: SM (Sphingomyelin),52.5,0.1091899353601656,-9.092730746583872,81.04635059911016,86.07912721545478,24.019955409100156,60.37499999999999,8659.014751456867,2.0,27.532444908080187,Membrane targeting,SM (Sphingomyelin),Lipid receptor,81.01051159508637,3.09e+13,Lipid synthesis,7.0,290.0,Yes,0.001,105,ChemSpider,0.85
LIPID-SM (S-0044,Lipid: SM (Sphingomyelin),52.5,0.10530686195546857,-2.9330483239497944,74.74147094222496,81.4432447220085,18.893378617389477,60.37499999999999,8659.014751456867,2.0,7.290696846304316,Membrane targeting,SM (Sphingomyelin),Lipid receptor,56.67593826597803,9.92e+13,Lipid synthesis,7.0,290.0,Yes,0.001,105,ChemSpider,0.85
LIPID-SM (S-0045,Lipid: SM (Sphingomyelin),52.5,0.18445889006717348,9.747182477997498,60.09457459894042,91.1119918907227,10.467938739554965,60.37499999999999,8659.014751456867,2.0,28.35759826575366,Membrane targeting,SM (Sphingomyelin),Lipid receptor,87.40451557537986,5.39e+13,Lipid synthesis,7.0,290.0,Yes,0.001,105,ChemSpider,0.85
LIPID-SM (S-0046,Lipid: SM (Sphingomyelin),52.5,0.08988942214499406,14.990405357431136,87.03419609856533,87.98368859264374,22.963883094678682,60.37499999999999,8659.014751456867,2.0,70.97768187917251,Membrane targeting,SM (Sphingomyelin),Lipid receptor,88.80354183367713,9.17e+13,Lipid synthesis,7.0,290.0,Yes,0.001,105,ChemSpider,0.85
LIPID-SM (S-0047,Lipid: SM (Sphingomyelin),52.5,0.1208263304565489,-3.3551676378482895,73.1685474102484,77.39942400348085,11.610493641486087,60.37499999999999,8659.014751456867,2.0,29.355740897001073,Membrane targeting,SM (Sphingomyelin),Lipid receptor,80.05294959307582,8.05e+13,Lipid synthesis,7.0,290.0,Yes,0.001,105,ChemSpider,0.85
LIPID-SM (S-0048,Lipid: SM (Sphingomyelin),52.5,0.23507625169514973,-23.133954469243246,93.03292163547115,77.77093277975845,24.425838461277863,60.37499999999999,8659.014751456867,2.0,11.484434534711689,Membrane targeting,SM (Sphingomyelin),Lipid receptor,87.1351427907344,5.36e+13,Lipid synthesis,7.0,290.0,Yes,0.001,105,ChemSpider,0.85
LIPID-SM (S-0049,Lipid: SM (Sphingomyelin),52.5,0.24114457713493564,-6.709472642991617,84.40174144867397,85.58049905242802,49.25108515370645,60.37499999999999,8659.014751456867,2.0,48.117798154239374,Membrane targeting,SM (Sphingomyelin),Lipid receptor,89.68080090571513,1.23e+13,Lipid synthesis,7.0,290.0,Yes,0.001,105,ChemSpider,0.85
LIPID-SM (S-0050,Lipid: SM (Sphingomyelin),52.5,0.23401914838732574,-6.206410458065431,77.10281275997549,82.07178211626534,24.114954350451615,60.37499999999999,8659.014751456867,2.0,79.7133173978468,Membrane targeting,SM (Sphingomyelin),Lipid receptor,74.71202040241948,3.66e+13,Lipid synthesis,7.0,290.0,Yes,0.001,105,ChemSpider,0.85
