Batch_ID,Material,Size_nm,PDI,Charge_mV,Encapsulation_%,Stability_%,Toxicity_%,Hydrodynamic_Size_nm,Surface_Area_nm2,Pore_Size_nm,Degradation_Time_days,Target_Cells,Ligand,Receptor,Delivery_Efficiency_%,Particle_Concentration_per_mL,Preparation_Method,pH,Osmolality_mOsm,Sterility_Pass,Endotoxin_EU_mL,Immune_Activation_Score,Pro_Inflammatory,Source,Confidence
GEO-IMMUNE-000001,LNP (From GEO),90.65282261805798,0.1359792232164111,-5.933235593020395,91.482660840144,88.49315885298026,20.72236563400644,107.41265820820935,28274.0,2.5,30.0,Immune Cells,Aptamer,TLR,31.083548451009662,1.1e+14,Microfluidic,7.1,285.0,Yes,0.003,2.072236563400644,No,NCBI GEO,0.8
GEO-IMMUNE-000002,LNP (From GEO),98.52609470102801,0.11463090976568102,-8.57870725773747,90.18822342524577,82.01401968395407,29.78076200131182,119.08074988429995,28274.0,2.5,30.0,Immune Cells,Aptamer,TLR,44.67114300196773,1.1e+14,Microfluidic,7.1,285.0,Yes,0.003,2.978076200131182,No,NCBI GEO,0.8
GEO-IMMUNE-000003,LNP (From GEO),97.40172729020348,0.12368577889809985,-6.384616965436775,82.46133052823266,88.17426926695796,22.90207986007925,102.3757075344884,28274.0,2.5,30.0,Immune Cells,Aptamer,TLR,34.353119790118875,1.1e+14,Microfluidic,7.1,285.0,Yes,0.003,2.290207986007925,No,NCBI GEO,0.8
GEO-IMMUNE-000004,LNP (From GEO),99.49252346352665,0.1581003973971669,-5.935237753305726,88.73380884784149,89.04552646241137,22.5836658693763,115.68983087431648,28274.0,2.5,30.0,Immune Cells,Aptamer,TLR,33.87549880406445,1.1e+14,Microfluidic,7.1,285.0,Yes,0.003,2.25836658693763,No,NCBI GEO,0.8
GEO-IMMUNE-000005,LNP (From GEO),92.17539204523955,0.16947208127495958,-13.832181412474378,91.14657103142177,78.88119786898308,16.72708580686696,103.0407780007549,28274.0,2.5,30.0,Immune Cells,Aptamer,TLR,25.090628710300443,1.1e+14,Microfluidic,7.1,285.0,Yes,0.003,1.6727085806866961,No,NCBI GEO,0.8
GEO-IMMUNE-000006,LNP (From GEO),102.31497997050094,0.196818109755206,-8.489891963531752,82.28665223110892,76.64666423940193,17.290128832669296,113.7200808870432,28274.0,2.5,30.0,Immune Cells,Aptamer,TLR,25.935193249003948,1.1e+14,Microfluidic,7.1,285.0,Yes,0.003,1.7290128832669298,No,NCBI GEO,0.8
GEO-IMMUNE-000007,LNP (From GEO),91.69040051542409,0.1982870886917028,-10.925709379402681,86.11234364835308,80.97128937251314,35.41455614646269,103.92945925676294,28274.0,2.5,30.0,Immune Cells,Aptamer,TLR,53.12183421969404,1.1e+14,Microfluidic,7.1,285.0,Yes,0.003,3.541455614646269,No,NCBI GEO,0.8
GEO-IMMUNE-000008,LNP (From GEO),94.97493745460635,0.18945808827596705,-13.336812924532008,86.03546994147693,79.84763103586903,19.058633200785863,100.26048833083819,28274.0,2.5,30.0,Immune Cells,Aptamer,TLR,28.587949801178794,1.1e+14,Microfluidic,7.1,285.0,Yes,0.003,1.9058633200785864,No,NCBI GEO,0.8
GEO-IMMUNE-000009,LNP (From GEO),94.95383716393756,0.18218209652678918,-10.233106223796394,84.17624260846928,73.71654075024655,40.90624134460399,111.90688007562795,28274.0,2.5,30.0,Immune Cells,Aptamer,TLR,61.35936201690599,1.1e+14,Microfluidic,7.1,285.0,Yes,0.003,4.090624134460399,No,NCBI GEO,0.8
GEO-IMMUNE-000010,LNP (From GEO),102.9341327511653,0.10640071644196476,-8.362092448755496,83.76293135529035,85.42110278025085,21.22637515605608,110.12450574659123,28274.0,2.5,30.0,Immune Cells,Aptamer,TLR,31.839562734084122,1.1e+14,Microfluidic,7.1,285.0,Yes,0.003,2.122637515605608,No,NCBI GEO,0.8
GEO-IMMUNE-000011,LNP (From GEO),99.4256614959591,0.14687258915365076,-8.695749363626845,80.55869758387757,85.43939296433766,24.951640214762676,101.9811826738315,28274.0,2.5,30.0,Immune Cells,Aptamer,TLR,37.427460322144015,1.1e+14,Microfluidic,7.1,285.0,Yes,0.003,2.495164021476268,No,NCBI GEO,0.8
GEO-IMMUNE-000012,LNP (From GEO),109.4073574911064,0.18390707977593754,-13.8167867700215,94.54571270872265,80.97728588919591,29.612039884017545,113.20188332176598,28274.0,2.5,30.0,Immune Cells,Aptamer,TLR,44.418059826026315,1.1e+14,Microfluidic,7.1,285.0,Yes,0.003,2.9612039884017545,No,NCBI GEO,0.8
GEO-IMMUNE-000013,LNP (From GEO),97.59675149766116,0.15128277572518284,-7.4660938759083315,81.62196186527729,85.22331400847513,21.833463149395477,116.96369325013643,28274.0,2.5,30.0,Immune Cells,Aptamer,TLR,32.75019472409321,1.1e+14,Microfluidic,7.1,285.0,Yes,0.003,2.1833463149395476,No,NCBI GEO,0.8
GEO-IMMUNE-000014,LNP (From GEO),95.14601903787486,0.1377874942170876,-13.124591758748597,80.53762523026239,86.27294239179676,24.055843750867894,104.43598974568953,28274.0,2.5,30.0,Immune Cells,Aptamer,TLR,36.08376562630184,1.1e+14,Microfluidic,7.1,285.0,Yes,0.003,2.4055843750867894,No,NCBI GEO,0.8
GEO-IMMUNE-000015,LNP (From GEO),97.98695173060658,0.14001337590602816,-10.61343504423495,83.04722298757794,81.2346007707236,37.299162464826715,107.28521372763595,28274.0,2.5,30.0,Immune Cells,Aptamer,TLR,55.94874369724007,1.1e+14,Microfluidic,7.1,285.0,Yes,0.003,3.7299162464826714,No,NCBI GEO,0.8
GEO-IMMUNE-000016,LNP (From GEO),93.33359041880007,0.17128864019707796,-7.107582862835105,85.6573987434593,80.18990350040583,31.788512123156764,118.21385499792387,28274.0,2.5,30.0,Immune Cells,Aptamer,TLR,47.682768184735146,1.1e+14,Microfluidic,7.1,285.0,Yes,0.003,3.1788512123156765,No,NCBI GEO,0.8
GEO-IMMUNE-000017,LNP (From GEO),109.10253876766907,0.1812578840812491,-14.212676918135045,85.56834359304963,85.09576755431004,37.09202319272665,118.71246205391867,28274.0,2.5,30.0,Immune Cells,Aptamer,TLR,55.63803478908998,1.1e+14,Microfluidic,7.1,285.0,Yes,0.003,3.709202319272665,No,NCBI GEO,0.8
GEO-IMMUNE-000018,LNP (From GEO),91.68703894395571,0.1247186276175534,-14.63309383547871,81.06707176114087,77.80475968474555,23.036777016402226,112.69625252457803,28274.0,2.5,30.0,Immune Cells,Aptamer,TLR,34.55516552460334,1.1e+14,Microfluidic,7.1,285.0,Yes,0.003,2.303677701640223,No,NCBI GEO,0.8
GEO-IMMUNE-000019,LNP (From GEO),108.07753716098281,0.15371229036736725,-13.390860781574908,92.62554376526067,72.38076430569362,28.133147372670972,115.28856184588693,28274.0,2.5,30.0,Immune Cells,Aptamer,TLR,42.19972105900646,1.1e+14,Microfluidic,7.1,285.0,Yes,0.003,2.8133147372670972,No,NCBI GEO,0.8
GEO-IMMUNE-000020,LNP (From GEO),101.22428397836038,0.1883155855451472,-10.93773967220512,94.5660056382163,70.94619564068343,15.68392788918212,111.48827857965583,28274.0,2.5,30.0,Immune Cells,Aptamer,TLR,23.52589183377318,1.1e+14,Microfluidic,7.1,285.0,Yes,0.003,1.568392788918212,No,NCBI GEO,0.8
GEO-IMMUNE-000021,LNP (From GEO),107.815095351227,0.14255071930277227,-10.4382567562404,86.70533174398824,81.65682751770164,26.51561284948236,119.10741050792174,28274.0,2.5,30.0,Immune Cells,Aptamer,TLR,39.773419274223535,1.1e+14,Microfluidic,7.1,285.0,Yes,0.003,2.6515612849482357,No,NCBI GEO,0.8
GEO-IMMUNE-000022,LNP (From GEO),91.6347285511513,0.13929759557233676,-13.491911929632082,83.70629870342054,87.86337833003017,27.224190645434287,104.56551397124699,28274.0,2.5,30.0,Immune Cells,Aptamer,TLR,40.83628596815143,1.1e+14,Microfluidic,7.1,285.0,Yes,0.003,2.7224190645434287,No,NCBI GEO,0.8
GEO-IMMUNE-000023,LNP (From GEO),102.7575512311075,0.17694533874446544,-7.740968458724931,94.42860264022482,73.4836611279911,20.581008771829342,116.06398414534112,28274.0,2.5,30.0,Immune Cells,Aptamer,TLR,30.871513157744015,1.1e+14,Microfluidic,7.1,285.0,Yes,0.003,2.0581008771829343,No,NCBI GEO,0.8
GEO-IMMUNE-000024,LNP (From GEO),92.43837138856107,0.12354696155271093,-14.09645543698274,83.16734664518398,72.47533434446453,25.677989345206985,100.90087429122148,28274.0,2.5,30.0,Immune Cells,Aptamer,TLR,38.51698401781048,1.1e+14,Microfluidic,7.1,285.0,Yes,0.003,2.5677989345206984,No,NCBI GEO,0.8
GEO-IMMUNE-000025,LNP (From GEO),99.28773149947742,0.14934845667504176,-10.842434551234751,88.74639348405269,72.26356938763965,34.890539539343834,105.9517123325341,28274.0,2.5,30.0,Immune Cells,Aptamer,TLR,52.33580930901576,1.1e+14,Microfluidic,7.1,285.0,Yes,0.003,3.4890539539343837,No,NCBI GEO,0.8
GEO-IMMUNE-000026,LNP (From GEO),96.09565155804894,0.10995858596625706,-11.164226500673822,93.41780905141297,82.10868392499341,14.495535713092782,112.73541834863055,28274.0,2.5,30.0,Immune Cells,Aptamer,TLR,21.743303569639174,1.1e+14,Microfluidic,7.1,285.0,Yes,0.003,1.4495535713092782,No,NCBI GEO,0.8
GEO-IMMUNE-000027,LNP (From GEO),108.44671653164065,0.10581659707700337,-8.940082487980074,82.90936610762584,84.1204774979685,20.56733421640049,115.92741568262267,28274.0,2.5,30.0,Immune Cells,Aptamer,TLR,30.851001324600734,1.1e+14,Microfluidic,7.1,285.0,Yes,0.003,2.056733421640049,No,NCBI GEO,0.8
GEO-IMMUNE-000028,LNP (From GEO),91.51755985171967,0.16655430321975234,-5.088475208685789,82.91323480904501,80.78981831981122,30.17234265726826,114.58221535215513,28274.0,2.5,30.0,Immune Cells,Aptamer,TLR,45.25851398590239,1.1e+14,Microfluidic,7.1,285.0,Yes,0.003,3.017234265726826,No,NCBI GEO,0.8
GEO-IMMUNE-000029,LNP (From GEO),104.7306763580901,0.18572168919292206,-10.097528739101627,87.49251752922005,88.27323664397457,37.98226100601278,116.80503927857131,28274.0,2.5,30.0,Immune Cells,Aptamer,TLR,56.973391509019166,1.1e+14,Microfluidic,7.1,285.0,Yes,0.003,3.7982261006012776,No,NCBI GEO,0.8
GEO-IMMUNE-000030,LNP (From GEO),99.42396447624017,0.11681716769966889,-7.620933884470582,91.43481070508824,88.04920685751102,31.32855252044004,110.28802321313741,28274.0,2.5,30.0,Immune Cells,Aptamer,TLR,46.99282878066006,1.1e+14,Microfluidic,7.1,285.0,Yes,0.003,3.132855252044004,No,NCBI GEO,0.8
GEO-IMMUNE-000031,LNP (From GEO),94.69706950545883,0.1943253588127266,-11.062671434792984,90.78595296849271,80.34659137063709,29.725600733764335,107.06187100643525,28274.0,2.5,30.0,Immune Cells,Aptamer,TLR,44.5884011006465,1.1e+14,Microfluidic,7.1,285.0,Yes,0.003,2.9725600733764335,No,NCBI GEO,0.8
GEO-IMMUNE-000032,LNP (From GEO),102.00569258344433,0.14973336078000066,-8.573861307414095,94.88443212690804,82.24695986675475,36.79225101208073,108.16226538428926,28274.0,2.5,30.0,Immune Cells,Aptamer,TLR,55.188376518121096,1.1e+14,Microfluidic,7.1,285.0,Yes,0.003,3.6792251012080732,No,NCBI GEO,0.8
GEO-IMMUNE-000033,LNP (From GEO),107.93604403507452,0.18239415820727717,-5.326510247220892,87.0161538257866,70.45339005779307,28.615753058167122,115.5853372147996,28274.0,2.5,30.0,Immune Cells,Aptamer,TLR,42.92362958725068,1.1e+14,Microfluidic,7.1,285.0,Yes,0.003,2.861575305816712,No,NCBI GEO,0.8
GEO-IMMUNE-000034,LNP (From GEO),109.91425235883672,0.14056016855889655,-14.280883986127932,85.63200643869102,86.99905888998006,23.831828894937416,106.82031471047436,28274.0,2.5,30.0,Immune Cells,Aptamer,TLR,35.747743342406125,1.1e+14,Microfluidic,7.1,285.0,Yes,0.003,2.3831828894937415,No,NCBI GEO,0.8
GEO-IMMUNE-000035,LNP (From GEO),107.92832031939142,0.15112977251898818,-6.830666421149344,87.77988280579035,77.09158036829827,31.44845438124036,114.3711419750719,28274.0,2.5,30.0,Immune Cells,Aptamer,TLR,47.17268157186054,1.1e+14,Microfluidic,7.1,285.0,Yes,0.003,3.144845438124036,No,NCBI GEO,0.8
GEO-IMMUNE-000036,LNP (From GEO),90.32848530221585,0.12954594045099135,-11.25975572717092,86.49346993101018,71.6638177397005,24.111760244972483,118.39954962552926,28274.0,2.5,30.0,Immune Cells,Aptamer,TLR,36.16764036745872,1.1e+14,Microfluidic,7.1,285.0,Yes,0.003,2.4111760244972484,No,NCBI GEO,0.8
GEO-IMMUNE-000037,LNP (From GEO),95.09919296631269,0.17973627725857325,-10.549277575828752,89.96278971689237,84.45618319784677,25.782993424625353,114.46937716691687,28274.0,2.5,30.0,Immune Cells,Aptamer,TLR,38.674490136938026,1.1e+14,Microfluidic,7.1,285.0,Yes,0.003,2.578299342462535,No,NCBI GEO,0.8
GEO-IMMUNE-000038,LNP (From GEO),109.3191967931671,0.10893326219765037,-8.59615985512298,82.16279770864138,75.39531159732314,18.927535758437624,112.88861976420637,28274.0,2.5,30.0,Immune Cells,Aptamer,TLR,28.39130363765644,1.1e+14,Microfluidic,7.1,285.0,Yes,0.003,1.8927535758437626,No,NCBI GEO,0.8
GEO-IMMUNE-000039,LNP (From GEO),102.72026437025822,0.1732770311798043,-10.022730453499694,83.75940369857919,86.39595307779497,15.284026582989675,109.0992058918137,28274.0,2.5,30.0,Immune Cells,Aptamer,TLR,22.926039874484513,1.1e+14,Microfluidic,7.1,285.0,Yes,0.003,1.5284026582989676,No,NCBI GEO,0.8
GEO-IMMUNE-000040,LNP (From GEO),97.24451536125557,0.16156803402698494,-11.51920533248445,94.6452006197785,76.51621593803243,19.246825081190586,110.57203547945625,28274.0,2.5,30.0,Immune Cells,Aptamer,TLR,28.87023762178588,1.1e+14,Microfluidic,7.1,285.0,Yes,0.003,1.9246825081190586,No,NCBI GEO,0.8
GEO-IMMUNE-000041,LNP (From GEO),92.58796696104163,0.14698030277423826,-11.284858425527336,94.09295369674898,71.58878956472307,32.48064726490118,110.72261246675993,28274.0,2.5,30.0,Immune Cells,Aptamer,TLR,48.72097089735177,1.1e+14,Microfluidic,7.1,285.0,Yes,0.003,3.248064726490118,No,NCBI GEO,0.8
GEO-IMMUNE-000042,LNP (From GEO),96.76844429320579,0.14586361272418225,-14.980669713471077,94.93886473070178,89.56127079483278,20.46537728331905,112.46061401130667,28274.0,2.5,30.0,Immune Cells,Aptamer,TLR,30.69806592497857,1.1e+14,Microfluidic,7.1,285.0,Yes,0.003,2.046537728331905,No,NCBI GEO,0.8
GEO-IMMUNE-000043,LNP (From GEO),103.20584780448564,0.1427736120168461,-11.955300172102664,86.94452852884278,83.64401754832355,25.99456339974987,115.85575948912154,28274.0,2.5,30.0,Immune Cells,Aptamer,TLR,38.99184509962481,1.1e+14,Microfluidic,7.1,285.0,Yes,0.003,2.5994563399749873,No,NCBI GEO,0.8
GEO-IMMUNE-000044,LNP (From GEO),91.31291700996678,0.10327954449662521,-14.10391473499241,80.8105599440102,80.14919285131793,34.59116053609078,113.8689065915855,28274.0,2.5,30.0,Immune Cells,Aptamer,TLR,51.886740804136174,1.1e+14,Microfluidic,7.1,285.0,Yes,0.003,3.4591160536090784,No,NCBI GEO,0.8
GEO-IMMUNE-000045,LNP (From GEO),106.71845652620263,0.19897152715885152,-5.177027137453582,90.11156694016873,84.70833096861946,24.510103948210762,113.71391797049222,28274.0,2.5,30.0,Immune Cells,Aptamer,TLR,36.76515592231615,1.1e+14,Microfluidic,7.1,285.0,Yes,0.003,2.4510103948210764,No,NCBI GEO,0.8
GEO-IMMUNE-000046,LNP (From GEO),108.51704250585428,0.19822737004481694,-11.573640539771564,84.99974107615698,80.07304221295743,18.327715450049713,106.40018202364017,28274.0,2.5,30.0,Immune Cells,Aptamer,TLR,27.49157317507457,1.1e+14,Microfluidic,7.1,285.0,Yes,0.003,1.8327715450049713,No,NCBI GEO,0.8
GEO-IMMUNE-000047,LNP (From GEO),108.24457050108937,0.14054076135016202,-8.969068086900378,87.81587070122266,73.10986814031098,36.79645949258221,100.90022933429957,28274.0,2.5,30.0,Immune Cells,Aptamer,TLR,55.19468923887331,1.1e+14,Microfluidic,7.1,285.0,Yes,0.003,3.6796459492582207,No,NCBI GEO,0.8
GEO-IMMUNE-000048,LNP (From GEO),102.49562293004261,0.11753796486877677,-8.387544780116608,89.49423775662943,84.50634889902577,31.785238424041133,110.63032782111028,28274.0,2.5,30.0,Immune Cells,Aptamer,TLR,47.6778576360617,1.1e+14,Microfluidic,7.1,285.0,Yes,0.003,3.1785238424041133,No,NCBI GEO,0.8
GEO-IMMUNE-000049,LNP (From GEO),94.45926946171008,0.19745375915633206,-7.133391110129132,82.96190829408205,76.07995791924354,35.63777475034528,100.47012111059982,28274.0,2.5,30.0,Immune Cells,Aptamer,TLR,53.456662125517916,1.1e+14,Microfluidic,7.1,285.0,Yes,0.003,3.5637774750345277,No,NCBI GEO,0.8
GEO-IMMUNE-000050,LNP (From GEO),92.78649821192009,0.1265263301984708,-5.548425324685546,87.5913130216032,76.45979521306054,18.550344392280707,117.45744998088111,28274.0,2.5,30.0,Immune Cells,Aptamer,TLR,27.82551658842106,1.1e+14,Microfluidic,7.1,285.0,Yes,0.003,1.8550344392280707,No,NCBI GEO,0.8
GEO-IMMUNE-000051,LNP (From GEO),91.01923428702041,0.1861156775800007,-14.868038249273834,86.41160547319306,73.41837938293537,25.327892479596287,102.82013354208081,28274.0,2.5,30.0,Immune Cells,Aptamer,TLR,37.99183871939443,1.1e+14,Microfluidic,7.1,285.0,Yes,0.003,2.5327892479596286,No,NCBI GEO,0.8
GEO-IMMUNE-000052,LNP (From GEO),109.82442003912843,0.13063753702214442,-6.220846258673999,88.61007930050941,73.2493010194419,19.675986350460597,105.92572264743985,28274.0,2.5,30.0,Immune Cells,Aptamer,TLR,29.513979525690896,1.1e+14,Microfluidic,7.1,285.0,Yes,0.003,1.9675986350460597,No,NCBI GEO,0.8
GEO-IMMUNE-000053,LNP (From GEO),108.57843638767436,0.17070831151215116,-9.348482337149301,93.18348559236932,86.32547449981413,23.16608271873912,117.82703900847261,28274.0,2.5,30.0,Immune Cells,Aptamer,TLR,34.74912407810868,1.1e+14,Microfluidic,7.1,285.0,Yes,0.003,2.316608271873912,No,NCBI GEO,0.8
GEO-IMMUNE-000054,LNP (From GEO),108.59141018609361,0.11382561343655433,-14.917284950928822,91.81670818114924,81.42380125901359,39.88483896928478,117.40094936471458,28274.0,2.5,30.0,Immune Cells,Aptamer,TLR,59.82725845392717,1.1e+14,Microfluidic,7.1,285.0,Yes,0.003,3.988483896928478,No,NCBI GEO,0.8
GEO-IMMUNE-000055,LNP (From GEO),101.79421235698507,0.17252940801498473,-12.380704598933903,82.06527179931646,72.58395741386937,23.741275008032833,102.6936641433479,28274.0,2.5,30.0,Immune Cells,Aptamer,TLR,35.61191251204925,1.1e+14,Microfluidic,7.1,285.0,Yes,0.003,2.3741275008032834,No,NCBI GEO,0.8
GEO-IMMUNE-000056,LNP (From GEO),99.51669763527563,0.17043062894499383,-6.005857477247014,89.78293723278247,84.91117259126219,25.905870758589064,108.69942381487428,28274.0,2.5,30.0,Immune Cells,Aptamer,TLR,38.8588061378836,1.1e+14,Microfluidic,7.1,285.0,Yes,0.003,2.5905870758589065,No,NCBI GEO,0.8
GEO-IMMUNE-000057,LNP (From GEO),93.5030143979922,0.10423328193152123,-11.397227813280752,87.89451482760991,89.99807340636147,33.84451822896856,106.48420656532645,28274.0,2.5,30.0,Immune Cells,Aptamer,TLR,50.766777343452844,1.1e+14,Microfluidic,7.1,285.0,Yes,0.003,3.3844518228968563,No,NCBI GEO,0.8
GEO-IMMUNE-000058,LNP (From GEO),99.36315267612436,0.15351683607669317,-6.099708609506035,88.58756773803027,78.67369589559074,25.119262643059482,100.8018377891777,28274.0,2.5,30.0,Immune Cells,Aptamer,TLR,37.67889396458922,1.1e+14,Microfluidic,7.1,285.0,Yes,0.003,2.511926264305948,No,NCBI GEO,0.8
GEO-IMMUNE-000059,LNP (From GEO),106.79956163245456,0.13133864843318666,-5.996025203766491,93.95306058602408,85.9703892562144,19.620759905520224,108.1146474686321,28274.0,2.5,30.0,Immune Cells,Aptamer,TLR,29.431139858280332,1.1e+14,Microfluidic,7.1,285.0,Yes,0.003,1.9620759905520222,No,NCBI GEO,0.8
GEO-IMMUNE-000060,LNP (From GEO),96.52243458074851,0.16036221612424392,-9.094320982759529,86.04111057130433,74.5616184289027,25.14145043496207,105.62069720717095,28274.0,2.5,30.0,Immune Cells,Aptamer,TLR,37.71217565244311,1.1e+14,Microfluidic,7.1,285.0,Yes,0.003,2.514145043496207,No,NCBI GEO,0.8
GEO-IMMUNE-000061,LNP (From GEO),106.01721487907056,0.1684402791655707,-8.909455698037297,80.50902874429428,74.47826044147571,20.125187215373238,113.5600369411737,28274.0,2.5,30.0,Immune Cells,Aptamer,TLR,30.187780823059857,1.1e+14,Microfluidic,7.1,285.0,Yes,0.003,2.0125187215373237,No,NCBI GEO,0.8
GEO-IMMUNE-000062,LNP (From GEO),97.62806416266659,0.17022102309439466,-7.042580153668552,87.3195254663378,85.46695470377378,22.779304470234287,116.48139280729053,28274.0,2.5,30.0,Immune Cells,Aptamer,TLR,34.16895670535143,1.1e+14,Microfluidic,7.1,285.0,Yes,0.003,2.2779304470234285,No,NCBI GEO,0.8
GEO-IMMUNE-000063,LNP (From GEO),94.31883372723009,0.1915453296829077,-7.9029664502410535,81.79707160083278,73.03573147327039,17.731370959488842,118.96124739127589,28274.0,2.5,30.0,Immune Cells,Aptamer,TLR,26.597056439233263,1.1e+14,Microfluidic,7.1,285.0,Yes,0.003,1.7731370959488841,No,NCBI GEO,0.8
GEO-IMMUNE-000064,LNP (From GEO),108.37133541972705,0.174184382121207,-7.838429007763356,92.57616036708802,78.72060360052305,31.905203745972145,108.99604524562282,28274.0,2.5,30.0,Immune Cells,Aptamer,TLR,47.85780561895822,1.1e+14,Microfluidic,7.1,285.0,Yes,0.003,3.1905203745972144,No,NCBI GEO,0.8
GEO-IMMUNE-000065,LNP (From GEO),93.02379053314986,0.10653583925249101,-10.13212102463743,85.62950143796438,88.10051049911588,21.542355721482185,105.77337871997949,28274.0,2.5,30.0,Immune Cells,Aptamer,TLR,32.31353358222328,1.1e+14,Microfluidic,7.1,285.0,Yes,0.003,2.1542355721482185,No,NCBI GEO,0.8
GEO-IMMUNE-000066,LNP (From GEO),109.85781301248937,0.10579367271831308,-12.728921113980894,89.28698505297025,84.88921332661019,26.58793734548622,116.24031879030888,28274.0,2.5,30.0,Immune Cells,Aptamer,TLR,39.88190601822933,1.1e+14,Microfluidic,7.1,285.0,Yes,0.003,2.658793734548622,No,NCBI GEO,0.8
GEO-IMMUNE-000067,LNP (From GEO),94.56214551191134,0.11612729248059249,-10.544739001417389,90.91314222890747,75.36355461356187,16.95042111594205,119.75417663796168,28274.0,2.5,30.0,Immune Cells,Aptamer,TLR,25.425631673913074,1.1e+14,Microfluidic,7.1,285.0,Yes,0.003,1.695042111594205,No,NCBI GEO,0.8
GEO-IMMUNE-000068,LNP (From GEO),108.00968668735928,0.18399790084087636,-11.794616360410984,87.66388163307391,74.03960839368439,21.437927015272177,114.76827937075544,28274.0,2.5,30.0,Immune Cells,Aptamer,TLR,32.15689052290826,1.1e+14,Microfluidic,7.1,285.0,Yes,0.003,2.1437927015272176,No,NCBI GEO,0.8
GEO-IMMUNE-000069,LNP (From GEO),93.29458902188325,0.16292685900325965,-7.6713717528197165,90.96941220939948,72.75526303215956,19.475280133404166,113.68485903015791,28274.0,2.5,30.0,Immune Cells,Aptamer,TLR,29.212920200106247,1.1e+14,Microfluidic,7.1,285.0,Yes,0.003,1.9475280133404165,No,NCBI GEO,0.8
GEO-IMMUNE-000070,LNP (From GEO),103.59677708774541,0.10909243660075929,-11.720055460912238,86.25387145885924,70.18872087836755,37.55721845065528,104.84366595590829,28274.0,2.5,30.0,Immune Cells,Aptamer,TLR,56.33582767598291,1.1e+14,Microfluidic,7.1,285.0,Yes,0.003,3.7557218450655276,No,NCBI GEO,0.8
GEO-IMMUNE-000071,LNP (From GEO),104.95556329993616,0.14825490729650864,-13.137087658623626,89.97327660826927,89.64197593246755,27.25701770175587,104.1045544759629,28274.0,2.5,30.0,Immune Cells,Aptamer,TLR,40.885526552633806,1.1e+14,Microfluidic,7.1,285.0,Yes,0.003,2.7257017701755872,No,NCBI GEO,0.8
GEO-IMMUNE-000072,LNP (From GEO),109.66224542322723,0.16275700566778217,-14.48193668203716,81.86013998047913,70.40827365587239,32.80382745795016,111.40747484912157,28274.0,2.5,30.0,Immune Cells,Aptamer,TLR,49.205741186925245,1.1e+14,Microfluidic,7.1,285.0,Yes,0.003,3.2803827457950163,No,NCBI GEO,0.8
GEO-IMMUNE-000073,LNP (From GEO),103.78348414501272,0.15225592554698358,-13.265633766562837,86.64215190650489,86.01514185302011,23.670355975250313,114.03156403257283,28274.0,2.5,30.0,Immune Cells,Aptamer,TLR,35.50553396287547,1.1e+14,Microfluidic,7.1,285.0,Yes,0.003,2.3670355975250312,No,NCBI GEO,0.8
GEO-IMMUNE-000074,LNP (From GEO),107.87469841550136,0.15306210518682614,-7.9556812346516335,93.90207432985522,75.75546011709494,20.982066305306766,113.32192963228458,28274.0,2.5,30.0,Immune Cells,Aptamer,TLR,31.473099457960153,1.1e+14,Microfluidic,7.1,285.0,Yes,0.003,2.098206630530677,No,NCBI GEO,0.8
GEO-IMMUNE-000075,LNP (From GEO),107.0663689260162,0.1517881967883519,-6.535491822338722,94.5743731538532,70.31724392234445,34.575029732570506,119.01535982306137,28274.0,2.5,30.0,Immune Cells,Aptamer,TLR,51.86254459885576,1.1e+14,Microfluidic,7.1,285.0,Yes,0.003,3.457502973257051,No,NCBI GEO,0.8
GEO-IMMUNE-000076,LNP (From GEO),108.0724245004604,0.11146140413090705,-12.57888601056883,81.41243528105169,82.80354652507465,35.75441469476888,110.83393430086923,28274.0,2.5,30.0,Immune Cells,Aptamer,TLR,53.63162204215333,1.1e+14,Microfluidic,7.1,285.0,Yes,0.003,3.5754414694768886,No,NCBI GEO,0.8
GEO-IMMUNE-000077,LNP (From GEO),103.60958122910995,0.11333004438037932,-9.500932839148764,87.77530616666344,82.54489327025551,24.377568827377928,107.71249932122063,28274.0,2.5,30.0,Immune Cells,Aptamer,TLR,36.56635324106689,1.1e+14,Microfluidic,7.1,285.0,Yes,0.003,2.437756882737793,No,NCBI GEO,0.8
GEO-IMMUNE-000078,LNP (From GEO),108.36053632754354,0.11236838531822163,-11.545667975070941,88.4443804642775,70.74388321019292,20.42570157649901,111.10638224370078,28274.0,2.5,30.0,Immune Cells,Aptamer,TLR,30.63855236474851,1.1e+14,Microfluidic,7.1,285.0,Yes,0.003,2.0425701576499007,No,NCBI GEO,0.8
GEO-IMMUNE-000079,LNP (From GEO),96.2698602299776,0.14905203223067387,-13.904378078329762,87.54469924710642,84.16352640503385,22.592121576564303,109.72108917330637,28274.0,2.5,30.0,Immune Cells,Aptamer,TLR,33.88818236484646,1.1e+14,Microfluidic,7.1,285.0,Yes,0.003,2.2592121576564304,No,NCBI GEO,0.8
GEO-IMMUNE-000080,LNP (From GEO),108.11004670499955,0.1429013951379651,-11.843790727189162,89.36590068998628,73.07232087677723,13.883817550562753,104.0124632042971,28274.0,2.5,30.0,Immune Cells,Aptamer,TLR,20.82572632584413,1.1e+14,Microfluidic,7.1,285.0,Yes,0.003,1.3883817550562754,No,NCBI GEO,0.8
GEO-IMMUNE-000081,LNP (From GEO),92.10595133950697,0.13483861282618184,-9.520541446843058,94.86625735830296,71.17994337110201,26.547775113686228,115.52063750596298,28274.0,2.5,30.0,Immune Cells,Aptamer,TLR,39.82166267052934,1.1e+14,Microfluidic,7.1,285.0,Yes,0.003,2.6547775113686227,No,NCBI GEO,0.8
GEO-IMMUNE-000082,LNP (From GEO),103.8186700981816,0.17269816400501592,-8.482355357818527,88.91165372495472,73.1714185048987,34.1023825490154,101.94762038268537,28274.0,2.5,30.0,Immune Cells,Aptamer,TLR,51.153573823523104,1.1e+14,Microfluidic,7.1,285.0,Yes,0.003,3.4102382549015404,No,NCBI GEO,0.8
GEO-IMMUNE-000083,LNP (From GEO),96.65971662798962,0.17460024908039953,-11.55622306602317,89.68554150775063,82.93050179336122,24.791064744723997,115.04495916815189,28274.0,2.5,30.0,Immune Cells,Aptamer,TLR,37.186597117085995,1.1e+14,Microfluidic,7.1,285.0,Yes,0.003,2.4791064744724,No,NCBI GEO,0.8
GEO-IMMUNE-000084,LNP (From GEO),95.6999431907067,0.11394699053063677,-6.761922172449227,90.72096363153595,80.3784171593846,22.840864689930033,114.28257000623654,28274.0,2.5,30.0,Immune Cells,Aptamer,TLR,34.26129703489505,1.1e+14,Microfluidic,7.1,285.0,Yes,0.003,2.2840864689930034,No,NCBI GEO,0.8
GEO-IMMUNE-000085,LNP (From GEO),92.62586716944153,0.12926680056569395,-6.92840544571769,91.8492547249811,81.5964978992399,16.431524544923825,100.3866174177382,28274.0,2.5,30.0,Immune Cells,Aptamer,TLR,24.647286817385734,1.1e+14,Microfluidic,7.1,285.0,Yes,0.003,1.6431524544923823,No,NCBI GEO,0.8
GEO-IMMUNE-000086,LNP (From GEO),90.81462693673664,0.14869361402148887,-13.61119934091811,92.42451014046932,89.44804672540103,18.07766326042213,105.37498511583438,28274.0,2.5,30.0,Immune Cells,Aptamer,TLR,27.116494890633195,1.1e+14,Microfluidic,7.1,285.0,Yes,0.003,1.807766326042213,No,NCBI GEO,0.8
GEO-IMMUNE-000087,LNP (From GEO),99.73772902986745,0.16247267389906445,-10.225774078117585,83.1711749828168,71.27300514857185,27.583492168325044,106.81365293933618,28274.0,2.5,30.0,Immune Cells,Aptamer,TLR,41.37523825248756,1.1e+14,Microfluidic,7.1,285.0,Yes,0.003,2.7583492168325043,No,NCBI GEO,0.8
GEO-IMMUNE-000088,LNP (From GEO),104.89943927721171,0.16951156479812093,-7.904985077023438,83.68900579733887,81.94853655272817,34.38385387865124,102.83477741525768,28274.0,2.5,30.0,Immune Cells,Aptamer,TLR,51.57578081797685,1.1e+14,Microfluidic,7.1,285.0,Yes,0.003,3.4383853878651234,No,NCBI GEO,0.8
GEO-IMMUNE-000089,LNP (From GEO),96.43223195929768,0.1634154020695046,-10.111387322201928,90.5807309983595,89.52742602055905,34.2632417535398,110.3150630514409,28274.0,2.5,30.0,Immune Cells,Aptamer,TLR,51.3948626303097,1.1e+14,Microfluidic,7.1,285.0,Yes,0.003,3.4263241753539804,No,NCBI GEO,0.8
GEO-IMMUNE-000090,LNP (From GEO),104.80755797016612,0.13426194926389462,-9.276487767382243,92.05174928313838,79.89897993470466,17.179848799192918,106.89850222322154,28274.0,2.5,30.0,Immune Cells,Aptamer,TLR,25.769773198789373,1.1e+14,Microfluidic,7.1,285.0,Yes,0.003,1.7179848799192916,No,NCBI GEO,0.8
GEO-IMMUNE-000091,LNP (From GEO),92.58335031274076,0.1657863313079329,-10.206917090563994,93.29490179021397,80.56109495250958,26.609675859622914,106.84578270865396,28274.0,2.5,30.0,Immune Cells,Aptamer,TLR,39.91451378943437,1.1e+14,Microfluidic,7.1,285.0,Yes,0.003,2.6609675859622914,No,NCBI GEO,0.8
GEO-IMMUNE-000092,LNP (From GEO),104.85948869279164,0.10354532704546304,-8.66563474872262,81.40056081592378,72.08435287711634,35.06877571380156,102.28014357016656,28274.0,2.5,30.0,Immune Cells,Aptamer,TLR,52.60316357070233,1.1e+14,Microfluidic,7.1,285.0,Yes,0.003,3.5068775713801554,No,NCBI GEO,0.8
GEO-IMMUNE-000093,LNP (From GEO),93.37963089045219,0.15859740754283197,-9.12962399393535,87.57276710188106,88.92226102964074,17.952242237606658,114.37802755429789,28274.0,2.5,30.0,Immune Cells,Aptamer,TLR,26.92836335640999,1.1e+14,Microfluidic,7.1,285.0,Yes,0.003,1.795224223760666,No,NCBI GEO,0.8
GEO-IMMUNE-000094,LNP (From GEO),99.41144607923127,0.11287826337468726,-11.733354316699366,80.49919923127526,72.15863404751289,34.71197276619128,111.05401740367496,28274.0,2.5,30.0,Immune Cells,Aptamer,TLR,52.067959149286914,1.1e+14,Microfluidic,7.1,285.0,Yes,0.003,3.4711972766191277,No,NCBI GEO,0.8
GEO-IMMUNE-000095,LNP (From GEO),92.50833181441955,0.14864315425833385,-11.754168557315712,88.24077435872294,87.4773098529247,21.890450005346366,118.50905052015523,28274.0,2.5,30.0,Immune Cells,Aptamer,TLR,32.83567500801955,1.1e+14,Microfluidic,7.1,285.0,Yes,0.003,2.1890450005346365,No,NCBI GEO,0.8
GEO-IMMUNE-000096,LNP (From GEO),108.90871361130641,0.1634134258426175,-7.922994839727629,92.16488938565021,75.85640338996822,20.634976457032014,112.83724916931459,28274.0,2.5,30.0,Immune Cells,Aptamer,TLR,30.952464685548023,1.1e+14,Microfluidic,7.1,285.0,Yes,0.003,2.0634976457032015,No,NCBI GEO,0.8
GEO-IMMUNE-000097,LNP (From GEO),95.15339456701919,0.11204048479344515,-7.851046979663794,94.11685763062495,72.61234082420134,22.02196874507209,117.34281940366593,28274.0,2.5,30.0,Immune Cells,Aptamer,TLR,33.03295311760814,1.1e+14,Microfluidic,7.1,285.0,Yes,0.003,2.202196874507209,No,NCBI GEO,0.8
GEO-IMMUNE-000098,LNP (From GEO),104.4744400763649,0.14944507597987716,-6.5980826066848834,92.4641090143187,87.8413474217541,17.08140667392144,101.9203646097698,28274.0,2.5,30.0,Immune Cells,Aptamer,TLR,25.62211001088216,1.1e+14,Microfluidic,7.1,285.0,Yes,0.003,1.708140667392144,No,NCBI GEO,0.8
GEO-IMMUNE-000099,LNP (From GEO),108.67200792944965,0.1752977193318704,-7.588381619142729,89.75741283199639,86.10771363536514,14.111824811075408,116.00306297692653,28274.0,2.5,30.0,Immune Cells,Aptamer,TLR,21.167737216613112,1.1e+14,Microfluidic,7.1,285.0,Yes,0.003,1.4111824811075409,No,NCBI GEO,0.8
GEO-IMMUNE-000100,LNP (From GEO),99.66334634422182,0.14930026287827097,-12.107550341374182,80.13952681519287,71.5613847527009,19.559805337186706,106.19106244370043,28274.0,2.5,30.0,Immune Cells,Aptamer,TLR,29.33970800578006,1.1e+14,Microfluidic,7.1,285.0,Yes,0.003,1.9559805337186706,No,NCBI GEO,0.8
GEO-IMMUNE-000101,LNP (From GEO),104.7757540391607,0.10999807289125446,-8.442613360103874,81.69309223036929,86.95315062924055,19.21700301342075,116.59526479589091,28274.0,2.5,30.0,Immune Cells,Aptamer,TLR,28.82550452013113,1.1e+14,Microfluidic,7.1,285.0,Yes,0.003,1.9217003013420753,No,NCBI GEO,0.8
GEO-IMMUNE-000102,LNP (From GEO),96.99211768038215,0.13018608420936323,-6.4821236279896315,81.93372010955571,88.51734488995594,32.367390737718864,113.68206455333129,28274.0,2.5,30.0,Immune Cells,Aptamer,TLR,48.551086106578296,1.1e+14,Microfluidic,7.1,285.0,Yes,0.003,3.2367390737718864,No,NCBI GEO,0.8
GEO-IMMUNE-000103,LNP (From GEO),98.57757724477038,0.17166706972748383,-5.210045491309641,82.92498595808227,75.36564174800569,26.505647676464974,113.59207801688,28274.0,2.5,30.0,Immune Cells,Aptamer,TLR,39.75847151469746,1.1e+14,Microfluidic,7.1,285.0,Yes,0.003,2.6505647676464976,No,NCBI GEO,0.8
GEO-IMMUNE-000104,LNP (From GEO),97.73650888758894,0.1933276414691722,-14.988525914844761,85.00772370454621,71.41608288455804,26.081762209323927,116.53681646260054,28274.0,2.5,30.0,Immune Cells,Aptamer,TLR,39.12264331398589,1.1e+14,Microfluidic,7.1,285.0,Yes,0.003,2.6081762209323927,No,NCBI GEO,0.8
GEO-IMMUNE-000105,LNP (From GEO),109.43672884002663,0.1883862249228119,-7.643770516196973,88.72275643273997,81.77779668960916,22.087772546080448,113.38046304417027,28274.0,2.5,30.0,Immune Cells,Aptamer,TLR,33.13165881912067,1.1e+14,Microfluidic,7.1,285.0,Yes,0.003,2.208777254608045,No,NCBI GEO,0.8
GEO-IMMUNE-000106,LNP (From GEO),99.20212685065327,0.18087488499891083,-7.0407597519531535,90.29390070145635,76.15509796786175,32.09592726765767,108.72490564497531,28274.0,2.5,30.0,Immune Cells,Aptamer,TLR,48.14389090148651,1.1e+14,Microfluidic,7.1,285.0,Yes,0.003,3.2095927267657673,No,NCBI GEO,0.8
GEO-IMMUNE-000107,LNP (From GEO),109.3655702471543,0.13303741353267942,-9.432927577008222,94.80975575340648,78.62831439484395,30.578346996865232,106.33036509181738,28274.0,2.5,30.0,Immune Cells,Aptamer,TLR,45.867520495297846,1.1e+14,Microfluidic,7.1,285.0,Yes,0.003,3.057834699686523,No,NCBI GEO,0.8
GEO-IMMUNE-000108,LNP (From GEO),107.49333563131886,0.1184433837310325,-12.027931895544477,81.23717520834974,73.1688152158294,18.940839771727717,114.36684564938213,28274.0,2.5,30.0,Immune Cells,Aptamer,TLR,28.41125965759157,1.1e+14,Microfluidic,7.1,285.0,Yes,0.003,1.8940839771727715,No,NCBI GEO,0.8
GEO-IMMUNE-000109,LNP (From GEO),107.54693697358937,0.11982517191054787,-11.156547210517463,83.13486589969904,84.53685501821245,23.255740641656093,109.25516135454049,28274.0,2.5,30.0,Immune Cells,Aptamer,TLR,34.88361096248414,1.1e+14,Microfluidic,7.1,285.0,Yes,0.003,2.3255740641656093,No,NCBI GEO,0.8
GEO-IMMUNE-000110,LNP (From GEO),95.06162352469686,0.12546156815905343,-12.457569207620821,89.04651593583695,79.0783265978614,26.039824256065607,103.05874347217546,28274.0,2.5,30.0,Immune Cells,Aptamer,TLR,39.059736384098414,1.1e+14,Microfluidic,7.1,285.0,Yes,0.003,2.603982425606561,No,NCBI GEO,0.8
GEO-IMMUNE-000111,LNP (From GEO),94.4429881626193,0.16236598648088174,-12.008110946742587,90.9130219370823,73.00406387642329,33.98312791376804,115.04322443034604,28274.0,2.5,30.0,Immune Cells,Aptamer,TLR,50.97469187065205,1.1e+14,Microfluidic,7.1,285.0,Yes,0.003,3.3983127913768034,No,NCBI GEO,0.8
GEO-IMMUNE-000112,LNP (From GEO),96.47471605443194,0.1840622748127881,-8.661539219673912,92.2321367886452,84.81386908294584,34.9062068903631,101.9136674609797,28274.0,2.5,30.0,Immune Cells,Aptamer,TLR,52.35931033554465,1.1e+14,Microfluidic,7.1,285.0,Yes,0.003,3.49062068903631,No,NCBI GEO,0.8
GEO-IMMUNE-000113,LNP (From GEO),108.79514815955329,0.18347356534138118,-7.682412456994482,82.64798273071759,75.37508755117102,29.424296510199387,101.35251434035479,28274.0,2.5,30.0,Immune Cells,Aptamer,TLR,44.13644476529908,1.1e+14,Microfluidic,7.1,285.0,Yes,0.003,2.9424296510199386,No,NCBI GEO,0.8
GEO-IMMUNE-000114,LNP (From GEO),100.55084235842129,0.15454711095588736,-7.472577408383798,94.77879025773467,86.94870335855191,21.338647313045964,109.38423541703388,28274.0,2.5,30.0,Immune Cells,Aptamer,TLR,32.007970969568944,1.1e+14,Microfluidic,7.1,285.0,Yes,0.003,2.1338647313045964,No,NCBI GEO,0.8
GEO-IMMUNE-000115,LNP (From GEO),101.25495357587599,0.10728255790562923,-13.425029548502577,87.78199803222529,75.98577669562601,22.706359871830845,106.13923910104802,28274.0,2.5,30.0,Immune Cells,Aptamer,TLR,34.05953980774627,1.1e+14,Microfluidic,7.1,285.0,Yes,0.003,2.2706359871830846,No,NCBI GEO,0.8
GEO-IMMUNE-000116,LNP (From GEO),100.1276301847332,0.16862333600631327,-8.987554439533127,80.23681339437925,75.97345928088622,19.658425880426464,108.75411564014249,28274.0,2.5,30.0,Immune Cells,Aptamer,TLR,29.487638820639695,1.1e+14,Microfluidic,7.1,285.0,Yes,0.003,1.9658425880426464,No,NCBI GEO,0.8
GEO-IMMUNE-000117,LNP (From GEO),104.9871055321725,0.16263517900977809,-12.287425432159964,92.45327538489698,85.49526408357819,26.75769351295577,103.70164083568409,28274.0,2.5,30.0,Immune Cells,Aptamer,TLR,40.13654026943365,1.1e+14,Microfluidic,7.1,285.0,Yes,0.003,2.675769351295577,No,NCBI GEO,0.8
GEO-IMMUNE-000118,LNP (From GEO),95.25879806680915,0.15848801430703088,-7.303410077978004,81.9356218539036,70.70224817181644,32.23584333830666,118.30859558760682,28274.0,2.5,30.0,Immune Cells,Aptamer,TLR,48.35376500745999,1.1e+14,Microfluidic,7.1,285.0,Yes,0.003,3.223584333830666,No,NCBI GEO,0.8
GEO-IMMUNE-000119,LNP (From GEO),102.34514004087028,0.17453842069594233,-8.280190454727355,80.55110628136796,79.22460647826372,14.411356978623651,113.21624434539126,28274.0,2.5,30.0,Immune Cells,Aptamer,TLR,21.617035467935477,1.1e+14,Microfluidic,7.1,285.0,Yes,0.003,1.441135697862365,No,NCBI GEO,0.8
GEO-IMMUNE-000120,LNP (From GEO),101.20099762061353,0.10353386679193549,-7.008975354475476,89.8852717538493,71.86481875700339,26.014307057655284,113.01455096319187,28274.0,2.5,30.0,Immune Cells,Aptamer,TLR,39.021460586482924,1.1e+14,Microfluidic,7.1,285.0,Yes,0.003,2.6014307057655284,No,NCBI GEO,0.8
GEO-IMMUNE-000121,LNP (From GEO),96.81785056787288,0.18871276608363663,-14.213502774883834,90.89312162999943,79.35843533595971,21.76885018387834,101.93557423042395,28274.0,2.5,30.0,Immune Cells,Aptamer,TLR,32.653275275817506,1.1e+14,Microfluidic,7.1,285.0,Yes,0.003,2.176885018387834,No,NCBI GEO,0.8
GEO-IMMUNE-000122,LNP (From GEO),101.97441047526314,0.1365831548906671,-14.450388504105705,87.34016365724509,84.66333221814804,22.424451634014684,112.97586102896945,28274.0,2.5,30.0,Immune Cells,Aptamer,TLR,33.636677451022024,1.1e+14,Microfluidic,7.1,285.0,Yes,0.003,2.2424451634014684,No,NCBI GEO,0.8
GEO-IMMUNE-000123,LNP (From GEO),90.70899387157043,0.14157785816348525,-11.254370550417672,93.74698728952394,81.2024282689585,29.012498174037944,114.21640680141043,28274.0,2.5,30.0,Immune Cells,Aptamer,TLR,43.518747261056916,1.1e+14,Microfluidic,7.1,285.0,Yes,0.003,2.9012498174037944,No,NCBI GEO,0.8
GEO-IMMUNE-000124,LNP (From GEO),91.46057076377524,0.10277106178145524,-10.558340715567839,86.2330598671329,88.87713097411499,24.403504166934486,112.47309430680299,28274.0,2.5,30.0,Immune Cells,Aptamer,TLR,36.60525625040173,1.1e+14,Microfluidic,7.1,285.0,Yes,0.003,2.4403504166934487,No,NCBI GEO,0.8
GEO-IMMUNE-000125,LNP (From GEO),98.00015914953975,0.12759109784177713,-7.031971887924497,93.55922814959834,87.74519825158616,26.187575713022472,117.83279892150739,28274.0,2.5,30.0,Immune Cells,Aptamer,TLR,39.28136356953371,1.1e+14,Microfluidic,7.1,285.0,Yes,0.003,2.6187575713022473,No,NCBI GEO,0.8
GEO-IMMUNE-000126,LNP (From GEO),104.78188482337953,0.18782902260347956,-8.262035269404581,81.90987629307972,73.18198306251901,34.329253604934735,113.47351812090106,28274.0,2.5,30.0,Immune Cells,Aptamer,TLR,51.49388040740211,1.1e+14,Microfluidic,7.1,285.0,Yes,0.003,3.4329253604934737,No,NCBI GEO,0.8
GEO-IMMUNE-000127,LNP (From GEO),109.98822829212826,0.1589960414323759,-8.595064734766726,89.2852631799347,70.70560592810611,13.381662696971608,113.98326703668822,28274.0,2.5,30.0,Immune Cells,Aptamer,TLR,20.07249404545741,1.1e+14,Microfluidic,7.1,285.0,Yes,0.003,1.3381662696971608,No,NCBI GEO,0.8
GEO-IMMUNE-000128,LNP (From GEO),106.63771994834117,0.10580139134512978,-13.643332411295471,84.52949899337501,75.26693125488696,37.0949998351613,114.26164074608072,28274.0,2.5,30.0,Immune Cells,Aptamer,TLR,55.642499752741955,1.1e+14,Microfluidic,7.1,285.0,Yes,0.003,3.7094999835161304,No,NCBI GEO,0.8
GEO-IMMUNE-000129,LNP (From GEO),96.65618544779105,0.19469087247828323,-10.317174718468962,85.05496061248846,74.7541311004928,31.23225975243356,116.84843796576867,28274.0,2.5,30.0,Immune Cells,Aptamer,TLR,46.84838962865034,1.1e+14,Microfluidic,7.1,285.0,Yes,0.003,3.123225975243356,No,NCBI GEO,0.8
GEO-IMMUNE-000130,LNP (From GEO),102.46548536050624,0.1960695514848832,-5.67564996294535,82.1204984500692,83.13741503895882,39.89224184050989,111.27655214947413,28274.0,2.5,30.0,Immune Cells,Aptamer,TLR,59.83836276076484,1.1e+14,Microfluidic,7.1,285.0,Yes,0.003,3.989224184050989,No,NCBI GEO,0.8
GEO-IMMUNE-000131,LNP (From GEO),98.25524484263286,0.17647001019167413,-13.620161389532079,89.78555129997692,83.34949503771038,21.73080963244758,104.55974437964007,28274.0,2.5,30.0,Immune Cells,Aptamer,TLR,32.596214448671375,1.1e+14,Microfluidic,7.1,285.0,Yes,0.003,2.1730809632447583,No,NCBI GEO,0.8
GEO-IMMUNE-000132,LNP (From GEO),93.13388568363673,0.1639683204589551,-5.579066872915773,83.58842119427557,70.20571369352771,30.35764412088217,107.68200662189922,28274.0,2.5,30.0,Immune Cells,Aptamer,TLR,45.536466181323256,1.1e+14,Microfluidic,7.1,285.0,Yes,0.003,3.0357644120882172,No,NCBI GEO,0.8
GEO-IMMUNE-000133,LNP (From GEO),98.30449224198038,0.1323366830411862,-6.76188841629801,81.66851561879722,72.09971151395185,18.873043277086573,103.31554975772049,28274.0,2.5,30.0,Immune Cells,Aptamer,TLR,28.30956491562986,1.1e+14,Microfluidic,7.1,285.0,Yes,0.003,1.8873043277086574,No,NCBI GEO,0.8
GEO-IMMUNE-000134,LNP (From GEO),95.82466214589246,0.18977427750274908,-5.423682916197423,93.17803707367214,71.27318742901973,29.203033722794117,108.89467678213043,28274.0,2.5,30.0,Immune Cells,Aptamer,TLR,43.804550584191176,1.1e+14,Microfluidic,7.1,285.0,Yes,0.003,2.920303372279412,No,NCBI GEO,0.8
GEO-IMMUNE-000135,LNP (From GEO),108.10179412665653,0.110520270821369,-10.004451040762326,84.9981038172396,71.47966423531659,18.807192813799396,110.18588734697886,28274.0,2.5,30.0,Immune Cells,Aptamer,TLR,28.210789220699098,1.1e+14,Microfluidic,7.1,285.0,Yes,0.003,1.8807192813799398,No,NCBI GEO,0.8
GEO-IMMUNE-000136,LNP (From GEO),91.0262143448404,0.15813841917659446,-8.445374494614029,81.26884518280092,88.17372692632398,34.02125055679375,104.32462580452524,28274.0,2.5,30.0,Immune Cells,Aptamer,TLR,51.031875835190625,1.1e+14,Microfluidic,7.1,285.0,Yes,0.003,3.402125055679375,No,NCBI GEO,0.8
GEO-IMMUNE-000137,LNP (From GEO),105.25304022654873,0.10469011690708133,-11.876012394547104,84.39457177305668,73.35263626655556,21.525784126754907,113.58410549921314,28274.0,2.5,30.0,Immune Cells,Aptamer,TLR,32.288676190132364,1.1e+14,Microfluidic,7.1,285.0,Yes,0.003,2.1525784126754908,No,NCBI GEO,0.8
GEO-IMMUNE-000138,LNP (From GEO),105.90553365472574,0.15679961539016057,-14.844478568431395,83.0889594201483,72.01181866920408,24.195993062548556,110.82152173048951,28274.0,2.5,30.0,Immune Cells,Aptamer,TLR,36.293989593822836,1.1e+14,Microfluidic,7.1,285.0,Yes,0.003,2.4195993062548555,No,NCBI GEO,0.8
GEO-IMMUNE-000139,LNP (From GEO),90.09070770311651,0.1631337328947554,-5.001191782077669,93.71399483018465,70.8103830125095,18.789986438033633,118.85921123159605,28274.0,2.5,30.0,Immune Cells,Aptamer,TLR,28.184979657050448,1.1e+14,Microfluidic,7.1,285.0,Yes,0.003,1.8789986438033632,No,NCBI GEO,0.8
GEO-IMMUNE-000140,LNP (From GEO),106.67892549656462,0.14335323345432674,-10.797874916757635,94.50755910682261,87.55202296776864,20.4224873092043,106.80413784026378,28274.0,2.5,30.0,Immune Cells,Aptamer,TLR,30.633730963806446,1.1e+14,Microfluidic,7.1,285.0,Yes,0.003,2.04224873092043,No,NCBI GEO,0.8
GEO-IMMUNE-000141,LNP (From GEO),105.47692705096637,0.15880810590067565,-13.987461749976065,86.5689906452972,86.08547341083084,37.73800511062636,103.67249258395255,28274.0,2.5,30.0,Immune Cells,Aptamer,TLR,56.607007665939534,1.1e+14,Microfluidic,7.1,285.0,Yes,0.003,3.773800511062636,No,NCBI GEO,0.8
GEO-IMMUNE-000142,LNP (From GEO),97.79684469974585,0.17677205042071537,-11.872829065337445,89.6501312085112,71.05740839805337,21.24234690383553,104.46584500093796,28274.0,2.5,30.0,Immune Cells,Aptamer,TLR,31.863520355753295,1.1e+14,Microfluidic,7.1,285.0,Yes,0.003,2.124234690383553,No,NCBI GEO,0.8
GEO-IMMUNE-000143,LNP (From GEO),99.6583045569477,0.1494584898907246,-8.105191672003011,82.00371959040679,78.12454828562852,30.257622136734227,116.28408443006745,28274.0,2.5,30.0,Immune Cells,Aptamer,TLR,45.38643320510134,1.1e+14,Microfluidic,7.1,285.0,Yes,0.003,3.025762213673423,No,NCBI GEO,0.8
GEO-IMMUNE-000144,LNP (From GEO),99.16862510837211,0.11389933861812479,-12.452154754342892,91.89677758124088,78.28573126120978,21.02238497633284,115.46870016515646,28274.0,2.5,30.0,Immune Cells,Aptamer,TLR,31.533577464499263,1.1e+14,Microfluidic,7.1,285.0,Yes,0.003,2.102238497633284,No,NCBI GEO,0.8
GEO-IMMUNE-000145,LNP (From GEO),94.5941312676049,0.18202225691345686,-5.100157322440422,87.51334451128808,73.68668709446258,24.859755373027433,105.41594342348598,28274.0,2.5,30.0,Immune Cells,Aptamer,TLR,37.28963305954115,1.1e+14,Microfluidic,7.1,285.0,Yes,0.003,2.4859755373027435,No,NCBI GEO,0.8
GEO-IMMUNE-000146,LNP (From GEO),97.37478245613809,0.12180973731500479,-6.807843663839991,89.1188994010734,85.68763870812752,28.273830991955084,116.09324407272445,28274.0,2.5,30.0,Immune Cells,Aptamer,TLR,42.41074648793263,1.1e+14,Microfluidic,7.1,285.0,Yes,0.003,2.8273830991955085,No,NCBI GEO,0.8
GEO-IMMUNE-000147,LNP (From GEO),96.8841633165293,0.11572663574778697,-6.266879917514327,93.6973536708761,74.18285532931354,27.20295025631062,100.31842761126897,28274.0,2.5,30.0,Immune Cells,Aptamer,TLR,40.80442538446593,1.1e+14,Microfluidic,7.1,285.0,Yes,0.003,2.720295025631062,No,NCBI GEO,0.8
GEO-IMMUNE-000148,LNP (From GEO),108.17040368574513,0.14960421053810788,-13.22473576033699,84.24204380770375,70.24119939565425,17.648692222539538,106.12473979272335,28274.0,2.5,30.0,Immune Cells,Aptamer,TLR,26.47303833380931,1.1e+14,Microfluidic,7.1,285.0,Yes,0.003,1.764869222253954,No,NCBI GEO,0.8
GEO-IMMUNE-000149,LNP (From GEO),94.44421627679733,0.1785356425062729,-7.1782832227843505,82.99137203867049,75.33969145457793,27.19255031746693,110.25298457796728,28274.0,2.5,30.0,Immune Cells,Aptamer,TLR,40.7888254762004,1.1e+14,Microfluidic,7.1,285.0,Yes,0.003,2.7192550317466933,No,NCBI GEO,0.8
GEO-IMMUNE-000150,LNP (From GEO),91.95668835266643,0.10869528747311619,-8.97427214607173,85.31429732794838,79.30377364356252,18.99372527937215,109.70670169404839,28274.0,2.5,30.0,Immune Cells,Aptamer,TLR,28.49058791905823,1.1e+14,Microfluidic,7.1,285.0,Yes,0.003,1.8993725279372151,No,NCBI GEO,0.8
GEO-IMMUNE-000151,LNP (From GEO),107.06907666851532,0.17561236496880392,-8.817563351490145,93.56628496330745,80.63918729623981,19.863227448753207,111.9462232221836,28274.0,2.5,30.0,Immune Cells,Aptamer,TLR,29.79484117312981,1.1e+14,Microfluidic,7.1,285.0,Yes,0.003,1.9863227448753207,No,NCBI GEO,0.8
GEO-IMMUNE-000152,LNP (From GEO),96.20525865257308,0.1999479208518606,-7.3099351678803925,91.08523692350346,78.37429066104727,19.757442975381835,110.23996463424139,28274.0,2.5,30.0,Immune Cells,Aptamer,TLR,29.636164463072753,1.1e+14,Microfluidic,7.1,285.0,Yes,0.003,1.9757442975381836,No,NCBI GEO,0.8
GEO-IMMUNE-000153,LNP (From GEO),106.95051774166312,0.10495025392735566,-11.115316745220337,82.38625535764015,71.08034095849172,28.95514903299849,101.07062511894858,28274.0,2.5,30.0,Immune Cells,Aptamer,TLR,43.43272354949774,1.1e+14,Microfluidic,7.1,285.0,Yes,0.003,2.895514903299849,No,NCBI GEO,0.8
GEO-IMMUNE-000154,LNP (From GEO),107.98332796911602,0.13605336172163213,-8.700850014607214,91.6035510455457,89.4493335420535,20.687184381160403,111.29178787720814,28274.0,2.5,30.0,Immune Cells,Aptamer,TLR,31.030776571740606,1.1e+14,Microfluidic,7.1,285.0,Yes,0.003,2.0687184381160404,No,NCBI GEO,0.8
GEO-IMMUNE-000155,LNP (From GEO),90.07961216586023,0.1904891810135901,-11.820848692728351,87.73904311547547,72.89156175031712,20.313909061913037,115.28348488980134,28274.0,2.5,30.0,Immune Cells,Aptamer,TLR,30.470863592869556,1.1e+14,Microfluidic,7.1,285.0,Yes,0.003,2.031390906191304,No,NCBI GEO,0.8
GEO-IMMUNE-000156,LNP (From GEO),99.2532937015742,0.15813394006290243,-8.544904024572975,90.63638590887065,84.34280243711001,27.833049369380145,114.49167230554076,28274.0,2.5,30.0,Immune Cells,Aptamer,TLR,41.749574054070216,1.1e+14,Microfluidic,7.1,285.0,Yes,0.003,2.7833049369380145,No,NCBI GEO,0.8
GEO-IMMUNE-000157,LNP (From GEO),98.75432115829825,0.12142394147825036,-12.60464690571569,81.33395918835487,89.62724137793809,28.301501536164025,106.49056156003236,28274.0,2.5,30.0,Immune Cells,Aptamer,TLR,42.45225230424604,1.1e+14,Microfluidic,7.1,285.0,Yes,0.003,2.8301501536164024,No,NCBI GEO,0.8
GEO-IMMUNE-000158,LNP (From GEO),99.56623490039927,0.1399853492118773,-11.100900075940238,82.10230078602243,73.40413853126022,25.862310095810003,115.91301593266664,28274.0,2.5,30.0,Immune Cells,Aptamer,TLR,38.793465143715004,1.1e+14,Microfluidic,7.1,285.0,Yes,0.003,2.586231009581,No,NCBI GEO,0.8
GEO-IMMUNE-000159,LNP (From GEO),97.60724909180125,0.18720822579812077,-8.526279391760502,92.12459584065377,74.98662439584757,18.38456831286656,106.44257929871979,28274.0,2.5,30.0,Immune Cells,Aptamer,TLR,27.576852469299837,1.1e+14,Microfluidic,7.1,285.0,Yes,0.003,1.8384568312866558,No,NCBI GEO,0.8
GEO-IMMUNE-000160,LNP (From GEO),105.5804536338661,0.11213125769416474,-6.822819979776082,84.06826550275744,72.81620227508502,20.504892735380228,112.10826849799682,28274.0,2.5,30.0,Immune Cells,Aptamer,TLR,30.75733910307034,1.1e+14,Microfluidic,7.1,285.0,Yes,0.003,2.0504892735380227,No,NCBI GEO,0.8
GEO-IMMUNE-000161,LNP (From GEO),100.62214155925975,0.1085034680148851,-10.456053240379314,92.35432861743166,71.56486992616793,15.206308923871873,114.62915531316217,28274.0,2.5,30.0,Immune Cells,Aptamer,TLR,22.80946338580781,1.1e+14,Microfluidic,7.1,285.0,Yes,0.003,1.5206308923871874,No,NCBI GEO,0.8
GEO-IMMUNE-000162,LNP (From GEO),106.0471785358814,0.15335505961186993,-10.225242191792635,82.303760731654,82.85521830591938,22.08261452293186,109.33349215234938,28274.0,2.5,30.0,Immune Cells,Aptamer,TLR,33.12392178439779,1.1e+14,Microfluidic,7.1,285.0,Yes,0.003,2.208261452293186,No,NCBI GEO,0.8
GEO-IMMUNE-000163,LNP (From GEO),94.3749497512061,0.14030375950813762,-7.1768562158117675,94.12806011820544,83.40466421296973,27.2183449571493,112.88765077776227,28274.0,2.5,30.0,Immune Cells,Aptamer,TLR,40.82751743572395,1.1e+14,Microfluidic,7.1,285.0,Yes,0.003,2.72183449571493,No,NCBI GEO,0.8
GEO-IMMUNE-000164,LNP (From GEO),93.113772825877,0.13343601516271564,-14.800705731087215,80.57045434594623,80.79565230683639,15.557984290377245,106.30019990899876,28274.0,2.5,30.0,Immune Cells,Aptamer,TLR,23.336976435565866,1.1e+14,Microfluidic,7.1,285.0,Yes,0.003,1.5557984290377245,No,NCBI GEO,0.8
GEO-IMMUNE-000165,LNP (From GEO),103.71434020437039,0.15061244453726647,-12.880980970443197,89.34015840886917,76.71813802229434,26.799667186489835,101.99371328186028,28274.0,2.5,30.0,Immune Cells,Aptamer,TLR,40.19950077973475,1.1e+14,Microfluidic,7.1,285.0,Yes,0.003,2.6799667186489833,No,NCBI GEO,0.8
GEO-IMMUNE-000166,LNP (From GEO),96.43670111147891,0.16233427409669512,-14.59917662926147,80.67533915516398,88.35063666078507,24.69776658399799,111.13133320442245,28274.0,2.5,30.0,Immune Cells,Aptamer,TLR,37.046649875996984,1.1e+14,Microfluidic,7.1,285.0,Yes,0.003,2.469776658399799,No,NCBI GEO,0.8
GEO-IMMUNE-000167,LNP (From GEO),103.26105823281607,0.18272044342114294,-14.37056369648387,86.37486086946147,77.27809089264012,24.719541473638913,110.58056054161217,28274.0,2.5,30.0,Immune Cells,Aptamer,TLR,37.07931221045837,1.1e+14,Microfluidic,7.1,285.0,Yes,0.003,2.471954147363891,No,NCBI GEO,0.8
GEO-IMMUNE-000168,LNP (From GEO),91.64458879245706,0.19215857983111265,-14.375308398899335,90.2587330648873,70.54419913442185,23.38053617887021,103.67928757545796,28274.0,2.5,30.0,Immune Cells,Aptamer,TLR,35.07080426830532,1.1e+14,Microfluidic,7.1,285.0,Yes,0.003,2.338053617887021,No,NCBI GEO,0.8
GEO-IMMUNE-000169,LNP (From GEO),108.91321541396428,0.1653092164860656,-6.558820422618544,93.34182773163604,82.43922809092811,25.66024556163341,100.56363774794474,28274.0,2.5,30.0,Immune Cells,Aptamer,TLR,38.49036834245011,1.1e+14,Microfluidic,7.1,285.0,Yes,0.003,2.566024556163341,No,NCBI GEO,0.8
GEO-IMMUNE-000170,LNP (From GEO),102.09879787726605,0.12066697213526206,-8.872018545594834,89.54581117768336,81.14707555739861,26.182659096369033,114.29527944734193,28274.0,2.5,30.0,Immune Cells,Aptamer,TLR,39.27398864455355,1.1e+14,Microfluidic,7.1,285.0,Yes,0.003,2.618265909636903,No,NCBI GEO,0.8
GEO-IMMUNE-000171,LNP (From GEO),91.14659879926627,0.17531723839424734,-13.329721496838616,91.52289188937324,71.99610115619286,17.487997133397077,113.52511516933995,28274.0,2.5,30.0,Immune Cells,Aptamer,TLR,26.231995700095613,1.1e+14,Microfluidic,7.1,285.0,Yes,0.003,1.7487997133397075,No,NCBI GEO,0.8
GEO-IMMUNE-000172,LNP (From GEO),90.74776964370646,0.10813310648247731,-10.386252711846856,93.61763909404213,80.59270620416859,23.88179849712057,106.51463949123477,28274.0,2.5,30.0,Immune Cells,Aptamer,TLR,35.822697745680856,1.1e+14,Microfluidic,7.1,285.0,Yes,0.003,2.388179849712057,No,NCBI GEO,0.8
GEO-IMMUNE-000173,LNP (From GEO),106.37335609465217,0.16950738052577421,-7.640265760971895,81.96489171576414,70.36033579966781,28.17953507029881,119.21789979934448,28274.0,2.5,30.0,Immune Cells,Aptamer,TLR,42.26930260544822,1.1e+14,Microfluidic,7.1,285.0,Yes,0.003,2.8179535070298813,No,NCBI GEO,0.8
GEO-IMMUNE-000174,LNP (From GEO),102.5128719645897,0.19544625471657873,-9.575232377016317,81.67030262521423,72.70475966848342,29.931243295818536,110.1492808325008,28274.0,2.5,30.0,Immune Cells,Aptamer,TLR,44.896864943727806,1.1e+14,Microfluidic,7.1,285.0,Yes,0.003,2.9931243295818537,No,NCBI GEO,0.8
GEO-IMMUNE-000175,LNP (From GEO),90.02318522860573,0.1802893103024014,-13.445589192169901,93.65797123158715,82.53376010335572,27.963610389586325,100.4804107577807,28274.0,2.5,30.0,Immune Cells,Aptamer,TLR,41.94541558437949,1.1e+14,Microfluidic,7.1,285.0,Yes,0.003,2.7963610389586324,No,NCBI GEO,0.8
GEO-IMMUNE-000176,LNP (From GEO),100.13780055289531,0.19299465115942022,-14.582960398278644,81.2064083405488,84.6339740027795,24.30678481620875,111.362503020214,28274.0,2.5,30.0,Immune Cells,Aptamer,TLR,36.46017722431313,1.1e+14,Microfluidic,7.1,285.0,Yes,0.003,2.430678481620875,No,NCBI GEO,0.8
GEO-IMMUNE-000177,LNP (From GEO),98.63778484696682,0.10954951339039315,-12.223342182958884,83.4705773512349,73.07774267155033,46.96363110359811,108.70589200561146,28274.0,2.5,30.0,Immune Cells,Aptamer,TLR,70.44544665539716,1.1e+14,Microfluidic,7.1,285.0,Yes,0.003,4.696363110359811,No,NCBI GEO,0.8
GEO-IMMUNE-000178,LNP (From GEO),99.16766531479277,0.15116731776637737,-5.0307791794322,89.55134283380022,70.27963625629677,16.175859625638893,114.06548975956926,28274.0,2.5,30.0,Immune Cells,Aptamer,TLR,24.263789438458335,1.1e+14,Microfluidic,7.1,285.0,Yes,0.003,1.617585962563889,No,NCBI GEO,0.8
GEO-IMMUNE-000179,LNP (From GEO),107.53602062623784,0.17449604859523238,-7.8657082566705,92.43599786130571,71.9988970098665,24.210688567233916,104.00938726110066,28274.0,2.5,30.0,Immune Cells,Aptamer,TLR,36.316032850850874,1.1e+14,Microfluidic,7.1,285.0,Yes,0.003,2.421068856723392,No,NCBI GEO,0.8
GEO-IMMUNE-000180,LNP (From GEO),97.9859324547446,0.18229164738,-10.886482612952168,89.19049032697484,79.84253992551317,26.917733350645005,105.8408008411935,28274.0,2.5,30.0,Immune Cells,Aptamer,TLR,40.376600025967505,1.1e+14,Microfluidic,7.1,285.0,Yes,0.003,2.6917733350645006,No,NCBI GEO,0.8
GEO-IMMUNE-000181,LNP (From GEO),98.04088109807945,0.19823257882839923,-9.376001298716083,87.38647534892719,86.27636752057806,24.367582411331693,100.75441434514467,28274.0,2.5,30.0,Immune Cells,Aptamer,TLR,36.55137361699754,1.1e+14,Microfluidic,7.1,285.0,Yes,0.003,2.436758241133169,No,NCBI GEO,0.8
GEO-IMMUNE-000182,LNP (From GEO),103.71336185235367,0.1565454969192685,-10.734688897481865,94.32315386260925,72.26516996676695,36.68165785343166,107.78551585442234,28274.0,2.5,30.0,Immune Cells,Aptamer,TLR,55.02248678014749,1.1e+14,Microfluidic,7.1,285.0,Yes,0.003,3.6681657853431657,No,NCBI GEO,0.8
GEO-IMMUNE-000183,LNP (From GEO),94.73688881092492,0.1576823738424663,-11.159993846368945,87.95207671351706,89.95066686538149,29.81213707757307,112.44623713651906,28274.0,2.5,30.0,Immune Cells,Aptamer,TLR,44.718205616359604,1.1e+14,Microfluidic,7.1,285.0,Yes,0.003,2.981213707757307,No,NCBI GEO,0.8
GEO-IMMUNE-000184,LNP (From GEO),105.50929426271009,0.10490176535419501,-5.160626142370399,80.70541982348318,78.17088783366401,21.940992017274844,112.79039173155006,28274.0,2.5,30.0,Immune Cells,Aptamer,TLR,32.91148802591227,1.1e+14,Microfluidic,7.1,285.0,Yes,0.003,2.1940992017274845,No,NCBI GEO,0.8
GEO-IMMUNE-000185,LNP (From GEO),97.5371760920839,0.15459071145593412,-12.848932619065158,92.39367627135492,86.44294971411608,26.397665551275868,112.60425421789317,28274.0,2.5,30.0,Immune Cells,Aptamer,TLR,39.5964983269138,1.1e+14,Microfluidic,7.1,285.0,Yes,0.003,2.639766555127587,No,NCBI GEO,0.8
GEO-IMMUNE-000186,LNP (From GEO),102.3384312700449,0.11381308795750944,-9.981021223477264,85.31677416440927,84.00502526724054,21.818551681928287,115.39720448581315,28274.0,2.5,30.0,Immune Cells,Aptamer,TLR,32.72782752289243,1.1e+14,Microfluidic,7.1,285.0,Yes,0.003,2.1818551681928287,No,NCBI GEO,0.8
GEO-IMMUNE-000187,LNP (From GEO),99.77938885454459,0.14395572645143279,-14.700354717389613,88.99485357734923,88.19474950260125,16.64089692329081,109.30364075292961,28274.0,2.5,30.0,Immune Cells,Aptamer,TLR,24.961345384936212,1.1e+14,Microfluidic,7.1,285.0,Yes,0.003,1.6640896923290809,No,NCBI GEO,0.8
GEO-IMMUNE-000188,LNP (From GEO),99.70395456377825,0.15189857659330375,-10.595409539794566,92.33464816828491,85.85218288977177,17.62262785037619,116.03344917975303,28274.0,2.5,30.0,Immune Cells,Aptamer,TLR,26.433941775564282,1.1e+14,Microfluidic,7.1,285.0,Yes,0.003,1.762262785037619,No,NCBI GEO,0.8
GEO-IMMUNE-000189,LNP (From GEO),101.81958887356193,0.19533237762504432,-12.048640135174384,87.8704075582442,81.41500422138664,25.457711746564357,109.11905911679787,28274.0,2.5,30.0,Immune Cells,Aptamer,TLR,38.186567619846535,1.1e+14,Microfluidic,7.1,285.0,Yes,0.003,2.5457711746564358,No,NCBI GEO,0.8
GEO-IMMUNE-000190,LNP (From GEO),97.38258962515435,0.13001238546825508,-9.481940851522896,88.74678861948381,77.39042246645559,28.40517069061037,115.62222946604625,28274.0,2.5,30.0,Immune Cells,Aptamer,TLR,42.60775603591556,1.1e+14,Microfluidic,7.1,285.0,Yes,0.003,2.840517069061037,No,NCBI GEO,0.8
GEO-IMMUNE-000191,LNP (From GEO),106.7908209090401,0.10497909764631709,-8.746481652347015,83.13923876712633,82.25392398454106,17.238414333444567,100.7705995371159,28274.0,2.5,30.0,Immune Cells,Aptamer,TLR,25.857621500166847,1.1e+14,Microfluidic,7.1,285.0,Yes,0.003,1.7238414333444565,No,NCBI GEO,0.8
GEO-IMMUNE-000192,LNP (From GEO),94.51259900629759,0.10016776526496929,-14.292922526049786,94.1206165214615,85.65614363067087,19.76650749958775,105.45452207099855,28274.0,2.5,30.0,Immune Cells,Aptamer,TLR,29.649761249381623,1.1e+14,Microfluidic,7.1,285.0,Yes,0.003,1.9766507499587749,No,NCBI GEO,0.8
GEO-IMMUNE-000193,LNP (From GEO),90.87161022905698,0.12638290163557106,-9.26232615529396,94.32931035509598,81.62122413168169,32.12687252790245,101.47425923744369,28274.0,2.5,30.0,Immune Cells,Aptamer,TLR,48.190308791853674,1.1e+14,Microfluidic,7.1,285.0,Yes,0.003,3.212687252790245,No,NCBI GEO,0.8
GEO-IMMUNE-000194,LNP (From GEO),95.376770914136,0.12111883022962627,-14.98521752268341,90.12555173297892,82.51064052306263,24.53604450486637,113.10575138415874,28274.0,2.5,30.0,Immune Cells,Aptamer,TLR,36.80406675729956,1.1e+14,Microfluidic,7.1,285.0,Yes,0.003,2.4536044504866372,No,NCBI GEO,0.8
GEO-IMMUNE-000195,LNP (From GEO),92.29940956294817,0.14882846962671514,-10.017852773649746,83.81235489055297,84.40882236351706,23.61476795452241,109.35391044158114,28274.0,2.5,30.0,Immune Cells,Aptamer,TLR,35.42215193178362,1.1e+14,Microfluidic,7.1,285.0,Yes,0.003,2.361476795452241,No,NCBI GEO,0.8
GEO-IMMUNE-000196,LNP (From GEO),92.64054231160371,0.1248863670540698,-12.777172597487544,83.4698093947091,73.34480767629124,20.31136351064059,113.37664541418971,28274.0,2.5,30.0,Immune Cells,Aptamer,TLR,30.46704526596088,1.1e+14,Microfluidic,7.1,285.0,Yes,0.003,2.0311363510640588,No,NCBI GEO,0.8
GEO-IMMUNE-000197,LNP (From GEO),93.39066925149247,0.15506474929398978,-9.718956371304055,90.6019217638521,89.80649328104019,19.359670709316347,112.89404085665014,28274.0,2.5,30.0,Immune Cells,Aptamer,TLR,29.03950606397452,1.1e+14,Microfluidic,7.1,285.0,Yes,0.003,1.9359670709316348,No,NCBI GEO,0.8
GEO-IMMUNE-000198,LNP (From GEO),100.73268420157729,0.18022775058347407,-11.333252490864039,91.53355971955513,71.02379116778577,29.16317935255225,104.45532130421617,28274.0,2.5,30.0,Immune Cells,Aptamer,TLR,43.74476902882837,1.1e+14,Microfluidic,7.1,285.0,Yes,0.003,2.9163179352552246,No,NCBI GEO,0.8
GEO-IMMUNE-000199,LNP (From GEO),90.0276295522533,0.14158004302057664,-11.221962861308416,84.37593257020204,80.19531543875941,22.12280643527729,114.41333070681762,28274.0,2.5,30.0,Immune Cells,Aptamer,TLR,33.18420965291594,1.1e+14,Microfluidic,7.1,285.0,Yes,0.003,2.212280643527729,No,NCBI GEO,0.8
GEO-IMMUNE-000200,LNP (From GEO),95.21652741934301,0.1145031376216585,-9.77114331301405,81.55753824987669,85.60094215714496,24.54922959972407,105.17114066033699,28274.0,2.5,30.0,Immune Cells,Aptamer,TLR,36.82384439958611,1.1e+14,Microfluidic,7.1,285.0,Yes,0.003,2.454922959972407,No,NCBI GEO,0.8
GEO-IMMUNE-000201,LNP (From GEO),108.39713219494404,0.13046969904076763,-12.530722853124338,84.21947979951726,79.33503323143609,28.39486130684972,101.85653844575396,28274.0,2.5,30.0,Immune Cells,Aptamer,TLR,42.59229196027458,1.1e+14,Microfluidic,7.1,285.0,Yes,0.003,2.839486130684972,No,NCBI GEO,0.8
GEO-IMMUNE-000202,LNP (From GEO),90.20519177200796,0.15754588109008272,-13.388639881226919,87.6804839987136,88.34295809542304,31.54697042161676,112.74209650829629,28274.0,2.5,30.0,Immune Cells,Aptamer,TLR,47.32045563242514,1.1e+14,Microfluidic,7.1,285.0,Yes,0.003,3.154697042161676,No,NCBI GEO,0.8
GEO-IMMUNE-000203,LNP (From GEO),94.50331553581866,0.17146984192618664,-11.848866491113785,84.59593593671147,73.75435668222678,22.083281906719524,112.4626324793622,28274.0,2.5,30.0,Immune Cells,Aptamer,TLR,33.12492286007929,1.1e+14,Microfluidic,7.1,285.0,Yes,0.003,2.2083281906719523,No,NCBI GEO,0.8
GEO-IMMUNE-000204,LNP (From GEO),93.52858104773509,0.1854985591985494,-10.491821952824033,86.17350963823957,72.88164455788272,32.86928403158475,106.9474838887398,28274.0,2.5,30.0,Immune Cells,Aptamer,TLR,49.30392604737712,1.1e+14,Microfluidic,7.1,285.0,Yes,0.003,3.2869284031584747,No,NCBI GEO,0.8
GEO-IMMUNE-000205,LNP (From GEO),96.7494621524938,0.1957458349340331,-5.43053939649821,84.76125182790379,76.44705270046647,25.453541023104393,103.18347072828341,28274.0,2.5,30.0,Immune Cells,Aptamer,TLR,38.18031153465659,1.1e+14,Microfluidic,7.1,285.0,Yes,0.003,2.5453541023104393,No,NCBI GEO,0.8
GEO-IMMUNE-000206,LNP (From GEO),102.75818214154052,0.19564993049382046,-8.810174340926038,87.80421254595957,76.33061243304348,37.79408268990984,108.26533404804275,28274.0,2.5,30.0,Immune Cells,Aptamer,TLR,56.691124034864764,1.1e+14,Microfluidic,7.1,285.0,Yes,0.003,3.7794082689909843,No,NCBI GEO,0.8
GEO-IMMUNE-000207,LNP (From GEO),109.19099727230373,0.1397486971746917,-6.57685419331022,83.3679071164175,70.44568293426771,26.997791988881062,103.73263385083494,28274.0,2.5,30.0,Immune Cells,Aptamer,TLR,40.49668798332159,1.1e+14,Microfluidic,7.1,285.0,Yes,0.003,2.6997791988881064,No,NCBI GEO,0.8
GEO-IMMUNE-000208,LNP (From GEO),92.77016632247073,0.1062154325061434,-9.010684842033118,88.60779331731754,87.40800824597405,39.191697569258196,113.82833828896128,28274.0,2.5,30.0,Immune Cells,Aptamer,TLR,58.7875463538873,1.1e+14,Microfluidic,7.1,285.0,Yes,0.003,3.91916975692582,No,NCBI GEO,0.8
GEO-IMMUNE-000209,LNP (From GEO),100.47266211826141,0.18201779357391157,-7.491063442190191,81.29826767477475,73.35248691523623,22.50440852951307,119.71530648071423,28274.0,2.5,30.0,Immune Cells,Aptamer,TLR,33.75661279426961,1.1e+14,Microfluidic,7.1,285.0,Yes,0.003,2.250440852951307,No,NCBI GEO,0.8
GEO-IMMUNE-000210,LNP (From GEO),106.35946922708025,0.14127576019795113,-14.022079662887338,94.94175369030813,71.78758817308623,24.02963507734718,111.50292731176604,28274.0,2.5,30.0,Immune Cells,Aptamer,TLR,36.04445261602077,1.1e+14,Microfluidic,7.1,285.0,Yes,0.003,2.402963507734718,No,NCBI GEO,0.8
GEO-IMMUNE-000211,LNP (From GEO),90.56571137868231,0.1570896542828124,-5.190063106819132,88.79502609040048,89.89097084717984,16.269888371218,116.9669164458245,28274.0,2.5,30.0,Immune Cells,Aptamer,TLR,24.404832556827,1.1e+14,Microfluidic,7.1,285.0,Yes,0.003,1.6269888371218,No,NCBI GEO,0.8
GEO-IMMUNE-000212,LNP (From GEO),92.67538674815701,0.1130343293378858,-14.546452661945377,90.90358449939792,83.3071127225491,20.982770256758943,106.37225824679828,28274.0,2.5,30.0,Immune Cells,Aptamer,TLR,31.474155385138413,1.1e+14,Microfluidic,7.1,285.0,Yes,0.003,2.0982770256758942,No,NCBI GEO,0.8
GEO-IMMUNE-000213,LNP (From GEO),96.00820181644026,0.14570599894142414,-13.84238797900328,83.6280123079626,79.64782765034612,30.627250900298982,115.14764176559031,28274.0,2.5,30.0,Immune Cells,Aptamer,TLR,45.94087635044847,1.1e+14,Microfluidic,7.1,285.0,Yes,0.003,3.062725090029898,No,NCBI GEO,0.8
GEO-IMMUNE-000214,LNP (From GEO),90.69041271837007,0.11451340247440588,-10.160175905593462,81.79980529245783,75.31657126268179,25.008060051178983,109.33666358367428,28274.0,2.5,30.0,Immune Cells,Aptamer,TLR,37.51209007676847,1.1e+14,Microfluidic,7.1,285.0,Yes,0.003,2.5008060051178984,No,NCBI GEO,0.8
GEO-IMMUNE-000215,LNP (From GEO),107.77090513475137,0.11669548500692406,-10.006202745649766,90.39669028894538,74.01873300308468,37.252349655975124,101.4385477536485,28274.0,2.5,30.0,Immune Cells,Aptamer,TLR,55.87852448396268,1.1e+14,Microfluidic,7.1,285.0,Yes,0.003,3.725234965597512,No,NCBI GEO,0.8
GEO-IMMUNE-000216,LNP (From GEO),105.74644309142087,0.14077102246930048,-11.843369534394789,86.3058802777459,76.33783717746672,21.8583716825838,105.59194111085523,28274.0,2.5,30.0,Immune Cells,Aptamer,TLR,32.7875575238757,1.1e+14,Microfluidic,7.1,285.0,Yes,0.003,2.18583716825838,No,NCBI GEO,0.8
GEO-IMMUNE-000217,LNP (From GEO),91.21860614276999,0.17118257883303495,-8.023571637799991,82.73528061561342,78.50725081475728,20.719174296862608,104.24722932844962,28274.0,2.5,30.0,Immune Cells,Aptamer,TLR,31.078761445293914,1.1e+14,Microfluidic,7.1,285.0,Yes,0.003,2.071917429686261,No,NCBI GEO,0.8
GEO-IMMUNE-000218,LNP (From GEO),102.34193460723702,0.16688034889532635,-11.424345126114073,81.17087178278493,86.86339641709566,25.38779882870513,107.81402698172302,28274.0,2.5,30.0,Immune Cells,Aptamer,TLR,38.081698243057694,1.1e+14,Microfluidic,7.1,285.0,Yes,0.003,2.538779882870513,No,NCBI GEO,0.8
GEO-IMMUNE-000219,LNP (From GEO),96.19528895498615,0.10563328403334793,-10.041238129596119,80.81760373211152,82.35516637334896,22.96719758742775,107.8739788970617,28274.0,2.5,30.0,Immune Cells,Aptamer,TLR,34.45079638114163,1.1e+14,Microfluidic,7.1,285.0,Yes,0.003,2.2967197587427752,No,NCBI GEO,0.8
GEO-IMMUNE-000220,LNP (From GEO),104.37399815554934,0.15649584578597753,-11.282766384802494,89.77812347272723,71.90094710481343,34.12420980173855,109.85933810084232,28274.0,2.5,30.0,Immune Cells,Aptamer,TLR,51.18631470260783,1.1e+14,Microfluidic,7.1,285.0,Yes,0.003,3.4124209801738554,No,NCBI GEO,0.8
GEO-IMMUNE-000221,LNP (From GEO),91.78294166574813,0.15522212625781523,-11.868798664337234,87.1217268526189,88.98055129464298,19.19740719183236,110.27093519165781,28274.0,2.5,30.0,Immune Cells,Aptamer,TLR,28.796110787748546,1.1e+14,Microfluidic,7.1,285.0,Yes,0.003,1.9197407191832363,No,NCBI GEO,0.8
GEO-IMMUNE-000222,LNP (From GEO),105.08228515650833,0.1529786446301179,-5.107141368208106,80.07606599375572,74.09769124522555,29.956606933560124,104.54605382071082,28274.0,2.5,30.0,Immune Cells,Aptamer,TLR,44.934910400340186,1.1e+14,Microfluidic,7.1,285.0,Yes,0.003,2.9956606933560126,No,NCBI GEO,0.8
GEO-IMMUNE-000223,LNP (From GEO),92.84778606130297,0.11708938211228535,-12.999725121891096,83.24401090006688,81.51086489892894,29.3233790291793,118.8548389906276,28274.0,2.5,30.0,Immune Cells,Aptamer,TLR,43.98506854376895,1.1e+14,Microfluidic,7.1,285.0,Yes,0.003,2.93233790291793,No,NCBI GEO,0.8
GEO-IMMUNE-000224,LNP (From GEO),101.5955815815706,0.17643254677788833,-12.337168468955328,84.55103840035983,70.21623830034865,25.041811024451572,101.97212038212098,28274.0,2.5,30.0,Immune Cells,Aptamer,TLR,37.56271653667736,1.1e+14,Microfluidic,7.1,285.0,Yes,0.003,2.5041811024451572,No,NCBI GEO,0.8
GEO-IMMUNE-000225,LNP (From GEO),109.37708778767545,0.1442826018220264,-9.484763669680396,87.16336846507961,85.94813093814895,21.890383323330106,107.0440631630804,28274.0,2.5,30.0,Immune Cells,Aptamer,TLR,32.835574984995155,1.1e+14,Microfluidic,7.1,285.0,Yes,0.003,2.1890383323330105,No,NCBI GEO,0.8
GEO-IMMUNE-000226,LNP (From GEO),95.94599809807143,0.1276933608039651,-7.42821374677396,88.94111025559538,78.36693275590238,40.38279592611819,111.15377956066956,28274.0,2.5,30.0,Immune Cells,Aptamer,TLR,60.57419388917729,1.1e+14,Microfluidic,7.1,285.0,Yes,0.003,4.038279592611819,No,NCBI GEO,0.8
GEO-IMMUNE-000227,LNP (From GEO),92.26917352241645,0.11151318196511423,-12.349540566901837,84.32862392818447,79.28066923223176,19.94775371871495,114.74859624430567,28274.0,2.5,30.0,Immune Cells,Aptamer,TLR,29.921630578072424,1.1e+14,Microfluidic,7.1,285.0,Yes,0.003,1.994775371871495,No,NCBI GEO,0.8
GEO-IMMUNE-000228,LNP (From GEO),91.49866544161463,0.12322090063888053,-6.876353963943117,94.39146992523052,85.09084888895431,28.29543108171925,100.34068295804914,28274.0,2.5,30.0,Immune Cells,Aptamer,TLR,42.44314662257887,1.1e+14,Microfluidic,7.1,285.0,Yes,0.003,2.829543108171925,No,NCBI GEO,0.8
GEO-IMMUNE-000229,LNP (From GEO),104.14752894321472,0.17054066980393984,-14.83114384916209,82.23438297829024,72.15580396497845,28.834980782075323,104.56325674274349,28274.0,2.5,30.0,Immune Cells,Aptamer,TLR,43.25247117311299,1.1e+14,Microfluidic,7.1,285.0,Yes,0.003,2.8834980782075323,No,NCBI GEO,0.8
GEO-IMMUNE-000230,LNP (From GEO),103.78696000639243,0.10649610874790999,-8.933552516513004,80.04186953415002,88.43933921559152,18.274203456650923,114.59613021041585,28274.0,2.5,30.0,Immune Cells,Aptamer,TLR,27.41130518497638,1.1e+14,Microfluidic,7.1,285.0,Yes,0.003,1.8274203456650921,No,NCBI GEO,0.8
GEO-IMMUNE-000231,LNP (From GEO),94.48154312368088,0.19776259683034048,-10.684926709662008,82.88304206112497,70.65584107759383,30.81231886405336,117.42343666528637,28274.0,2.5,30.0,Immune Cells,Aptamer,TLR,46.21847829608004,1.1e+14,Microfluidic,7.1,285.0,Yes,0.003,3.081231886405336,No,NCBI GEO,0.8
GEO-IMMUNE-000232,LNP (From GEO),108.9168426281156,0.1444350486171173,-11.558865394526322,89.84363625594429,88.83890586396308,16.678701043507438,117.36697798571107,28274.0,2.5,30.0,Immune Cells,Aptamer,TLR,25.018051565261157,1.1e+14,Microfluidic,7.1,285.0,Yes,0.003,1.6678701043507438,No,NCBI GEO,0.8
GEO-IMMUNE-000233,LNP (From GEO),99.48202150095437,0.11778836144502665,-14.593482438539787,86.05268447258766,82.86029480015077,24.58371596146135,112.09396902077859,28274.0,2.5,30.0,Immune Cells,Aptamer,TLR,36.87557394219203,1.1e+14,Microfluidic,7.1,285.0,Yes,0.003,2.458371596146135,No,NCBI GEO,0.8
GEO-IMMUNE-000234,LNP (From GEO),92.01158227309733,0.10397568318851248,-6.681541064625701,90.1432188278242,87.39400624162944,18.216502081333047,117.71769668561427,28274.0,2.5,30.0,Immune Cells,Aptamer,TLR,27.32475312199957,1.1e+14,Microfluidic,7.1,285.0,Yes,0.003,1.8216502081333048,No,NCBI GEO,0.8
GEO-IMMUNE-000235,LNP (From GEO),90.04556376681603,0.17944943650810544,-11.613942898264115,94.19218983030996,79.02811856942046,34.868501728715614,105.90515983136643,28274.0,2.5,30.0,Immune Cells,Aptamer,TLR,52.302752593073414,1.1e+14,Microfluidic,7.1,285.0,Yes,0.003,3.486850172871561,No,NCBI GEO,0.8
GEO-IMMUNE-000236,LNP (From GEO),104.93750853721548,0.19965876484699174,-13.271909279116569,89.26191359693797,74.6417735630084,19.47097769102379,118.57504692519461,28274.0,2.5,30.0,Immune Cells,Aptamer,TLR,29.206466536535686,1.1e+14,Microfluidic,7.1,285.0,Yes,0.003,1.947097769102379,No,NCBI GEO,0.8
GEO-IMMUNE-000237,LNP (From GEO),96.58521371434169,0.15426540542944286,-10.64123244943536,81.76850160238584,71.94814222765291,27.68122585859119,108.39901470589078,28274.0,2.5,30.0,Immune Cells,Aptamer,TLR,41.521838787886786,1.1e+14,Microfluidic,7.1,285.0,Yes,0.003,2.768122585859119,No,NCBI GEO,0.8
GEO-IMMUNE-000238,LNP (From GEO),94.39397373422314,0.1710603762099096,-6.290700945147222,83.848761487823,85.39507001171943,29.727471455397296,107.52195395195473,28274.0,2.5,30.0,Immune Cells,Aptamer,TLR,44.591207183095946,1.1e+14,Microfluidic,7.1,285.0,Yes,0.003,2.9727471455397296,No,NCBI GEO,0.8
GEO-IMMUNE-000239,LNP (From GEO),96.87918751411509,0.19927390099032583,-9.84282429617611,82.41927932958673,88.5508260954212,24.85799996393872,119.69182001737096,28274.0,2.5,30.0,Immune Cells,Aptamer,TLR,37.28699994590808,1.1e+14,Microfluidic,7.1,285.0,Yes,0.003,2.485799996393872,No,NCBI GEO,0.8
GEO-IMMUNE-000240,LNP (From GEO),94.57873852980714,0.17360966018388413,-13.048876817203187,84.90450159069408,76.94301903758401,30.633246665029638,100.13160640353762,28274.0,2.5,30.0,Immune Cells,Aptamer,TLR,45.949869997544454,1.1e+14,Microfluidic,7.1,285.0,Yes,0.003,3.0633246665029636,No,NCBI GEO,0.8
GEO-IMMUNE-000241,LNP (From GEO),95.21066113805179,0.1980399736958712,-5.636391841205237,81.8373147004837,87.78058876616764,19.824587343947492,112.64080341973252,28274.0,2.5,30.0,Immune Cells,Aptamer,TLR,29.736881015921238,1.1e+14,Microfluidic,7.1,285.0,Yes,0.003,1.9824587343947493,No,NCBI GEO,0.8
GEO-IMMUNE-000242,LNP (From GEO),91.29816132374732,0.14604964529356368,-9.453097360511205,94.54447898709999,85.6495519714041,40.536607590106186,106.37419190573772,28274.0,2.5,30.0,Immune Cells,Aptamer,TLR,60.80491138515928,1.1e+14,Microfluidic,7.1,285.0,Yes,0.003,4.053660759010619,No,NCBI GEO,0.8
GEO-IMMUNE-000243,LNP (From GEO),108.33819433886933,0.10018601168893679,-12.310403691301536,93.03296214896372,78.75820373590851,36.08790352907043,118.11039558697661,28274.0,2.5,30.0,Immune Cells,Aptamer,TLR,54.131855293605646,1.1e+14,Microfluidic,7.1,285.0,Yes,0.003,3.608790352907043,No,NCBI GEO,0.8
GEO-IMMUNE-000244,LNP (From GEO),91.29717347505934,0.1945352953678225,-5.0461916781814615,94.4437448269633,79.48737467348491,28.448567806246334,119.80911675746074,28274.0,2.5,30.0,Immune Cells,Aptamer,TLR,42.6728517093695,1.1e+14,Microfluidic,7.1,285.0,Yes,0.003,2.8448567806246334,No,NCBI GEO,0.8
GEO-IMMUNE-000245,LNP (From GEO),90.39274983154102,0.13934037754249531,-10.037623620240584,84.8400111652838,73.10798388657958,25.56516415860541,116.62298758300459,28274.0,2.5,30.0,Immune Cells,Aptamer,TLR,38.34774623790811,1.1e+14,Microfluidic,7.1,285.0,Yes,0.003,2.556516415860541,No,NCBI GEO,0.8
GEO-IMMUNE-000246,LNP (From GEO),103.3466854417592,0.19106287023749044,-10.147177771432883,82.78110377978464,75.79389968406514,22.3202111290068,110.60161250643567,28274.0,2.5,30.0,Immune Cells,Aptamer,TLR,33.4803166935102,1.1e+14,Microfluidic,7.1,285.0,Yes,0.003,2.23202111290068,No,NCBI GEO,0.8
GEO-IMMUNE-000247,LNP (From GEO),97.76364588691945,0.10503806506426426,-14.067101292389026,84.8383231610448,76.13439646014028,53.886321279572435,117.55812633566909,28274.0,2.5,30.0,Immune Cells,Aptamer,TLR,80.82948191935866,1.1e+14,Microfluidic,7.1,285.0,Yes,0.003,5.388632127957243,Yes,NCBI GEO,0.8
GEO-IMMUNE-000248,LNP (From GEO),97.02894656478504,0.17898565606072375,-11.214932563201891,91.66940626027252,89.27293474521471,24.039093957244837,102.46645151483575,28274.0,2.5,30.0,Immune Cells,Aptamer,TLR,36.05864093586726,1.1e+14,Microfluidic,7.1,285.0,Yes,0.003,2.403909395724484,No,NCBI GEO,0.8
GEO-IMMUNE-000249,LNP (From GEO),96.44378655398721,0.1121203059906656,-10.575809026920254,80.12500346148232,71.31143631777617,25.580603464132995,107.81535000212585,28274.0,2.5,30.0,Immune Cells,Aptamer,TLR,38.370905196199494,1.1e+14,Microfluidic,7.1,285.0,Yes,0.003,2.5580603464132996,No,NCBI GEO,0.8
GEO-IMMUNE-000250,LNP (From GEO),92.99707645346173,0.1328049987413017,-14.040480590627666,92.72474932485372,88.91467991222001,46.80528514749018,109.38087842787873,28274.0,2.5,30.0,Immune Cells,Aptamer,TLR,70.20792772123528,1.1e+14,Microfluidic,7.1,285.0,Yes,0.003,4.680528514749018,No,NCBI GEO,0.8
GEO-IMMUNE-000251,LNP (From GEO),90.33570189996092,0.19942362016179146,-9.964459590191922,92.98346108926566,73.99354235192841,23.896936543702424,106.05833708570226,28274.0,2.5,30.0,Immune Cells,Aptamer,TLR,35.845404815553636,1.1e+14,Microfluidic,7.1,285.0,Yes,0.003,2.3896936543702423,No,NCBI GEO,0.8
GEO-IMMUNE-000252,LNP (From GEO),92.38220448239275,0.1910830225652714,-13.586088003612415,80.79531812392426,74.80518740623467,22.3125559450174,118.97978603502487,28274.0,2.5,30.0,Immune Cells,Aptamer,TLR,33.468833917526105,1.1e+14,Microfluidic,7.1,285.0,Yes,0.003,2.2312555945017403,No,NCBI GEO,0.8
GEO-IMMUNE-000253,LNP (From GEO),109.65728740171848,0.11110192598402974,-12.096862259819533,94.33920398218953,84.55732911359634,19.379468127689318,103.85373486617073,28274.0,2.5,30.0,Immune Cells,Aptamer,TLR,29.06920219153398,1.1e+14,Microfluidic,7.1,285.0,Yes,0.003,1.9379468127689319,No,NCBI GEO,0.8
GEO-IMMUNE-000254,LNP (From GEO),105.09864471473003,0.17497539082266925,-11.423055902785903,87.90734095795789,81.49197486815069,23.948502319467252,108.92820881689737,28274.0,2.5,30.0,Immune Cells,Aptamer,TLR,35.92275347920088,1.1e+14,Microfluidic,7.1,285.0,Yes,0.003,2.3948502319467253,No,NCBI GEO,0.8
GEO-IMMUNE-000255,LNP (From GEO),106.88751720081581,0.19946056516743266,-14.039626219533561,80.15663367765215,76.93681183854098,27.010491384967573,109.17367393995761,28274.0,2.5,30.0,Immune Cells,Aptamer,TLR,40.51573707745136,1.1e+14,Microfluidic,7.1,285.0,Yes,0.003,2.7010491384967574,No,NCBI GEO,0.8
GEO-IMMUNE-000256,LNP (From GEO),108.26850518615117,0.12884627186008826,-12.037275733540243,87.0166016291979,81.29508031344473,15.614594720420227,105.33396025941182,28274.0,2.5,30.0,Immune Cells,Aptamer,TLR,23.42189208063034,1.1e+14,Microfluidic,7.1,285.0,Yes,0.003,1.5614594720420227,No,NCBI GEO,0.8
GEO-IMMUNE-000257,LNP (From GEO),91.9653072717721,0.1646601762787654,-8.224578159216692,90.40919515925818,73.32046217929248,31.5658079838146,106.93264063541756,28274.0,2.5,30.0,Immune Cells,Aptamer,TLR,47.3487119757219,1.1e+14,Microfluidic,7.1,285.0,Yes,0.003,3.15658079838146,No,NCBI GEO,0.8
GEO-IMMUNE-000258,LNP (From GEO),99.32967496912704,0.10665632955172631,-14.841931322292249,86.24111386702087,79.31585886938485,31.951026602983326,108.75120759846064,28274.0,2.5,30.0,Immune Cells,Aptamer,TLR,47.92653990447499,1.1e+14,Microfluidic,7.1,285.0,Yes,0.003,3.195102660298333,No,NCBI GEO,0.8
GEO-IMMUNE-000259,LNP (From GEO),94.1622851198568,0.18493151091511062,-5.044852318117513,90.75230042013365,88.51277961726313,32.7267658371223,112.8371601369864,28274.0,2.5,30.0,Immune Cells,Aptamer,TLR,49.090148755683444,1.1e+14,Microfluidic,7.1,285.0,Yes,0.003,3.27267658371223,No,NCBI GEO,0.8
GEO-IMMUNE-000260,LNP (From GEO),97.04225602838386,0.1327018754076513,-11.04608927304568,94.41854690214797,86.39114584624504,29.096797153391357,114.33703286061498,28274.0,2.5,30.0,Immune Cells,Aptamer,TLR,43.64519573008703,1.1e+14,Microfluidic,7.1,285.0,Yes,0.003,2.9096797153391356,No,NCBI GEO,0.8
GEO-IMMUNE-000261,LNP (From GEO),94.3889881865198,0.12739555829285154,-7.416466192698179,91.60204562459681,77.58758245832377,20.670127351550033,119.41387819106858,28274.0,2.5,30.0,Immune Cells,Aptamer,TLR,31.005191027325047,1.1e+14,Microfluidic,7.1,285.0,Yes,0.003,2.067012735155003,No,NCBI GEO,0.8
GEO-IMMUNE-000262,LNP (From GEO),104.20480760578042,0.177449746864885,-6.139008086329445,82.417940599723,88.66167285831301,25.228292672538387,105.31959714816821,28274.0,2.5,30.0,Immune Cells,Aptamer,TLR,37.84243900880758,1.1e+14,Microfluidic,7.1,285.0,Yes,0.003,2.522829267253839,No,NCBI GEO,0.8
GEO-IMMUNE-000263,LNP (From GEO),91.61399758405969,0.14432133048332355,-8.26120188830592,86.94876101440876,73.61108203785189,22.497064617150265,115.81593735098834,28274.0,2.5,30.0,Immune Cells,Aptamer,TLR,33.745596925725394,1.1e+14,Microfluidic,7.1,285.0,Yes,0.003,2.2497064617150264,No,NCBI GEO,0.8
GEO-IMMUNE-000264,LNP (From GEO),92.58573852365299,0.10632603528521203,-8.219334532445563,82.32149644392548,70.89884126759848,22.165601417022145,106.39579835624308,28274.0,2.5,30.0,Immune Cells,Aptamer,TLR,33.24840212553322,1.1e+14,Microfluidic,7.1,285.0,Yes,0.003,2.2165601417022147,No,NCBI GEO,0.8
GEO-IMMUNE-000265,LNP (From GEO),92.21450714388946,0.12486545018151927,-6.953616432405408,86.1056708614498,80.51025247460522,12.5555954834214,103.39153369016314,28274.0,2.5,30.0,Immune Cells,Aptamer,TLR,18.8333932251321,1.1e+14,Microfluidic,7.1,285.0,Yes,0.003,1.25555954834214,No,NCBI GEO,0.8
GEO-IMMUNE-000266,LNP (From GEO),94.63201354543963,0.15146838660883627,-5.386318374183565,83.23653591913681,87.17336372937783,22.185560958128367,113.62068985802232,28274.0,2.5,30.0,Immune Cells,Aptamer,TLR,33.27834143719255,1.1e+14,Microfluidic,7.1,285.0,Yes,0.003,2.2185560958128367,No,NCBI GEO,0.8
GEO-IMMUNE-000267,LNP (From GEO),104.46575088983909,0.18526251460423004,-8.703805311045802,94.09521565920681,74.15387325283827,40.400342655517896,116.89923361978104,28274.0,2.5,30.0,Immune Cells,Aptamer,TLR,60.60051398327685,1.1e+14,Microfluidic,7.1,285.0,Yes,0.003,4.04003426555179,No,NCBI GEO,0.8
GEO-IMMUNE-000268,LNP (From GEO),101.92221263347173,0.115222030772316,-11.696006032919257,89.59177428499459,83.56745844681024,17.096831947277153,116.70582284301277,28274.0,2.5,30.0,Immune Cells,Aptamer,TLR,25.64524792091573,1.1e+14,Microfluidic,7.1,285.0,Yes,0.003,1.7096831947277153,No,NCBI GEO,0.8
GEO-IMMUNE-000269,LNP (From GEO),100.91547993676872,0.10708772187361859,-14.643537837866255,85.65916119360827,75.59453091913454,20.646478427958233,116.16385789596472,28274.0,2.5,30.0,Immune Cells,Aptamer,TLR,30.96971764193735,1.1e+14,Microfluidic,7.1,285.0,Yes,0.003,2.0646478427958233,No,NCBI GEO,0.8
GEO-IMMUNE-000270,LNP (From GEO),103.63973607284098,0.18482852962335733,-10.480661008477519,86.14277182367762,79.80341275459939,22.93605578850331,109.13091643598588,28274.0,2.5,30.0,Immune Cells,Aptamer,TLR,34.404083682754965,1.1e+14,Microfluidic,7.1,285.0,Yes,0.003,2.293605578850331,No,NCBI GEO,0.8
GEO-IMMUNE-000271,LNP (From GEO),108.96843894454335,0.16410380719871936,-7.849083735294487,87.46103940610855,70.98556361711262,21.022298997504706,104.87084083075753,28274.0,2.5,30.0,Immune Cells,Aptamer,TLR,31.53344849625706,1.1e+14,Microfluidic,7.1,285.0,Yes,0.003,2.1022298997504705,No,NCBI GEO,0.8
GEO-IMMUNE-000272,LNP (From GEO),101.61693451358965,0.16805054308428605,-12.69066638694464,82.79894828431624,82.50927503460154,21.577597562960086,101.45376305828998,28274.0,2.5,30.0,Immune Cells,Aptamer,TLR,32.366396344440126,1.1e+14,Microfluidic,7.1,285.0,Yes,0.003,2.1577597562960085,No,NCBI GEO,0.8
GEO-IMMUNE-000273,LNP (From GEO),92.05956773992271,0.14757851951584253,-10.52786816628815,93.86716480409694,84.98214519184,20.923983619356505,114.8084767993367,28274.0,2.5,30.0,Immune Cells,Aptamer,TLR,31.385975429034758,1.1e+14,Microfluidic,7.1,285.0,Yes,0.003,2.0923983619356505,No,NCBI GEO,0.8
GEO-IMMUNE-000274,LNP (From GEO),102.45361777143434,0.11460716410364798,-11.12535936391423,82.38078384849607,77.06813435179025,16.47776049968973,113.3711977223112,28274.0,2.5,30.0,Immune Cells,Aptamer,TLR,24.716640749534598,1.1e+14,Microfluidic,7.1,285.0,Yes,0.003,1.647776049968973,No,NCBI GEO,0.8
GEO-IMMUNE-000275,LNP (From GEO),96.04443260097167,0.1568804344825346,-10.452668018289888,86.83993953061973,79.17661286716651,21.677538062979856,111.98621967590101,28274.0,2.5,30.0,Immune Cells,Aptamer,TLR,32.51630709446978,1.1e+14,Microfluidic,7.1,285.0,Yes,0.003,2.1677538062979855,No,NCBI GEO,0.8
GEO-IMMUNE-000276,LNP (From GEO),100.22070293907774,0.14242625341607074,-11.848989347249354,82.97407787077215,74.66393512685579,36.55292482172138,108.01626647264301,28274.0,2.5,30.0,Immune Cells,Aptamer,TLR,54.82938723258208,1.1e+14,Microfluidic,7.1,285.0,Yes,0.003,3.6552924821721384,No,NCBI GEO,0.8
GEO-IMMUNE-000277,LNP (From GEO),97.41007789281534,0.18956366145628056,-5.8421492843785,90.02546918431828,88.34615017158038,24.18290052624497,106.14466870967559,28274.0,2.5,30.0,Immune Cells,Aptamer,TLR,36.27435078936745,1.1e+14,Microfluidic,7.1,285.0,Yes,0.003,2.418290052624497,No,NCBI GEO,0.8
GEO-IMMUNE-000278,LNP (From GEO),94.63874038692097,0.13628833298520246,-10.792165302613284,85.08390708316145,70.55309027536174,27.96862303194574,117.87590966749767,28274.0,2.5,30.0,Immune Cells,Aptamer,TLR,41.95293454791861,1.1e+14,Microfluidic,7.1,285.0,Yes,0.003,2.796862303194574,No,NCBI GEO,0.8
GEO-IMMUNE-000279,LNP (From GEO),103.67055437964845,0.13832529072550828,-5.554066773997228,91.36066786895387,83.18882492521897,26.7442947501946,114.8976136316851,28274.0,2.5,30.0,Immune Cells,Aptamer,TLR,40.116442125291904,1.1e+14,Microfluidic,7.1,285.0,Yes,0.003,2.67442947501946,No,NCBI GEO,0.8
GEO-IMMUNE-000280,LNP (From GEO),91.32305352944212,0.10111662792220451,-8.818672379832229,83.00223023453444,72.27030449807792,25.647140829188842,116.94384161486835,28274.0,2.5,30.0,Immune Cells,Aptamer,TLR,38.47071124378326,1.1e+14,Microfluidic,7.1,285.0,Yes,0.003,2.564714082918884,No,NCBI GEO,0.8
GEO-IMMUNE-000281,LNP (From GEO),101.89614561812095,0.18916142764409424,-7.4468037624822685,89.38568827402017,81.7212339765121,27.661919190131034,113.29872110364879,28274.0,2.5,30.0,Immune Cells,Aptamer,TLR,41.49287878519655,1.1e+14,Microfluidic,7.1,285.0,Yes,0.003,2.7661919190131035,No,NCBI GEO,0.8
GEO-IMMUNE-000282,LNP (From GEO),104.02663075423213,0.1128267224107658,-5.174649626232151,81.31526908178029,84.58651661974875,44.548841912835414,110.31375130086626,28274.0,2.5,30.0,Immune Cells,Aptamer,TLR,66.82326286925313,1.1e+14,Microfluidic,7.1,285.0,Yes,0.003,4.454884191283542,No,NCBI GEO,0.8
GEO-IMMUNE-000283,LNP (From GEO),108.97226796582166,0.12818902469235363,-5.758983466223686,88.76635161210778,75.79134806431797,28.242852774549686,113.56718778954988,28274.0,2.5,30.0,Immune Cells,Aptamer,TLR,42.36427916182453,1.1e+14,Microfluidic,7.1,285.0,Yes,0.003,2.8242852774549685,No,NCBI GEO,0.8
GEO-IMMUNE-000284,LNP (From GEO),97.42641424955043,0.11345900342325922,-7.372583308839312,93.21754539491181,80.81702628441482,18.084511097974463,114.22472860688296,28274.0,2.5,30.0,Immune Cells,Aptamer,TLR,27.1267666469617,1.1e+14,Microfluidic,7.1,285.0,Yes,0.003,1.8084511097974465,No,NCBI GEO,0.8
GEO-IMMUNE-000285,LNP (From GEO),102.36206179149757,0.19020218499095878,-10.969732613393248,80.97584774428739,82.73007680790856,20.17079093772047,111.59989514037758,28274.0,2.5,30.0,Immune Cells,Aptamer,TLR,30.256186406580703,1.1e+14,Microfluidic,7.1,285.0,Yes,0.003,2.017079093772047,No,NCBI GEO,0.8
GEO-IMMUNE-000286,LNP (From GEO),107.97204033782918,0.12146987140344938,-9.331895416209022,92.47344500783248,85.89915609794706,24.02067149368754,102.83103748029063,28274.0,2.5,30.0,Immune Cells,Aptamer,TLR,36.03100724053131,1.1e+14,Microfluidic,7.1,285.0,Yes,0.003,2.402067149368754,No,NCBI GEO,0.8
GEO-IMMUNE-000287,LNP (From GEO),99.54213863899292,0.12802798824352454,-14.603087896903125,93.41787075689932,81.43813795348996,33.99283160007658,113.4354648223209,28274.0,2.5,30.0,Immune Cells,Aptamer,TLR,50.98924740011487,1.1e+14,Microfluidic,7.1,285.0,Yes,0.003,3.399283160007658,No,NCBI GEO,0.8
GEO-IMMUNE-000288,LNP (From GEO),102.74084700909518,0.11457269667615723,-14.418520909803464,87.4233623282756,71.41638960729772,22.891084117619542,114.11076093358214,28274.0,2.5,30.0,Immune Cells,Aptamer,TLR,34.33662617642931,1.1e+14,Microfluidic,7.1,285.0,Yes,0.003,2.289108411761954,No,NCBI GEO,0.8
GEO-IMMUNE-000289,LNP (From GEO),95.01295135624576,0.15582340163749853,-6.369466535378033,85.71438680638023,71.93325232571497,32.08205585064033,116.25458521802867,28274.0,2.5,30.0,Immune Cells,Aptamer,TLR,48.12308377596049,1.1e+14,Microfluidic,7.1,285.0,Yes,0.003,3.2082055850640327,No,NCBI GEO,0.8
GEO-IMMUNE-000290,LNP (From GEO),107.640124076895,0.164378733450957,-10.60173986581146,90.72667124484161,77.58718134647997,36.00978166833353,110.85064573940996,28274.0,2.5,30.0,Immune Cells,Aptamer,TLR,54.014672502500304,1.1e+14,Microfluidic,7.1,285.0,Yes,0.003,3.6009781668333534,No,NCBI GEO,0.8
GEO-IMMUNE-000291,LNP (From GEO),108.6697607025563,0.17159033867613274,-12.19197968986343,80.27682627922805,70.40053253084734,26.212749787128175,109.54652152095343,28274.0,2.5,30.0,Immune Cells,Aptamer,TLR,39.31912468069226,1.1e+14,Microfluidic,7.1,285.0,Yes,0.003,2.6212749787128176,No,NCBI GEO,0.8
GEO-IMMUNE-000292,LNP (From GEO),103.4336619851027,0.10172076195145031,-6.989081249388159,84.37019272543755,83.66529295836436,36.75000134640666,117.67887296616101,28274.0,2.5,30.0,Immune Cells,Aptamer,TLR,55.125002019609994,1.1e+14,Microfluidic,7.1,285.0,Yes,0.003,3.6750001346406664,No,NCBI GEO,0.8
GEO-IMMUNE-000293,LNP (From GEO),108.1716675803591,0.18982371169376677,-14.932021405923516,86.55009343400096,71.84022706815912,19.209474192929036,117.61603663863707,28274.0,2.5,30.0,Immune Cells,Aptamer,TLR,28.814211289393555,1.1e+14,Microfluidic,7.1,285.0,Yes,0.003,1.9209474192929037,No,NCBI GEO,0.8
GEO-IMMUNE-000294,LNP (From GEO),107.88595384595129,0.12819246785249214,-5.40235802125652,85.38629888560402,81.54293683030728,29.183753485312312,119.97235799717835,28274.0,2.5,30.0,Immune Cells,Aptamer,TLR,43.77563022796847,1.1e+14,Microfluidic,7.1,285.0,Yes,0.003,2.918375348531231,No,NCBI GEO,0.8
GEO-IMMUNE-000295,LNP (From GEO),107.1477169556268,0.13362858659986543,-9.749750575402686,89.24755985079739,80.76119765204913,30.232045078975442,108.44963276493964,28274.0,2.5,30.0,Immune Cells,Aptamer,TLR,45.34806761846316,1.1e+14,Microfluidic,7.1,285.0,Yes,0.003,3.0232045078975442,No,NCBI GEO,0.8
GEO-IMMUNE-000296,LNP (From GEO),108.12332733840938,0.12190315207108607,-6.667801863513969,90.90729417094177,86.11339026413168,30.28599135543018,111.61191406787907,28274.0,2.5,30.0,Immune Cells,Aptamer,TLR,45.42898703314527,1.1e+14,Microfluidic,7.1,285.0,Yes,0.003,3.028599135543018,No,NCBI GEO,0.8
GEO-IMMUNE-000297,LNP (From GEO),97.92177409252788,0.13905876679731055,-12.713313672869589,81.65843121051574,82.77995695582773,16.987005755076364,101.14274210499065,28274.0,2.5,30.0,Immune Cells,Aptamer,TLR,25.480508632614548,1.1e+14,Microfluidic,7.1,285.0,Yes,0.003,1.6987005755076365,No,NCBI GEO,0.8
GEO-IMMUNE-000298,LNP (From GEO),99.44249476501088,0.1019525438587045,-13.108132295267458,90.77400123276057,78.85341330023593,15.135975739976036,103.25636603000098,28274.0,2.5,30.0,Immune Cells,Aptamer,TLR,22.703963609964052,1.1e+14,Microfluidic,7.1,285.0,Yes,0.003,1.5135975739976035,No,NCBI GEO,0.8
GEO-IMMUNE-000299,LNP (From GEO),97.85009326297532,0.1587966364092113,-6.662248711967356,82.09808989225756,77.30913294073375,28.859945902886608,106.622988627099,28274.0,2.5,30.0,Immune Cells,Aptamer,TLR,43.28991885432991,1.1e+14,Microfluidic,7.1,285.0,Yes,0.003,2.885994590288661,No,NCBI GEO,0.8
GEO-IMMUNE-000300,LNP (From GEO),103.2559180655062,0.14877008495567073,-13.01420150431866,85.52219545354096,83.08441676541118,21.883519809586733,114.07298741997919,28274.0,2.5,30.0,Immune Cells,Aptamer,TLR,32.8252797143801,1.1e+14,Microfluidic,7.1,285.0,Yes,0.003,2.1883519809586733,No,NCBI GEO,0.8
