Batch_ID,Material,Size_nm,PDI,Charge_mV,Encapsulation_%,Stability_%,Toxicity_%,Hydrodynamic_Size_nm,Surface_Area_nm2,Pore_Size_nm,Degradation_Time_days,Target_Cells,Ligand,Receptor,Delivery_Efficiency_%,Particle_Concentration_per_mL,Preparation_Method,pH,Osmolality_mOsm,Sterility_Pass,Endotoxin_EU_mL,Structure_Type,Compactness,Flexibility,Source,Confidence
PDB-STRUCT-000001,Lipid/Protein Complex,90.8742354238588,0.2908626033442796,-7.433802738065353,85.98159354316148,74.00376356664118,28.03380561556577,68.42066480355888,18408.052403347076,2.3988746895788218,33.370516497214325,Structure-dependent,Protein/Lipid,Protein,59.20301085331295,4.20e+12,Computational prediction,7.0,290.0,Yes,0.001,Rod-like,0.7400376356664119,0.4393238876886846,PDB,0.7
PDB-STRUCT-000002,Lipid/Protein Complex,81.0669251430783,0.14430114652392012,-20.492614792171455,72.37278855466661,75.22310374530332,21.068117159506077,141.0323532354069,22867.738806332123,1.1197329446327813,34.85317219533072,Structure-dependent,Protein/Lipid,Protein,60.17848299624266,9.14e+12,Computational prediction,7.0,290.0,Yes,0.001,Rod-like,0.7522310374530332,0.5786376568098784,PDB,0.7
PDB-STRUCT-000003,Lipid/Protein Complex,158.625789230809,0.28815344256563313,8.506217344710201,69.68769939361374,97.68166151427515,44.69234817910757,214.46477719713403,37771.624879836934,4.751232343949157,24.688251336218187,Structure-dependent,Protein/Lipid,Protein,78.14532921142012,6.00e+12,Computational prediction,7.0,290.0,Yes,0.001,Micelle,0.9768166151427515,0.10615303641784868,PDB,0.7
PDB-STRUCT-000004,Lipid/Protein Complex,126.93673375719854,0.12658286505365465,-15.633595565696652,65.38130668112674,99.07871419457545,19.138705363148556,181.73873215062935,31470.899854077965,1.1194202961221564,35.51880159573101,Structure-dependent,Protein/Lipid,Protein,79.26297135566037,7.06e+12,Computational prediction,7.0,290.0,Yes,0.001,Core-shell,0.9907871419457546,0.6172258927370289,PDB,0.7
PDB-STRUCT-000005,Lipid/Protein Complex,74.16345827116167,0.19960928277211565,1.5663333818511447,73.57440950966858,50.75085976984681,42.367057373818085,62.471651117580365,48304.71679581353,3.6348189613188673,102.83010713146122,Structure-dependent,Protein/Lipid,Protein,40.60068781587745,9.63e+12,Computational prediction,7.0,290.0,Yes,0.001,Cubic,0.5075085976984681,0.15265885252363837,PDB,0.7
PDB-STRUCT-000006,Lipid/Protein Complex,157.98155259066723,0.2692844893700794,12.181634528561538,68.63078661041348,71.10192047042325,40.00402908129458,123.86035069481869,44493.25620998829,4.664770054294881,103.00258865628021,Structure-dependent,Protein/Lipid,Protein,56.8815363763386,9.35e+12,Computational prediction,7.0,290.0,Yes,0.001,Liposome,0.7110192047042325,0.19991941837410832,PDB,0.7
PDB-STRUCT-000007,Lipid/Protein Complex,140.5889314808676,0.2990360087306293,13.923311381674779,85.82751684526785,99.4821230367596,36.41243179321134,94.95467919227795,46455.78245480472,2.3429386545763577,30.270686587006473,Structure-dependent,Protein/Lipid,Protein,79.58569842940769,5.23e+12,Computational prediction,7.0,290.0,Yes,0.001,Micelle,0.9948212303675961,0.27175136413577317,PDB,0.7
PDB-STRUCT-000008,Lipid/Protein Complex,192.8855451886647,0.2283210239682744,-6.003637129180714,69.33699185891541,65.94059548495133,23.90084299056523,204.02296849131255,46530.008729443885,1.0710552228280603,67.98459614783073,Structure-dependent,Protein/Lipid,Protein,52.75247638796107,8.04e+12,Computational prediction,7.0,290.0,Yes,0.001,Liposome,0.6594059548495134,0.5219831401886954,PDB,0.7
PDB-STRUCT-000009,Lipid/Protein Complex,79.43082062245648,0.14715586897907176,-4.105592332766797,77.87700298547266,94.82588529071943,36.6540217599476,136.58493164788456,48865.640799036366,1.4942762900658932,29.22119739022186,Structure-dependent,Protein/Lipid,Protein,75.86070823257555,3.40e+12,Computational prediction,7.0,290.0,Yes,0.001,Liposome,0.9482588529071942,0.26691956480104806,PDB,0.7
PDB-STRUCT-000010,Lipid/Protein Complex,137.79786581599285,0.20560622606971454,3.838604769270276,82.86572193554719,77.42668288651437,17.495854319238507,79.11072672648656,43099.440049005105,3.0277432105763618,39.62853226267737,Structure-dependent,Protein/Lipid,Protein,61.9413463092115,9.04e+12,Computational prediction,7.0,290.0,Yes,0.001,Icosahedral,0.7742668288651438,0.6500829136152299,PDB,0.7
PDB-STRUCT-000011,Lipid/Protein Complex,128.68573127902565,0.27033789727321456,-16.66611387871675,87.13616430632148,69.04846574013219,24.907585455995555,78.74300609585487,25738.09522165673,2.9612735264722096,119.81726288226605,Structure-dependent,Protein/Lipid,Protein,55.238772592105754,5.38e+12,Computational prediction,7.0,290.0,Yes,0.001,Liposome,0.6904846574013219,0.5018482908800889,PDB,0.7
PDB-STRUCT-000012,Lipid/Protein Complex,137.0560633572672,0.15526285468094028,-21.618830075871045,78.54163913578881,91.01312506251872,22.67527447905789,104.37486714102434,15952.10042257716,3.2130294880965455,7.45845888432978,Structure-dependent,Protein/Lipid,Protein,72.81050005001498,7.90e+12,Computational prediction,7.0,290.0,Yes,0.001,Core-shell,0.9101312506251872,0.5464945104188422,PDB,0.7
PDB-STRUCT-000013,Lipid/Protein Complex,159.50323252388688,0.28558013426260787,2.9106077773873515,87.7020358864973,96.14235656553805,22.516092612105904,61.8979871404494,18333.385852874442,3.6988355433278826,65.08624908036771,Structure-dependent,Protein/Lipid,Protein,76.91388525243043,2.07e+12,Computational prediction,7.0,290.0,Yes,0.001,Core-shell,0.9614235656553805,0.5496781477578819,PDB,0.7
PDB-STRUCT-000014,Lipid/Protein Complex,186.23422290484496,0.16372303114001233,3.19240845981912,69.28826071491166,71.36009683100404,5.454643240618462,173.8280752679201,24718.40653853477,3.578518404999041,117.20896966482084,Structure-dependent,Protein/Lipid,Protein,57.088077464803234,6.85e+12,Computational prediction,7.0,290.0,Yes,0.001,Cubic,0.7136009683100404,0.8909071351876308,PDB,0.7
PDB-STRUCT-000015,Lipid/Protein Complex,196.54831716396387,0.20338686824515514,13.853600075511466,80.57596892228781,65.14294399058961,43.14910110488498,71.13458289514065,31836.212926869008,2.79561515750671,98.44503956114548,Structure-dependent,Protein/Lipid,Protein,52.11435519247169,2.28e+12,Computational prediction,7.0,290.0,Yes,0.001,Core-shell,0.6514294399058962,0.13701797790230047,PDB,0.7
PDB-STRUCT-000016,Lipid/Protein Complex,133.17625827421367,0.12097856012138906,14.388710280152793,68.28151748763553,78.26233081164446,32.92963987314773,92.53459291019564,45148.58355620764,2.7396204795605703,62.92908076733137,Structure-dependent,Protein/Lipid,Protein,62.60986464931557,6.12e+12,Computational prediction,7.0,290.0,Yes,0.001,Micelle,0.7826233081164446,0.34140720253704543,PDB,0.7
PDB-STRUCT-000017,Lipid/Protein Complex,197.84943556547486,0.11236090674354292,-15.447133619420224,79.7217474235048,68.67992322641203,15.314609865896623,117.4536225588024,27803.57626699393,4.196926544271271,11.081023640105325,Structure-dependent,Protein/Lipid,Protein,54.94393858112963,3.77e+12,Computational prediction,7.0,290.0,Yes,0.001,Cubic,0.6867992322641203,0.6937078026820676,PDB,0.7
PDB-STRUCT-000018,Lipid/Protein Complex,198.10708608820934,0.1785385357236842,-16.933451384093257,72.90653393911833,80.12998073596978,12.916271781719562,218.04819083478512,17031.167104781947,3.58964919279903,110.60311682277955,Structure-dependent,Protein/Lipid,Protein,64.10398458877582,7.99e+12,Computational prediction,7.0,290.0,Yes,0.001,Icosahedral,0.8012998073596977,0.7416745643656087,PDB,0.7
PDB-STRUCT-000019,Lipid/Protein Complex,163.09310258251685,0.16272591792640054,-19.5567320464435,52.86644532974755,61.35139751946787,9.378333355587865,107.40427171020657,16407.681443365113,4.901634559233749,40.33156634985712,Structure-dependent,Protein/Lipid,Protein,49.08111801557429,2.72e+12,Computational prediction,7.0,290.0,Yes,0.001,Rod-like,0.6135139751946787,0.8124333328882427,PDB,0.7
PDB-STRUCT-000020,Lipid/Protein Complex,113.70787574396184,0.11919635119673078,11.115245334954885,58.62801308000796,55.81937674298513,36.406384999357016,175.73387782938113,49705.916455408886,2.919272691688762,59.230527756054734,Structure-dependent,Protein/Lipid,Protein,44.655501394388104,3.32e+12,Computational prediction,7.0,290.0,Yes,0.001,Core-shell,0.5581937674298513,0.27187230001285967,PDB,0.7
PDB-STRUCT-000021,Lipid/Protein Complex,145.89439139575785,0.17850905275395565,-3.171179133524994,61.644190168264686,89.4076944436279,25.19679607787055,191.7139763798899,22169.66503982348,3.2321382505453573,83.47070233339434,Structure-dependent,Protein/Lipid,Protein,71.52615555490232,2.35e+12,Computational prediction,7.0,290.0,Yes,0.001,Spherical,0.894076944436279,0.49606407844258893,PDB,0.7
PDB-STRUCT-000022,Lipid/Protein Complex,50.08409310212336,0.16072332037970935,9.323206788663349,50.27661399475753,87.93468736837515,9.522646755448655,69.51603548363435,45802.36198667603,2.0001412806786973,55.44261636388822,Structure-dependent,Protein/Lipid,Protein,70.34774989470012,7.50e+12,Computational prediction,7.0,290.0,Yes,0.001,Rod-like,0.8793468736837515,0.8095470648910269,PDB,0.7
PDB-STRUCT-000023,Lipid/Protein Complex,151.20335795526864,0.2574873805355014,-16.923003132511486,55.24823550061837,74.2493089036862,30.203537124810953,110.28936817642759,22207.742077093546,4.560830424675936,93.32900951898921,Structure-dependent,Protein/Lipid,Protein,59.399447122948956,2.88e+12,Computational prediction,7.0,290.0,Yes,0.001,Core-shell,0.742493089036862,0.39592925750378094,PDB,0.7
PDB-STRUCT-000024,Lipid/Protein Complex,81.0998549558133,0.18111454609749736,-18.18195353344948,58.70410956776354,94.09734341416689,33.6029385402496,157.39037370702232,21020.60683583193,4.325969593183487,15.65651836667656,Structure-dependent,Protein/Lipid,Protein,75.27787473133351,2.50e+12,Computational prediction,7.0,290.0,Yes,0.001,Icosahedral,0.9409734341416689,0.3279412291950079,PDB,0.7
PDB-STRUCT-000025,Lipid/Protein Complex,95.64237035774528,0.20986709398993864,-20.512198742132615,57.15935952623222,98.61398257035663,35.74005019876934,186.5360294893376,39392.18432775314,2.034642042533022,18.24749554627101,Structure-dependent,Protein/Lipid,Protein,78.8911860562853,8.66e+12,Computational prediction,7.0,290.0,Yes,0.001,Liposome,0.9861398257035663,0.2851989960246133,PDB,0.7
PDB-STRUCT-000026,Lipid/Protein Complex,186.87336340832903,0.23519106720669106,5.261028237186949,78.95379300322402,51.905819993067325,30.034337934738804,199.0610474251681,43880.744690002335,4.6669530842283455,78.49716677353409,Structure-dependent,Protein/Lipid,Protein,41.52465599445386,9.98e+12,Computational prediction,7.0,290.0,Yes,0.001,Core-shell,0.5190581999306733,0.39931324130522394,PDB,0.7
PDB-STRUCT-000027,Lipid/Protein Complex,72.39629447317903,0.10920849727611495,-8.659810874288056,58.417999603826054,56.390515656572695,33.97110723480262,90.68541055795997,37731.68750373802,4.5296235660045845,98.37664712355763,Structure-dependent,Protein/Lipid,Protein,45.11241252525815,8.13e+12,Computational prediction,7.0,290.0,Yes,0.001,Rod-like,0.5639051565657269,0.3205778553039476,PDB,0.7
PDB-STRUCT-000028,Lipid/Protein Complex,176.63616607994823,0.21906712358911234,-2.4974916130248417,53.78119128402253,51.6306772414461,21.619013843724815,176.6018054787844,26149.72683366548,2.338272092159934,47.35547675214526,Structure-dependent,Protein/Lipid,Protein,41.30454179315688,5.97e+12,Computational prediction,7.0,290.0,Yes,0.001,Spherical,0.516306772414461,0.5676197231255037,PDB,0.7
PDB-STRUCT-000029,Lipid/Protein Complex,126.03119841690284,0.20874628607032442,11.987619136927364,74.03229227798775,61.36326887156381,23.35799595234941,81.42698773453658,44093.43392415729,2.339684480108421,50.169101886500044,Structure-dependent,Protein/Lipid,Protein,49.09061509725105,3.49e+12,Computational prediction,7.0,290.0,Yes,0.001,Spherical,0.6136326887156381,0.5328400809530118,PDB,0.7
PDB-STRUCT-000030,Lipid/Protein Complex,129.06456256436763,0.17512077055975156,-8.866291336979483,76.79223320945842,95.33608922834522,18.223747246935297,118.22539239776768,36148.66495113834,3.4805538972692744,42.329108277661966,Structure-dependent,Protein/Lipid,Protein,76.26887138267618,9.45e+12,Computational prediction,7.0,290.0,Yes,0.001,Rod-like,0.9533608922834522,0.6355250550612941,PDB,0.7
PDB-STRUCT-000031,Lipid/Protein Complex,114.9694383506987,0.14440441529034762,14.803581479096039,81.75037578727282,71.39374377932351,21.447800720997833,69.96931614488638,26442.117145327727,3.6743425447791447,111.75031233254208,Structure-dependent,Protein/Lipid,Protein,57.11499502345881,4.60e+12,Computational prediction,7.0,290.0,Yes,0.001,Core-shell,0.7139374377932352,0.5710439855800433,PDB,0.7
PDB-STRUCT-000032,Lipid/Protein Complex,133.58833871278853,0.27783455373409,13.086057628186381,50.428125527099716,71.16705003605989,37.81145722547873,128.85586933319172,47689.28912908452,1.490936729435432,96.3365387040906,Structure-dependent,Protein/Lipid,Protein,56.93364002884791,9.19e+12,Computational prediction,7.0,290.0,Yes,0.001,Icosahedral,0.7116705003605989,0.24377085549042532,PDB,0.7
PDB-STRUCT-000033,Lipid/Protein Complex,164.31440888445542,0.12181669122825639,7.03987000544366,81.16226543620847,63.89295936528397,19.12534533927628,146.94690572987375,22388.601072163816,2.8175496665064785,43.552475219090276,Structure-dependent,Protein/Lipid,Protein,51.11436749222718,9.23e+12,Computational prediction,7.0,290.0,Yes,0.001,Micelle,0.6389295936528397,0.6174930932144744,PDB,0.7
PDB-STRUCT-000034,Lipid/Protein Complex,146.98223761878634,0.2785632276030525,6.042590569950676,76.83029350359301,85.0092096065601,23.25391470565268,167.52622229091128,46453.92990824994,2.5668163924081377,59.51398189483351,Structure-dependent,Protein/Lipid,Protein,68.00736768524808,4.38e+12,Computational prediction,7.0,290.0,Yes,0.001,Cubic,0.8500920960656011,0.5349217058869464,PDB,0.7
PDB-STRUCT-000035,Lipid/Protein Complex,58.55868114370358,0.2880378692731617,-18.276306956774203,86.6667088893673,75.48305153632316,27.40020957789659,202.39763459872248,45813.3545192475,4.516834547118881,82.32969221731878,Structure-dependent,Protein/Lipid,Protein,60.38644122905852,9.51e+12,Computational prediction,7.0,290.0,Yes,0.001,Cubic,0.7548305153632315,0.4519958084420682,PDB,0.7
PDB-STRUCT-000036,Lipid/Protein Complex,111.15432287836401,0.2820313957582531,1.9724757902764587,80.7448859735775,53.32115381500386,11.248492317681263,137.1419112742046,42518.371106105355,4.85249264687883,47.96540607095186,Structure-dependent,Protein/Lipid,Protein,42.656923052003094,5.34e+12,Computational prediction,7.0,290.0,Yes,0.001,Spherical,0.5332115381500386,0.7750301536463747,PDB,0.7
PDB-STRUCT-000037,Lipid/Protein Complex,193.13844133653066,0.19718754975526986,-4.98651230932456,64.59897233252222,86.13336821823748,27.638452617200176,119.92086873367927,27527.88331137174,3.2887255032444074,23.934800555076386,Structure-dependent,Protein/Lipid,Protein,68.90669457458999,6.02e+12,Computational prediction,7.0,290.0,Yes,0.001,Rod-like,0.8613336821823748,0.44723094765599647,PDB,0.7
PDB-STRUCT-000038,Lipid/Protein Complex,194.8895709189636,0.25098447648174227,-24.9936553656566,85.7734221653007,96.8533484173617,22.933062256756127,182.36359124854616,41213.11441901914,4.181639495747341,17.530667069432056,Structure-dependent,Protein/Lipid,Protein,77.48267873388936,1.83e+12,Computational prediction,7.0,290.0,Yes,0.001,Spherical,0.968533484173617,0.5413387548648775,PDB,0.7
PDB-STRUCT-000039,Lipid/Protein Complex,173.81188207700978,0.28467122395855526,10.79526392591226,73.07444827584823,83.02972370943682,8.127527032236276,167.97161298087804,17970.524132410334,3.691891039741491,24.04131528028997,Structure-dependent,Protein/Lipid,Protein,66.42377896754945,3.49e+12,Computational prediction,7.0,290.0,Yes,0.001,Rod-like,0.8302972370943682,0.8374494593552745,PDB,0.7
PDB-STRUCT-000040,Lipid/Protein Complex,64.22263585787358,0.2965682704866205,-6.751931573269161,65.757877070645,81.98325569137609,9.671776052308756,111.9169659236948,28135.799515712817,3.8416617894189415,48.92513212089595,Structure-dependent,Protein/Lipid,Protein,65.58660455310087,8.84e+12,Computational prediction,7.0,290.0,Yes,0.001,Liposome,0.8198325569137609,0.8065644789538249,PDB,0.7
PDB-STRUCT-000041,Lipid/Protein Complex,113.21407049798498,0.19752954009317666,-2.2107442566410853,64.0514788109415,56.786683265745566,36.70343701499143,115.32863182369418,39841.629172371075,1.861380481977636,77.84536516555802,Structure-dependent,Protein/Lipid,Protein,45.42934661259645,6.53e+12,Computational prediction,7.0,290.0,Yes,0.001,Liposome,0.5678668326574556,0.2659312597001714,PDB,0.7
PDB-STRUCT-000042,Lipid/Protein Complex,149.90852292944749,0.2640106729604663,-8.411808470041827,80.24723160546719,87.26323238512484,34.99755913041269,109.71758234487453,33799.89041215476,3.1958851989535537,35.356999639774145,Structure-dependent,Protein/Lipid,Protein,69.81058590809987,2.64e+12,Computational prediction,7.0,290.0,Yes,0.001,Core-shell,0.8726323238512483,0.30004881739174627,PDB,0.7
PDB-STRUCT-000043,Lipid/Protein Complex,126.66293468853728,0.1119098490107324,-19.29611209959429,50.12662744988138,76.70436445536235,6.160024979776468,108.10538659835046,47746.05985899906,2.487082866755616,60.698534441937404,Structure-dependent,Protein/Lipid,Protein,61.36349156428988,3.00e+12,Computational prediction,7.0,290.0,Yes,0.001,Icosahedral,0.7670436445536235,0.8767995004044706,PDB,0.7
PDB-STRUCT-000044,Lipid/Protein Complex,144.27911717889867,0.15548756967419608,-12.168018048522033,75.35021158864852,77.11513586988885,29.95923406734045,73.20869904567942,20034.664699545334,4.832231322809031,87.27520629234631,Structure-dependent,Protein/Lipid,Protein,61.69210869591108,1.34e+12,Computational prediction,7.0,290.0,Yes,0.001,Bilayer,0.7711513586988885,0.400815318653191,PDB,0.7
PDB-STRUCT-000045,Lipid/Protein Complex,65.66915622918015,0.1269771667819138,2.1134726718385224,82.95348972410034,58.21126152856149,41.21624748812895,69.41630741738379,17981.832399007108,3.9779044667261476,75.62226736780168,Structure-dependent,Protein/Lipid,Protein,46.56900922284919,3.66e+12,Computational prediction,7.0,290.0,Yes,0.001,Rod-like,0.5821126152856149,0.17567505023742103,PDB,0.7
PDB-STRUCT-000046,Lipid/Protein Complex,109.52100865702232,0.24943521295707252,-14.082992678386109,74.17509414483092,85.68114860543207,14.354280570160716,188.66555346959154,39388.722854500695,1.5854022486235326,68.69879371720954,Structure-dependent,Protein/Lipid,Protein,68.54491888434566,4.89e+12,Computational prediction,7.0,290.0,Yes,0.001,Spherical,0.8568114860543208,0.7129143885967857,PDB,0.7
PDB-STRUCT-000047,Lipid/Protein Complex,76.04949146790347,0.14005153412355625,-4.277786729964113,67.10360727485892,97.42139331162977,22.23914710081396,201.1338925616117,21834.215666704706,2.9791863578934707,61.517112367423984,Structure-dependent,Protein/Lipid,Protein,77.93711464930381,8.17e+12,Computational prediction,7.0,290.0,Yes,0.001,Icosahedral,0.9742139331162977,0.5552170579837208,PDB,0.7
PDB-STRUCT-000048,Lipid/Protein Complex,162.84108302905685,0.2831893785343453,-20.030578335510892,62.579839040349704,99.88776441375522,30.11812859616756,139.30239327675338,31526.749476646168,3.29597870669705,109.53154818685948,Structure-dependent,Protein/Lipid,Protein,79.91021153100418,6.18e+12,Computational prediction,7.0,290.0,Yes,0.001,Core-shell,0.9988776441375522,0.3976374280766488,PDB,0.7
PDB-STRUCT-000049,Lipid/Protein Complex,143.42872821419945,0.28296362231095945,-4.540906247184186,56.05962409156808,94.72895414670317,16.85389535831696,179.93354878617436,28916.487940339364,1.7260233400989802,61.89253571615622,Structure-dependent,Protein/Lipid,Protein,75.78316331736254,6.17e+12,Computational prediction,7.0,290.0,Yes,0.001,Liposome,0.9472895414670317,0.6629220928336608,PDB,0.7
PDB-STRUCT-000050,Lipid/Protein Complex,146.4063394370513,0.15210165151889765,-17.6073319598231,79.07466467045737,69.681270643627,35.09319311788626,136.0909111818362,48117.24556068161,4.9536892470897556,102.175315239984,Structure-dependent,Protein/Lipid,Protein,55.7450165149016,6.66e+12,Computational prediction,7.0,290.0,Yes,0.001,Rod-like,0.69681270643627,0.29813613764227487,PDB,0.7
PDB-STRUCT-000051,Lipid/Protein Complex,89.7520280647002,0.2918829022316044,-23.380281893225707,85.78081730604933,70.05508126748725,39.820121641383665,187.7058061527302,28213.724115242774,4.166181889625765,77.26456459819958,Structure-dependent,Protein/Lipid,Protein,56.0440650139898,8.97e+12,Computational prediction,7.0,290.0,Yes,0.001,Cubic,0.7005508126748725,0.2035975671723267,PDB,0.7
PDB-STRUCT-000052,Lipid/Protein Complex,135.41639210672653,0.23330736616281236,5.028914907659914,86.55563809826921,55.66182476748659,32.686051237867105,107.8637063789262,22736.352437160116,4.169455646882323,103.23182141579701,Structure-dependent,Protein/Lipid,Protein,44.52945981398927,6.91e+12,Computational prediction,7.0,290.0,Yes,0.001,Spherical,0.5566182476748659,0.34627897524265794,PDB,0.7
PDB-STRUCT-000053,Lipid/Protein Complex,102.91646867928256,0.2271215122382161,-16.436753056578176,55.933251915377866,97.9243455527991,30.284430978631168,167.12029825958524,23090.334504387756,1.9329473236004988,115.26006479880367,Structure-dependent,Protein/Lipid,Protein,78.33947644223927,7.34e+12,Computational prediction,7.0,290.0,Yes,0.001,Micelle,0.979243455527991,0.3943113804273767,PDB,0.7
PDB-STRUCT-000054,Lipid/Protein Complex,112.32440617126764,0.18282841117630438,-7.876390849148738,60.48217363018283,85.48700760252271,27.40428336748512,114.49603048809452,36577.34466858599,3.8827988609439688,14.252588070786622,Structure-dependent,Protein/Lipid,Protein,68.38960608201816,6.50e+12,Computational prediction,7.0,290.0,Yes,0.001,Core-shell,0.854870076025227,0.45191433265029757,PDB,0.7
PDB-STRUCT-000055,Lipid/Protein Complex,151.51077798323976,0.2515892964627033,-15.692128020778915,73.09431721538547,93.30516021472685,41.213558918741214,72.98507332285584,41390.31017979768,3.7125885441868505,28.87243494035657,Structure-dependent,Protein/Lipid,Protein,74.64412817178149,3.62e+12,Computational prediction,7.0,290.0,Yes,0.001,Bilayer,0.9330516021472686,0.1757288216251757,PDB,0.7
PDB-STRUCT-000056,Lipid/Protein Complex,59.45579320536005,0.21888464718093376,-4.45287511277354,68.85556824348598,51.22068331851033,44.57684811457748,100.44640436860006,17467.48726711607,3.8694806719357153,53.457711559416694,Structure-dependent,Protein/Lipid,Protein,40.97654665480826,1.10e+12,Computational prediction,7.0,290.0,Yes,0.001,Spherical,0.5122068331851033,0.10846303770845048,PDB,0.7
PDB-STRUCT-000057,Lipid/Protein Complex,160.20726165062257,0.11523527378803267,11.693287286878508,60.47077214304325,73.87812118009887,8.798646822134353,187.03196153191786,35375.78936431222,3.1276268577039326,95.95661608527617,Structure-dependent,Protein/Lipid,Protein,59.1024969440791,4.19e+12,Computational prediction,7.0,290.0,Yes,0.001,Core-shell,0.7387812118009888,0.8240270635573129,PDB,0.7
PDB-STRUCT-000058,Lipid/Protein Complex,85.27187331526673,0.12564410194212652,-24.75841761790214,64.69525632615792,61.264090591115774,28.78803401939595,211.90713915440992,24438.880561402802,3.7561781759479063,52.473433880315056,Structure-dependent,Protein/Lipid,Protein,49.011272472892614,2.36e+12,Computational prediction,7.0,290.0,Yes,0.001,Rod-like,0.6126409059111577,0.42423931961208095,PDB,0.7
PDB-STRUCT-000059,Lipid/Protein Complex,119.1550077870251,0.14486373531973526,3.457097125820141,77.21986443954194,71.851042694168,13.598346075315165,155.14443212453693,40200.85231332814,4.432049453295907,54.94955800540442,Structure-dependent,Protein/Lipid,Protein,57.4808341553344,1.11e+12,Computational prediction,7.0,290.0,Yes,0.001,Micelle,0.71851042694168,0.7280330784936967,PDB,0.7
PDB-STRUCT-000060,Lipid/Protein Complex,110.05943017843234,0.2897372450840967,-11.949877262753112,71.89563043107114,64.77912645702995,6.75431609769111,114.19212714676142,33734.63120931562,4.94067375257041,118.98464719144194,Structure-dependent,Protein/Lipid,Protein,51.82330116562396,9.68e+12,Computational prediction,7.0,290.0,Yes,0.001,Core-shell,0.6477912645702995,0.8649136780461778,PDB,0.7
PDB-STRUCT-000061,Lipid/Protein Complex,117.26591714830838,0.2852274665817217,-19.512251452203483,54.71194489094761,53.08541394922486,21.28907978726738,211.60032793028637,34826.90400475455,2.58223409855317,18.577679152051807,Structure-dependent,Protein/Lipid,Protein,42.468331159379886,7.12e+12,Computational prediction,7.0,290.0,Yes,0.001,Core-shell,0.5308541394922486,0.5742184042546524,PDB,0.7
PDB-STRUCT-000062,Lipid/Protein Complex,168.3180402480434,0.2495339762457851,-2.742403684048771,65.23749801286327,65.2563000453235,23.999461586327293,84.57022423551366,34653.21619246719,2.8892929395142337,87.5043251210661,Structure-dependent,Protein/Lipid,Protein,52.2050400362588,5.47e+12,Computational prediction,7.0,290.0,Yes,0.001,Liposome,0.652563000453235,0.5200107682734542,PDB,0.7
PDB-STRUCT-000063,Lipid/Protein Complex,79.71265483543543,0.14157392587286396,4.781149287430782,64.58803810774886,67.30863003511234,20.803533800525802,202.41473778284077,44415.1342650954,2.5490644241861853,79.29917374170087,Structure-dependent,Protein/Lipid,Protein,53.84690402808987,7.80e+12,Computational prediction,7.0,290.0,Yes,0.001,Micelle,0.6730863003511234,0.5839293239894839,PDB,0.7
PDB-STRUCT-000064,Lipid/Protein Complex,114.46758882240526,0.22615848769842048,-24.24608014417339,77.06436294954418,61.70344769996194,43.75925120915136,92.8130911518197,26910.14793123222,2.3438061941790322,80.09075774158823,Structure-dependent,Protein/Lipid,Protein,49.36275815996956,4.34e+12,Computational prediction,7.0,290.0,Yes,0.001,Spherical,0.6170344769996194,0.12481497581697286,PDB,0.7
PDB-STRUCT-000065,Lipid/Protein Complex,66.13300287681601,0.16791372481725828,-19.13768684197059,59.21052950601652,87.10128335983586,10.051163863950062,141.3128240370432,28861.36394285586,2.466553654814526,7.27840441303646,Structure-dependent,Protein/Lipid,Protein,69.6810266878687,9.84e+12,Computational prediction,7.0,290.0,Yes,0.001,Liposome,0.8710128335983587,0.7989767227209987,PDB,0.7
PDB-STRUCT-000066,Lipid/Protein Complex,114.58460993752446,0.1594333757988464,-8.579618491655697,83.31434196426589,61.57309703520738,31.41267806893226,210.5254679855305,16549.05837614412,4.197839976941837,72.21940990435463,Structure-dependent,Protein/Lipid,Protein,49.258477628165906,9.63e+12,Computational prediction,7.0,290.0,Yes,0.001,Rod-like,0.6157309703520738,0.3717464386213548,PDB,0.7
PDB-STRUCT-000067,Lipid/Protein Complex,154.8028268877627,0.2645332959888057,-7.7025088135343545,71.3975065366736,64.83686501881172,30.71680689381318,153.36346342084087,40697.55967130895,1.2327296730536839,70.56201872323908,Structure-dependent,Protein/Lipid,Protein,51.869492015049374,9.99e+12,Computational prediction,7.0,290.0,Yes,0.001,Spherical,0.6483686501881172,0.3856638621237364,PDB,0.7
PDB-STRUCT-000068,Lipid/Protein Complex,68.10751280455821,0.25029967438005285,0.10543019113978858,76.70120055575453,76.65768552049678,44.33212507014467,208.65230902209223,16820.870349872836,2.362381520626019,35.673440728052555,Structure-dependent,Protein/Lipid,Protein,61.32614841639743,8.11e+12,Computational prediction,7.0,290.0,Yes,0.001,Icosahedral,0.7665768552049679,0.1133574985971066,PDB,0.7
PDB-STRUCT-000069,Lipid/Protein Complex,139.78161176995178,0.11403759414275552,14.032642109428345,56.618514764833776,96.40367733455587,5.327581495815875,148.60878434525353,24697.023455669612,3.521428317844728,101.20683244832796,Structure-dependent,Protein/Lipid,Protein,77.12294186764468,2.34e+12,Computational prediction,7.0,290.0,Yes,0.001,Liposome,0.9640367733455586,0.8934483700836825,PDB,0.7
PDB-STRUCT-000070,Lipid/Protein Complex,103.22779022546437,0.16396496588702147,-12.46955800600199,73.97380517834348,59.99060515047086,24.159876903618155,172.37427602886834,38193.97183303567,4.688238805911689,33.18632053665165,Structure-dependent,Protein/Lipid,Protein,47.992484120376695,6.05e+12,Computational prediction,7.0,290.0,Yes,0.001,Bilayer,0.5999060515047087,0.5168024619276369,PDB,0.7
PDB-STRUCT-000071,Lipid/Protein Complex,146.59979576067335,0.28146962816002874,2.692267080006914,77.2091522955862,57.71952991741101,41.45583365346045,152.27532366116125,40035.1724917311,1.1450733524032195,16.65639965316131,Structure-dependent,Protein/Lipid,Protein,46.175623933928804,7.16e+12,Computational prediction,7.0,290.0,Yes,0.001,Rod-like,0.57719529917411,0.17088332693079095,PDB,0.7
PDB-STRUCT-000072,Lipid/Protein Complex,121.23629776807093,0.12982138398496493,8.359152366163144,84.69100117438298,51.857716351050584,23.791534339635607,111.74166866584366,41866.025293224695,4.197259048144628,50.780039582420706,Structure-dependent,Protein/Lipid,Protein,41.48617308084047,5.63e+12,Computational prediction,7.0,290.0,Yes,0.001,Bilayer,0.5185771635105059,0.5241693132072879,PDB,0.7
PDB-STRUCT-000073,Lipid/Protein Complex,197.92888679853175,0.1429801769925377,-9.810305972600798,71.30147930871621,85.00829961926652,27.51242561920902,128.92134944267713,22655.611413201037,2.0900282570746196,29.644564046606874,Structure-dependent,Protein/Lipid,Protein,68.00663969541321,1.20e+12,Computational prediction,7.0,290.0,Yes,0.001,Liposome,0.8500829961926653,0.4497514876158196,PDB,0.7
PDB-STRUCT-000074,Lipid/Protein Complex,153.70842389582572,0.16960669920473287,-16.862768740669807,74.75651705371757,71.28566352975133,29.763771424113333,191.86281279235158,31465.613809043338,3.6986740835003467,14.813306963047706,Structure-dependent,Protein/Lipid,Protein,57.02853082380106,8.59e+12,Computational prediction,7.0,290.0,Yes,0.001,Bilayer,0.7128566352975133,0.40472457151773333,PDB,0.7
PDB-STRUCT-000075,Lipid/Protein Complex,177.13066167667344,0.28459072199559554,10.87362955671832,78.54622733774328,90.80651128738673,39.66576131974241,195.3082280860102,33140.56645823188,3.9392542644098825,101.0790814281216,Structure-dependent,Protein/Lipid,Protein,72.64520902990938,7.52e+12,Computational prediction,7.0,290.0,Yes,0.001,Spherical,0.9080651128738673,0.20668477360515178,PDB,0.7
PDB-STRUCT-000076,Lipid/Protein Complex,177.9775251260486,0.18405404849433057,-5.18436642132416,79.58019001580749,68.51094666175938,36.95842901228832,75.82519612456586,36174.92490667471,4.269289998779978,26.99694406838064,Structure-dependent,Protein/Lipid,Protein,54.8087573294075,7.90e+12,Computational prediction,7.0,290.0,Yes,0.001,Liposome,0.6851094666175938,0.26083141975423363,PDB,0.7
PDB-STRUCT-000077,Lipid/Protein Complex,79.12366485747583,0.29717921683207205,-19.107690062376403,65.55997175448046,63.607232088466546,23.160227825903064,96.84756966056449,47513.78186206142,4.671804413340094,37.49421630111581,Structure-dependent,Protein/Lipid,Protein,50.88578567077324,9.64e+12,Computational prediction,7.0,290.0,Yes,0.001,Rod-like,0.6360723208846655,0.5367954434819387,PDB,0.7
PDB-STRUCT-000078,Lipid/Protein Complex,133.38801526594776,0.2130092327292742,13.511751826039735,68.29385225142525,97.78651719562703,29.12779435304253,104.13219478634034,17834.51901648597,3.4905347843441015,76.62098735066347,Structure-dependent,Protein/Lipid,Protein,78.22921375650162,2.82e+12,Computational prediction,7.0,290.0,Yes,0.001,Core-shell,0.9778651719562703,0.4174441129391494,PDB,0.7
PDB-STRUCT-000079,Lipid/Protein Complex,96.44802330589437,0.15526396274239063,7.683305480765924,80.85216831975511,74.12032229585564,43.602285070595435,95.49301954259849,16004.755316842791,4.587176889434767,98.12672915926134,Structure-dependent,Protein/Lipid,Protein,59.29625783668452,8.69e+12,Computational prediction,7.0,290.0,Yes,0.001,Spherical,0.7412032229585565,0.12795429858809132,PDB,0.7
PDB-STRUCT-000080,Lipid/Protein Complex,189.08724941347884,0.118150220561962,-14.001405320169775,56.607516145848614,82.45110118129051,21.522134429886776,137.80576468423675,26440.844441271074,1.7916826627387485,48.09531781646904,Structure-dependent,Protein/Lipid,Protein,65.96088094503241,5.34e+12,Computational prediction,7.0,290.0,Yes,0.001,Icosahedral,0.8245110118129051,0.5695573114022645,PDB,0.7
PDB-STRUCT-000081,Lipid/Protein Complex,152.80971208911836,0.11167676081590193,-6.976540587472488,85.68489240251432,91.70311325814356,11.345887543678474,175.94350082925615,15453.31678155132,2.439752305194806,89.6531802184759,Structure-dependent,Protein/Lipid,Protein,73.36249060651484,7.38e+12,Computational prediction,7.0,290.0,Yes,0.001,Cubic,0.9170311325814355,0.7730822491264305,PDB,0.7
PDB-STRUCT-000082,Lipid/Protein Complex,116.8323527244026,0.15512587353650578,1.3383572228478187,85.42640850153346,79.02828478495812,6.234168620565217,193.7674650306863,26293.34696202341,2.9736793268424537,63.11310405659786,Structure-dependent,Protein/Lipid,Protein,63.22262782796649,8.28e+12,Computational prediction,7.0,290.0,Yes,0.001,Core-shell,0.7902828478495811,0.8753166275886957,PDB,0.7
PDB-STRUCT-000083,Lipid/Protein Complex,102.8855785753712,0.2558337090443368,14.061357083373089,59.508173542664174,81.42658456857279,6.047956113697939,168.3936780789305,35764.37580352779,4.652820731420849,77.9531631308001,Structure-dependent,Protein/Lipid,Protein,65.14126765485824,7.48e+12,Computational prediction,7.0,290.0,Yes,0.001,Icosahedral,0.8142658456857279,0.8790408777260412,PDB,0.7
PDB-STRUCT-000084,Lipid/Protein Complex,170.87073041467102,0.23124943631395622,10.833270979956858,57.82640898560172,77.90324273388636,8.793320405810261,189.58377741978023,20308.33061053596,2.9279624873170293,119.0927269818275,Structure-dependent,Protein/Lipid,Protein,62.32259418710909,9.78e+12,Computational prediction,7.0,290.0,Yes,0.001,Liposome,0.7790324273388636,0.8241335918837948,PDB,0.7
PDB-STRUCT-000085,Lipid/Protein Complex,97.24066473558432,0.23056349931243883,4.0301845439571125,58.62492483585723,76.74619844963648,22.109241984226912,69.46200132289351,22952.78480346599,3.25853581322187,83.96209268832804,Structure-dependent,Protein/Lipid,Protein,61.396958759709186,8.88e+12,Computational prediction,7.0,290.0,Yes,0.001,Liposome,0.7674619844963648,0.5578151603154617,PDB,0.7
PDB-STRUCT-000086,Lipid/Protein Complex,52.05616966191007,0.15616827183544574,-2.6034555318762145,59.91636600164021,59.19748068382387,24.859515032993123,99.69912230138554,45168.88563583421,1.385131365005328,109.66328183358576,Structure-dependent,Protein/Lipid,Protein,47.35798454705909,4.93e+12,Computational prediction,7.0,290.0,Yes,0.001,Spherical,0.5919748068382387,0.5028096993401375,PDB,0.7
PDB-STRUCT-000087,Lipid/Protein Complex,167.4010309182479,0.23177002718897985,11.619064942191848,64.07025144145315,79.20721645590167,20.159680624679417,158.7138865383433,26226.204679260874,1.7761908323841036,102.89939152708737,Structure-dependent,Protein/Lipid,Protein,63.36577316472134,9.26e+12,Computational prediction,7.0,290.0,Yes,0.001,Micelle,0.7920721645590167,0.5968063875064117,PDB,0.7
PDB-STRUCT-000088,Lipid/Protein Complex,53.69247131183168,0.15277392719992824,-11.244780089041889,86.59318233569341,76.10707943686523,7.003579879930238,117.50808362795621,49044.737225141376,2.20601606966284,16.319088549777206,Structure-dependent,Protein/Lipid,Protein,60.885663549492186,9.64e+12,Computational prediction,7.0,290.0,Yes,0.001,Spherical,0.7610707943686523,0.8599284024013952,PDB,0.7
PDB-STRUCT-000089,Lipid/Protein Complex,70.39181009215594,0.18609427307072596,1.6926100927801215,76.41922587384286,91.82193208861074,5.216781989179243,164.29255477010497,30345.084176174707,2.2046270271875965,50.55124150309127,Structure-dependent,Protein/Lipid,Protein,73.45754567088859,9.64e+12,Computational prediction,7.0,290.0,Yes,0.001,Cubic,0.9182193208861074,0.8956643602164152,PDB,0.7
PDB-STRUCT-000090,Lipid/Protein Complex,145.50074470210606,0.20452154585601798,-13.782385640301062,63.51667621466196,52.48540603461396,30.919333269423284,77.82715889104452,17893.58900554153,1.141358960448628,34.61197801163407,Structure-dependent,Protein/Lipid,Protein,41.988324827691166,6.70e+12,Computational prediction,7.0,290.0,Yes,0.001,Rod-like,0.5248540603461396,0.38161333461153435,PDB,0.7
PDB-STRUCT-000091,Lipid/Protein Complex,153.2875322611365,0.2494160265968105,7.718563176607056,71.099254071677,65.00489183066317,15.819169519714066,155.61702732026828,18332.93170769767,2.1016156732570432,67.09948387310584,Structure-dependent,Protein/Lipid,Protein,52.003913464530534,3.77e+12,Computational prediction,7.0,290.0,Yes,0.001,Rod-like,0.6500489183066317,0.6836166096057187,PDB,0.7
PDB-STRUCT-000092,Lipid/Protein Complex,102.14778201876193,0.19162350478615875,-18.72750585716537,76.07971976927466,82.69799553953266,15.550289127992977,108.25196061636126,18533.679998701224,2.4331416217121284,18.739925654952735,Structure-dependent,Protein/Lipid,Protein,66.15839643162613,2.36e+12,Computational prediction,7.0,290.0,Yes,0.001,Cubic,0.8269799553953265,0.6889942174401404,PDB,0.7
PDB-STRUCT-000093,Lipid/Protein Complex,155.679289026959,0.2180700592130564,7.807395779871669,76.99995207735498,59.43871947156714,29.546564489081234,171.01161136977817,18077.31563252264,3.893681495405627,70.05012660460683,Structure-dependent,Protein/Lipid,Protein,47.55097557725371,3.03e+12,Computational prediction,7.0,290.0,Yes,0.001,Rod-like,0.5943871947156714,0.4090687102183753,PDB,0.7
PDB-STRUCT-000094,Lipid/Protein Complex,50.063933309973905,0.12108721379396059,-6.778989536459683,81.80194338762482,78.98013517671933,44.201390087183746,64.62667426233358,34325.24837781644,1.056445596345061,40.16509064889662,Structure-dependent,Protein/Lipid,Protein,63.18410814137546,7.21e+12,Computational prediction,7.0,290.0,Yes,0.001,Micelle,0.7898013517671932,0.11597219825632515,PDB,0.7
PDB-STRUCT-000095,Lipid/Protein Complex,153.73438079339246,0.2086954380668437,-24.707050506693847,79.34383440797838,92.48692614772409,41.485193520002596,205.52790656934002,22625.585868233775,4.845042382577923,36.97584115763918,Structure-dependent,Protein/Lipid,Protein,73.98954091817927,7.32e+12,Computational prediction,7.0,290.0,Yes,0.001,Rod-like,0.9248692614772409,0.1702961295999481,PDB,0.7
PDB-STRUCT-000096,Lipid/Protein Complex,86.94593418859745,0.15022410997380406,12.898605523049234,61.12743853855868,66.63568261497849,7.783554394674624,201.81876666819343,31591.8799878864,3.883161297560779,12.409817556854758,Structure-dependent,Protein/Lipid,Protein,53.3085460919828,2.07e+12,Computational prediction,7.0,290.0,Yes,0.001,Icosahedral,0.666356826149785,0.8443289121065075,PDB,0.7
PDB-STRUCT-000097,Lipid/Protein Complex,184.16930235317088,0.18185519818859594,-23.32933416371621,53.20760809987194,92.6946821060983,35.935970627090896,172.92718714843116,49088.00601955283,4.675371808793928,43.76286082196288,Structure-dependent,Protein/Lipid,Protein,74.15574568487864,7.06e+12,Computational prediction,7.0,290.0,Yes,0.001,Liposome,0.926946821060983,0.28128058745818213,PDB,0.7
PDB-STRUCT-000098,Lipid/Protein Complex,164.68434828833858,0.15600246357892167,-18.46064003980828,59.22106001921977,85.94041968705035,26.52209480556162,176.15859201456416,47023.1579501355,4.004028272528716,107.71178275708262,Structure-dependent,Protein/Lipid,Protein,68.75233574964028,2.30e+12,Computational prediction,7.0,290.0,Yes,0.001,Spherical,0.8594041968705035,0.4695581038887676,PDB,0.7
PDB-STRUCT-000099,Lipid/Protein Complex,111.8156112095578,0.18597101409590294,-10.310105898196653,66.49617747988468,91.24460142401284,31.203568822358097,121.52371179851279,32710.34001782185,3.4420142791185335,19.632739172027822,Structure-dependent,Protein/Lipid,Protein,72.99568113921028,5.40e+12,Computational prediction,7.0,290.0,Yes,0.001,Bilayer,0.9124460142401284,0.37592862355283807,PDB,0.7
PDB-STRUCT-000100,Lipid/Protein Complex,73.7693320065654,0.11840318952106768,-13.57196892613688,89.53700631809842,89.09277176953478,30.617446384063896,128.8019559639298,38024.2453967802,3.656683991506089,111.78174209998842,Structure-dependent,Protein/Lipid,Protein,71.27421741562783,1.63e+12,Computational prediction,7.0,290.0,Yes,0.001,Liposome,0.8909277176953478,0.3876510723187221,PDB,0.7
PDB-STRUCT-000101,Lipid/Protein Complex,86.21147559634721,0.2867408429156961,-1.497263526919113,81.85305169726152,61.10876747288647,12.805913891870407,62.052103591326215,44264.892188408885,1.5150005941739182,99.61945285118921,Structure-dependent,Protein/Lipid,Protein,48.88701397830918,6.90e+12,Computational prediction,7.0,290.0,Yes,0.001,Rod-like,0.6110876747288647,0.7438817221625919,PDB,0.7
PDB-STRUCT-000102,Lipid/Protein Complex,86.46708911367114,0.11391251568838395,-9.872076683951967,83.42906610808527,55.12345924443347,43.17200026771293,180.71542554856077,30604.880703479437,2.425203914698747,25.720282406015485,Structure-dependent,Protein/Lipid,Protein,44.09876739554677,1.64e+12,Computational prediction,7.0,290.0,Yes,0.001,Cubic,0.5512345924443347,0.13655999464574134,PDB,0.7
PDB-STRUCT-000103,Lipid/Protein Complex,71.0191167671876,0.19413783592219802,-6.559964336277325,58.95556289245659,69.1099769123625,25.702783559777494,111.1575617697916,46708.20562187664,3.9618676111899993,36.660416248181164,Structure-dependent,Protein/Lipid,Protein,55.28798152988999,4.29e+12,Computational prediction,7.0,290.0,Yes,0.001,Spherical,0.6910997691236249,0.48594432880445015,PDB,0.7
PDB-STRUCT-000104,Lipid/Protein Complex,165.891024207049,0.2570611068854741,-8.47736445836562,57.62976419312999,76.22221655033061,5.629082554717829,118.62587942643091,29235.69865761945,1.0398095351350851,25.2483019607862,Structure-dependent,Protein/Lipid,Protein,60.97777324026449,6.03e+12,Computational prediction,7.0,290.0,Yes,0.001,Core-shell,0.7622221655033061,0.8874183489056434,PDB,0.7
PDB-STRUCT-000105,Lipid/Protein Complex,109.69797141145494,0.26827310437811025,-4.593976576883744,52.77326454109978,62.46490395521449,29.08447906718167,107.26041931084823,40651.27945041458,1.568474619061592,76.18297775638779,Structure-dependent,Protein/Lipid,Protein,49.97192316417159,2.05e+12,Computational prediction,7.0,290.0,Yes,0.001,Spherical,0.6246490395521449,0.41831041865636653,PDB,0.7
PDB-STRUCT-000106,Lipid/Protein Complex,196.30779711185025,0.14322739632075118,12.1100327318901,62.200878231772286,65.41847850305751,15.102373422289,197.49764827984316,40703.26417234846,2.7797704897213524,58.53813321868434,Structure-dependent,Protein/Lipid,Protein,52.33478280244601,8.94e+12,Computational prediction,7.0,290.0,Yes,0.001,Bilayer,0.6541847850305751,0.69795253155422,PDB,0.7
PDB-STRUCT-000107,Lipid/Protein Complex,181.3330557384198,0.18531337006987897,5.620428287842248,66.47233644975586,53.636495717951085,28.64572401970687,130.65837146153797,47412.70107900773,3.7406598735345775,45.82913308300005,Structure-dependent,Protein/Lipid,Protein,42.90919657436086,2.40e+12,Computational prediction,7.0,290.0,Yes,0.001,Spherical,0.5363649571795108,0.4270855196058626,PDB,0.7
PDB-STRUCT-000108,Lipid/Protein Complex,79.70956718493349,0.1275504113548177,14.039107204936101,81.42021522323438,81.85482522683571,11.722114280467371,191.7457851594712,41462.10561717617,4.383829693173995,40.39266072102266,Structure-dependent,Protein/Lipid,Protein,65.48386018146857,8.87e+12,Computational prediction,7.0,290.0,Yes,0.001,Bilayer,0.8185482522683571,0.7655577143906526,PDB,0.7
PDB-STRUCT-000109,Lipid/Protein Complex,87.18322777112435,0.11782269127701782,-14.642953317941188,76.12246030026765,52.73690358122198,28.95692856357902,105.10109146642863,27611.66086305136,1.5797559240779813,90.67488267791532,Structure-dependent,Protein/Lipid,Protein,42.18952286497759,9.37e+12,Computational prediction,7.0,290.0,Yes,0.001,Icosahedral,0.5273690358122198,0.4208614287284196,PDB,0.7
PDB-STRUCT-000110,Lipid/Protein Complex,138.8020936523835,0.18835714480160867,-21.23715282961684,85.79269056333725,72.69946039888441,12.212625790032405,150.69959720749205,17923.969057695216,1.1572470509599704,105.09942366081758,Structure-dependent,Protein/Lipid,Protein,58.159568319107535,8.82e+12,Computational prediction,7.0,290.0,Yes,0.001,Spherical,0.7269946039888442,0.7557474841993519,PDB,0.7
PDB-STRUCT-000111,Lipid/Protein Complex,133.74370773565988,0.20853088873429415,-4.56515268696792,66.61226242569359,99.84033770034361,43.07979888999059,180.4218093884928,29467.91040980747,2.210841028892481,117.92254991136745,Structure-dependent,Protein/Lipid,Protein,79.8722701602749,3.71e+12,Computational prediction,7.0,290.0,Yes,0.001,Rod-like,0.9984033770034362,0.13840402220018816,PDB,0.7
PDB-STRUCT-000112,Lipid/Protein Complex,144.74169673011218,0.13794760531582517,12.21229630664331,88.77907864501555,52.15370219954691,41.973550714148324,167.885663411706,16123.659660076439,3.2622526927987283,53.315762347543384,Structure-dependent,Protein/Lipid,Protein,41.72296175963753,8.14e+12,Computational prediction,7.0,290.0,Yes,0.001,Cubic,0.5215370219954691,0.16052898571703356,PDB,0.7
PDB-STRUCT-000113,Lipid/Protein Complex,173.65711492976223,0.27309355084042986,9.33767925457964,89.57927787703541,93.69550816575976,8.993639168066931,61.29024351850342,31904.568424798494,1.8742084072205927,86.18748607747516,Structure-dependent,Protein/Lipid,Protein,74.95640653260782,7.60e+12,Computational prediction,7.0,290.0,Yes,0.001,Cubic,0.9369550816575977,0.8201272166386614,PDB,0.7
PDB-STRUCT-000114,Lipid/Protein Complex,85.62828934691345,0.22809228891875075,5.896878599057175,72.3405088515525,77.16566710261066,20.871370421797387,182.2637795992462,23286.746030692462,3.4953180872598404,45.200664398510035,Structure-dependent,Protein/Lipid,Protein,61.73253368208853,7.81e+12,Computational prediction,7.0,290.0,Yes,0.001,Core-shell,0.7716566710261066,0.5825725915640523,PDB,0.7
PDB-STRUCT-000115,Lipid/Protein Complex,192.56801013299756,0.24616777078387567,-4.316816485926683,84.88137319635152,62.003876698392936,32.78354191694188,214.73906666113896,36992.42727694996,3.833374183415759,10.625248123295403,Structure-dependent,Protein/Lipid,Protein,49.60310135871435,4.10e+12,Computational prediction,7.0,290.0,Yes,0.001,Liposome,0.6200387669839293,0.34432916166116245,PDB,0.7
PDB-STRUCT-000116,Lipid/Protein Complex,186.8385072538971,0.2319920548962864,-17.69658537329693,73.61352015144242,63.97647659270005,5.686578137054732,180.76976927630145,21808.26415811129,1.042405518583136,108.00644059523694,Structure-dependent,Protein/Lipid,Protein,51.18118127416004,5.92e+12,Computational prediction,7.0,290.0,Yes,0.001,Cubic,0.6397647659270005,0.8862684372589054,PDB,0.7
PDB-STRUCT-000117,Lipid/Protein Complex,109.20066653231258,0.25886123980673015,-4.301346934435962,54.00560908734122,86.57763953232902,42.3430352548225,144.13464585480503,43725.124391184014,3.953093208453717,18.501854110132925,Structure-dependent,Protein/Lipid,Protein,69.26211162586321,9.08e+12,Computational prediction,7.0,290.0,Yes,0.001,Liposome,0.8657763953232902,0.15313929490354994,PDB,0.7
PDB-STRUCT-000118,Lipid/Protein Complex,53.227532025187166,0.26838907956120794,2.2931871010438662,50.694560200695996,76.52662367265643,41.696218866453904,121.67283898614028,25876.232937438617,4.833559533175382,76.80985045704429,Structure-dependent,Protein/Lipid,Protein,61.22129893812514,4.08e+12,Computational prediction,7.0,290.0,Yes,0.001,Icosahedral,0.7652662367265642,0.16607562267092196,PDB,0.7
PDB-STRUCT-000119,Lipid/Protein Complex,65.69633874349225,0.1978007912347432,-21.498559604282953,50.56024420943349,61.12780641636895,25.873691587026997,180.287639456725,17880.74507014968,3.208177373848058,10.919385297878323,Structure-dependent,Protein/Lipid,Protein,48.90224513309516,6.57e+12,Computational prediction,7.0,290.0,Yes,0.001,Bilayer,0.6112780641636895,0.48252616825946004,PDB,0.7
PDB-STRUCT-000120,Lipid/Protein Complex,68.43201326555082,0.14869189331863455,8.111861724954679,81.22225494835355,53.60745789346706,33.97976450757736,76.4692558227472,38799.404026211916,1.490644127527669,115.86047129461642,Structure-dependent,Protein/Lipid,Protein,42.88596631477365,4.68e+12,Computational prediction,7.0,290.0,Yes,0.001,Rod-like,0.5360745789346706,0.3204047098484528,PDB,0.7
PDB-STRUCT-000121,Lipid/Protein Complex,139.10586554861922,0.24074665632155048,-17.51945042619098,65.83314829370669,83.11863719104315,19.630732472910644,135.4336733799254,44646.229744107535,4.253814648131446,117.04872994816793,Structure-dependent,Protein/Lipid,Protein,66.49490975283453,9.59e+12,Computational prediction,7.0,290.0,Yes,0.001,Rod-like,0.8311863719104315,0.6073853505417871,PDB,0.7
PDB-STRUCT-000122,Lipid/Protein Complex,103.25596819149868,0.16031846138292533,-5.7064905715277625,53.30828915166535,70.04954849997434,31.53518683254235,190.02462517011213,46141.34537730414,4.456012014978027,64.76198496193248,Structure-dependent,Protein/Lipid,Protein,56.03963879997947,5.50e+12,Computational prediction,7.0,290.0,Yes,0.001,Bilayer,0.7004954849997433,0.369296263349153,PDB,0.7
PDB-STRUCT-000123,Lipid/Protein Complex,72.18393529780843,0.2972168021066822,-16.889841024448277,50.07684825354295,73.85298050977984,10.904120332735006,185.58737482895918,45660.206875845026,3.689866953353392,55.29043645915136,Structure-dependent,Protein/Lipid,Protein,59.082384407823874,4.80e+12,Computational prediction,7.0,290.0,Yes,0.001,Spherical,0.7385298050977984,0.7819175933452999,PDB,0.7
PDB-STRUCT-000124,Lipid/Protein Complex,148.493634659812,0.28647343389527946,-4.9770208766169155,66.62000696240317,60.852838323324974,26.452639342632565,188.95326227829634,49117.37204184243,4.092801857532988,87.86523438499542,Structure-dependent,Protein/Lipid,Protein,48.68227065865998,2.08e+12,Computational prediction,7.0,290.0,Yes,0.001,Spherical,0.6085283832332498,0.47094721314734866,PDB,0.7
PDB-STRUCT-000125,Lipid/Protein Complex,169.4448832268445,0.14725005711257055,10.485990640666806,89.34371265019992,70.47576024026154,14.025428105574356,60.75088322342745,16322.954885803249,4.320204699308483,88.25211790286467,Structure-dependent,Protein/Lipid,Protein,56.38060819220924,4.71e+12,Computational prediction,7.0,290.0,Yes,0.001,Core-shell,0.7047576024026154,0.7194914378885129,PDB,0.7
PDB-STRUCT-000126,Lipid/Protein Complex,154.9920872488251,0.25917566676021186,-18.22599367532775,50.25171514676147,94.46964243441174,21.57105539789333,163.75023486153012,49838.19382959051,4.110303568372971,34.21333960173655,Structure-dependent,Protein/Lipid,Protein,75.5757139475294,3.04e+12,Computational prediction,7.0,290.0,Yes,0.001,Cubic,0.9446964243441174,0.5685788920421334,PDB,0.7
PDB-STRUCT-000127,Lipid/Protein Complex,133.6384604951896,0.14671800104679167,-22.772004032665308,79.03373322207094,67.12261665574266,31.38515697801374,214.76582092933035,26821.915190334184,2.696118701288088,31.936153414430592,Structure-dependent,Protein/Lipid,Protein,53.698093324594126,7.85e+12,Computational prediction,7.0,290.0,Yes,0.001,Rod-like,0.6712261665574266,0.3722968604397252,PDB,0.7
PDB-STRUCT-000128,Lipid/Protein Complex,179.94311563654884,0.16372597043127296,11.763020504186457,57.99616862697643,54.97538342992823,18.07986201191382,113.21917646084057,16849.561181491565,2.3173028744573485,113.6031627974503,Structure-dependent,Protein/Lipid,Protein,43.98030674394258,8.92e+12,Computational prediction,7.0,290.0,Yes,0.001,Core-shell,0.5497538342992823,0.6384027597617236,PDB,0.7
PDB-STRUCT-000129,Lipid/Protein Complex,187.96528964116916,0.12350106795231104,-21.54232279557675,71.96608704217302,59.70670690852731,8.863934197066648,69.17919449175753,17874.434242059848,1.0917517129497045,117.96918642314832,Structure-dependent,Protein/Lipid,Protein,47.765365526821846,9.76e+12,Computational prediction,7.0,290.0,Yes,0.001,Icosahedral,0.5970670690852731,0.822721316058667,PDB,0.7
PDB-STRUCT-000130,Lipid/Protein Complex,154.65991808852925,0.1622663571947115,-9.076644628784848,73.71002965627179,53.676823621532876,36.40570066346088,164.68645142188115,46013.79320580978,4.595387648654988,38.83431311838005,Structure-dependent,Protein/Lipid,Protein,42.9414588972263,3.55e+12,Computational prediction,7.0,290.0,Yes,0.001,Core-shell,0.5367682362153288,0.27188598673078246,PDB,0.7
PDB-STRUCT-000131,Lipid/Protein Complex,56.368153596761026,0.13452961216308074,-19.16655823017392,53.933157904832655,85.98814086591165,11.040084947722034,184.08815431497607,37569.51654725792,2.477079146377936,81.53970376499723,Structure-dependent,Protein/Lipid,Protein,68.79051269272932,4.03e+12,Computational prediction,7.0,290.0,Yes,0.001,Liposome,0.8598814086591164,0.7791983010455593,PDB,0.7
PDB-STRUCT-000132,Lipid/Protein Complex,116.75202730029474,0.14096708464882685,-12.529057310268644,56.537431970336606,62.74445645881983,32.82197946334619,202.21502208993806,40137.45271686066,4.740635869254066,10.666566546030161,Structure-dependent,Protein/Lipid,Protein,50.19556516705586,6.69e+12,Computational prediction,7.0,290.0,Yes,0.001,Icosahedral,0.6274445645881983,0.3435604107330762,PDB,0.7
PDB-STRUCT-000133,Lipid/Protein Complex,124.1832474574013,0.1285107573470023,3.62926699778172,72.96241542049579,58.97640178293471,34.27902398655811,163.6321394397578,15703.357752559676,3.890357187033983,58.30340177029202,Structure-dependent,Protein/Lipid,Protein,47.181121426347765,3.76e+12,Computational prediction,7.0,290.0,Yes,0.001,Core-shell,0.5897640178293471,0.3144195202688378,PDB,0.7
PDB-STRUCT-000134,Lipid/Protein Complex,173.38216330128034,0.29963505650311495,0.4871816998318046,72.89572171063935,67.8209060669173,40.80417039748105,176.9370324186243,25202.55714639913,1.808677967225226,58.171827049672736,Structure-dependent,Protein/Lipid,Protein,54.25672485353384,2.66e+12,Computational prediction,7.0,290.0,Yes,0.001,Icosahedral,0.678209060669173,0.1839165920503789,PDB,0.7
PDB-STRUCT-000135,Lipid/Protein Complex,129.42309244155672,0.2000652636921777,-15.025884818181545,63.00056933238305,85.38227305914916,43.608355470097436,92.86551531503196,31123.137752220413,1.1555631367122583,71.98493152508654,Structure-dependent,Protein/Lipid,Protein,68.30581844731933,4.89e+12,Computational prediction,7.0,290.0,Yes,0.001,Rod-like,0.8538227305914916,0.1278328905980513,PDB,0.7
PDB-STRUCT-000136,Lipid/Protein Complex,103.52964292005545,0.20640933624328184,-7.371055091014025,80.91588495409283,81.53043749050552,16.41872084871267,209.72906186945661,26794.054843682236,2.988786461013474,49.39596041486528,Structure-dependent,Protein/Lipid,Protein,65.22434999240443,7.69e+12,Computational prediction,7.0,290.0,Yes,0.001,Cubic,0.8153043749050553,0.6716255830257466,PDB,0.7
PDB-STRUCT-000137,Lipid/Protein Complex,133.48228535878314,0.22627584127669323,-3.9899672571385345,74.50276795516149,94.73871987574428,7.601910274527956,134.7691816783424,30094.87072030158,1.8286294330750112,92.95091165280823,Structure-dependent,Protein/Lipid,Protein,75.79097590059543,8.45e+12,Computational prediction,7.0,290.0,Yes,0.001,Spherical,0.9473871987574428,0.8479617945094409,PDB,0.7
PDB-STRUCT-000138,Lipid/Protein Complex,192.74104336336404,0.16337569912709055,1.332543422585438,53.979549474432275,82.06478643195139,28.443440034831298,168.63571880573687,40223.607353643005,1.2808315128568237,112.2813182470968,Structure-dependent,Protein/Lipid,Protein,65.65182914556111,8.98e+12,Computational prediction,7.0,290.0,Yes,0.001,Core-shell,0.8206478643195139,0.43113119930337407,PDB,0.7
PDB-STRUCT-000139,Lipid/Protein Complex,102.467202665791,0.12130181462728935,12.577555354239394,74.2979666448628,65.26051596133684,29.088396620791197,121.50100983555768,25389.479529779972,2.9166625938632262,68.09695573910741,Structure-dependent,Protein/Lipid,Protein,52.20841276906947,8.98e+12,Computational prediction,7.0,290.0,Yes,0.001,Cubic,0.6526051596133684,0.4182320675841761,PDB,0.7
PDB-STRUCT-000140,Lipid/Protein Complex,129.7249366209884,0.2962629314756966,-14.859227040666315,61.688331441207815,94.2442150583634,38.97126036741347,197.18907427288352,20825.457368054165,2.2055523145895966,119.70087839257133,Structure-dependent,Protein/Lipid,Protein,75.39537204669072,6.01e+12,Computational prediction,7.0,290.0,Yes,0.001,Rod-like,0.942442150583634,0.22057479265173063,PDB,0.7
PDB-STRUCT-000141,Lipid/Protein Complex,164.68795735283462,0.15700119188750708,12.528399922414238,59.80351926636206,99.47889038381152,30.687229546529494,202.64403909664986,43355.07673993718,3.5735614791365755,75.70724107690005,Structure-dependent,Protein/Lipid,Protein,79.58311230704922,3.87e+12,Computational prediction,7.0,290.0,Yes,0.001,Liposome,0.9947889038381152,0.38625540906941014,PDB,0.7
PDB-STRUCT-000142,Lipid/Protein Complex,137.41163710762208,0.29779622310574805,1.5742844071705093,83.87584436655824,73.445286012628,36.554295774296754,109.69957556975247,24544.15871295242,2.459735469589668,118.9575855775212,Structure-dependent,Protein/Lipid,Protein,58.75622881010241,4.89e+12,Computational prediction,7.0,290.0,Yes,0.001,Bilayer,0.7344528601262801,0.268914084514065,PDB,0.7
PDB-STRUCT-000143,Lipid/Protein Complex,87.62420412710888,0.20572026039061897,-8.11645043448766,66.23331495552544,57.76975339485484,12.954704036065884,93.14011633564574,49311.57323297129,3.3340906207365073,91.93007370490965,Structure-dependent,Protein/Lipid,Protein,46.21580271588387,5.35e+12,Computational prediction,7.0,290.0,Yes,0.001,Cubic,0.5776975339485484,0.7409059192786823,PDB,0.7
PDB-STRUCT-000144,Lipid/Protein Complex,140.13076760715563,0.12370912787443654,6.140553915212163,57.2100413607138,57.26271609697555,10.367682349157093,212.32012242492348,41991.386190399295,1.7661350519262649,22.973013196513286,Structure-dependent,Protein/Lipid,Protein,45.81017287758044,1.17e+12,Computational prediction,7.0,290.0,Yes,0.001,Core-shell,0.5726271609697555,0.7926463530168582,PDB,0.7
PDB-STRUCT-000145,Lipid/Protein Complex,83.27492205763144,0.1964491604458648,-20.176112285184185,83.4793722812577,93.24023360207607,10.78899186344177,60.193473123659764,46072.103897594105,4.164521324178079,13.276668862709698,Structure-dependent,Protein/Lipid,Protein,74.59218688166087,2.10e+12,Computational prediction,7.0,290.0,Yes,0.001,Liposome,0.9324023360207607,0.7842201627311646,PDB,0.7
PDB-STRUCT-000146,Lipid/Protein Complex,146.12280227141957,0.1606747506538336,11.80963801581808,77.78867498334755,63.48996009324927,9.999815177131449,90.8025897466466,28415.467287254076,1.1721595520749357,70.54258485258595,Structure-dependent,Protein/Lipid,Protein,50.791968074599424,4.02e+12,Computational prediction,7.0,290.0,Yes,0.001,Micelle,0.6348996009324928,0.800003696457371,PDB,0.7
PDB-STRUCT-000147,Lipid/Protein Complex,86.28471877074325,0.2268363932297552,-17.33477602737205,52.74715178197148,56.47873260918406,8.607326409587712,65.28124222262741,32092.036997583786,4.21574495820545,107.94354182859566,Structure-dependent,Protein/Lipid,Protein,45.182986087347246,8.81e+12,Computational prediction,7.0,290.0,Yes,0.001,Rod-like,0.5647873260918406,0.8278534718082458,PDB,0.7
PDB-STRUCT-000148,Lipid/Protein Complex,177.1341256548742,0.26552941463424207,13.553767715250807,61.89169218070185,52.23016094522919,30.580800156821265,65.6315898381892,29984.882005122665,1.3157969546630457,41.84138541799631,Structure-dependent,Protein/Lipid,Protein,41.78412875618335,1.47e+12,Computational prediction,7.0,290.0,Yes,0.001,Cubic,0.5223016094522919,0.3883839968635747,PDB,0.7
PDB-STRUCT-000149,Lipid/Protein Complex,110.88503964206703,0.25386981071988723,1.1849884948706872,87.29013270888146,97.1423888386212,21.62374806598993,145.33280505424432,40052.21026175516,1.2030787617115815,81.58233619283378,Structure-dependent,Protein/Lipid,Protein,77.71391107089697,1.41e+12,Computational prediction,7.0,290.0,Yes,0.001,Liposome,0.9714238883862121,0.5675250386802014,PDB,0.7
PDB-STRUCT-000150,Lipid/Protein Complex,168.6109296359883,0.13955982893633082,-7.180049365669614,54.40397270546451,78.49862827406614,11.266806440256882,161.76935681592767,40994.56071194184,1.7052233811127913,44.019241952947326,Structure-dependent,Protein/Lipid,Protein,62.7989026192529,3.80e+12,Computational prediction,7.0,290.0,Yes,0.001,Core-shell,0.7849862827406613,0.7746638711948624,PDB,0.7
PDB-STRUCT-000151,Lipid/Protein Complex,144.7624991367985,0.22385935119231276,-12.086112708226864,70.6731132900355,90.29172949800362,36.91439823517844,206.44937472452088,22402.270047070928,3.1304896611875757,41.05010340521196,Structure-dependent,Protein/Lipid,Protein,72.2333835984029,3.83e+12,Computational prediction,7.0,290.0,Yes,0.001,Micelle,0.9029172949800363,0.26171203529643117,PDB,0.7
PDB-STRUCT-000152,Lipid/Protein Complex,99.77552362004059,0.17161630015899226,-8.552778073302918,68.00343201111737,77.36538699350417,5.808054060239481,95.37209879185178,23499.66500375883,1.4001174400390397,31.439864972214767,Structure-dependent,Protein/Lipid,Protein,61.892309594803336,6.66e+12,Computational prediction,7.0,290.0,Yes,0.001,Bilayer,0.7736538699350417,0.8838389187952104,PDB,0.7
PDB-STRUCT-000153,Lipid/Protein Complex,138.44977804412707,0.16449059915402303,-8.201614143470465,84.28099713050254,52.24959754361751,21.690250261698868,206.81079283350863,40419.59892619721,3.6517548475406145,16.770934152922578,Structure-dependent,Protein/Lipid,Protein,41.79967803489401,9.92e+12,Computational prediction,7.0,290.0,Yes,0.001,Micelle,0.5224959754361751,0.5661949947660226,PDB,0.7
PDB-STRUCT-000154,Lipid/Protein Complex,148.85500403500902,0.2974217136964862,-1.6486991881445654,76.8716895799943,70.0597129116126,44.46209623326883,165.69725171279376,36246.97005140689,3.935725061690598,85.7195014788141,Structure-dependent,Protein/Lipid,Protein,56.04777032929008,8.34e+12,Computational prediction,7.0,290.0,Yes,0.001,Liposome,0.700597129116126,0.1107580753346234,PDB,0.7
PDB-STRUCT-000155,Lipid/Protein Complex,180.0549343573388,0.10860175333170526,-20.8695203340702,59.734619846045405,67.31740048587288,6.82351040364984,167.52714901245227,22329.239897517982,4.941112357110844,76.42286924256938,Structure-dependent,Protein/Lipid,Protein,53.853920388698306,9.64e+12,Computational prediction,7.0,290.0,Yes,0.001,Liposome,0.6731740048587288,0.8635297919270032,PDB,0.7
PDB-STRUCT-000156,Lipid/Protein Complex,116.05123021614476,0.11129230591249795,-9.747498830844869,68.08193861020445,74.62458021322378,26.14180477581672,100.67830634108851,18033.220349361443,2.817196960191075,103.59702173363827,Structure-dependent,Protein/Lipid,Protein,59.69966417057903,5.13e+12,Computational prediction,7.0,290.0,Yes,0.001,Liposome,0.7462458021322378,0.47716390448366564,PDB,0.7
PDB-STRUCT-000157,Lipid/Protein Complex,175.0161524973194,0.1835403519832135,-1.6959539687891514,64.86606471340475,51.748125066153875,23.101795213323655,142.85077825858076,21659.298135352165,3.6366821827952704,71.84930501269993,Structure-dependent,Protein/Lipid,Protein,41.3985000529231,3.54e+12,Computational prediction,7.0,290.0,Yes,0.001,Spherical,0.5174812506615387,0.5379640957335269,PDB,0.7
PDB-STRUCT-000158,Lipid/Protein Complex,127.94065362959965,0.1803224635471229,1.5348352635297005,70.056860981436,55.176487208293956,27.697564197304697,148.96244434744,17447.82087070874,2.0465471630034244,29.544422778982746,Structure-dependent,Protein/Lipid,Protein,44.141189766635165,4.02e+12,Computational prediction,7.0,290.0,Yes,0.001,Rod-like,0.5517648720829396,0.44604871605390606,PDB,0.7
PDB-STRUCT-000159,Lipid/Protein Complex,199.69321898078817,0.16396328517371334,1.5696562889689183,60.777881170985474,85.63604862881628,29.76741205525014,195.03075297535776,31122.88876616249,1.8667718266075073,101.2128142059422,Structure-dependent,Protein/Lipid,Protein,68.50883890305303,3.72e+12,Computational prediction,7.0,290.0,Yes,0.001,Cubic,0.8563604862881629,0.40465175889499716,PDB,0.7
PDB-STRUCT-000160,Lipid/Protein Complex,98.31118774499151,0.13550202473218945,-6.33146731382476,57.496158735317636,59.84939138806653,25.033721735790156,98.46432338177638,15319.99629114576,3.1277488673405265,54.02921614387724,Structure-dependent,Protein/Lipid,Protein,47.879513110453225,2.11e+12,Computational prediction,7.0,290.0,Yes,0.001,Micelle,0.5984939138806653,0.4993255652841969,PDB,0.7
PDB-STRUCT-000161,Lipid/Protein Complex,190.01028396147086,0.1569029024429363,2.5816311903647993,68.48318281477495,90.24041725113581,19.319764743534044,151.40599987797344,25234.071358804445,1.084985655614802,84.23328134618002,Structure-dependent,Protein/Lipid,Protein,72.19233380090864,5.15e+12,Computational prediction,7.0,290.0,Yes,0.001,Micelle,0.9024041725113581,0.6136047051293191,PDB,0.7
PDB-STRUCT-000162,Lipid/Protein Complex,76.26738281466177,0.2945695728964325,-5.305932600177314,69.76510078059812,88.32636679104863,38.17917985402802,65.99105535778577,41933.00649715668,4.948749539969622,47.79563099028733,Structure-dependent,Protein/Lipid,Protein,70.6610934328389,7.69e+12,Computational prediction,7.0,290.0,Yes,0.001,Icosahedral,0.8832636679104863,0.2364164029194396,PDB,0.7
PDB-STRUCT-000163,Lipid/Protein Complex,65.15133667284138,0.1108414478122646,6.624300725671791,57.73791183821767,87.33538852629765,13.292337720229884,136.32376406652793,24855.31393683705,4.421512157198627,15.52185611867594,Structure-dependent,Protein/Lipid,Protein,69.86831082103812,4.42e+12,Computational prediction,7.0,290.0,Yes,0.001,Icosahedral,0.8733538852629765,0.7341532455954023,PDB,0.7
PDB-STRUCT-000164,Lipid/Protein Complex,199.0973779761725,0.14758639149688993,-17.880666625059423,63.10009586656835,53.72268509589559,41.898069430901934,180.48876594933176,16140.971033416165,3.6760635275351006,51.46402680979707,Structure-dependent,Protein/Lipid,Protein,42.97814807671648,8.17e+12,Computational prediction,7.0,290.0,Yes,0.001,Core-shell,0.537226850958956,0.16203861138196132,PDB,0.7
PDB-STRUCT-000165,Lipid/Protein Complex,181.21321734376136,0.1825727864565993,2.241635436962163,52.27077750581055,69.59980518337964,20.404739072253697,199.05646400254133,25943.379551317743,2.338957881414618,119.48145815752709,Structure-dependent,Protein/Lipid,Protein,55.679844146703715,8.33e+12,Computational prediction,7.0,290.0,Yes,0.001,Bilayer,0.6959980518337965,0.5919052185549261,PDB,0.7
PDB-STRUCT-000166,Lipid/Protein Complex,164.58872155539933,0.23861601569750937,-23.09439816968551,66.03703808171105,84.85219381765137,5.385412152001356,158.69700955303523,49247.99685230793,1.2655982015608127,50.919783598985155,Structure-dependent,Protein/Lipid,Protein,67.8817550541211,9.47e+12,Computational prediction,7.0,290.0,Yes,0.001,Icosahedral,0.8485219381765137,0.8922917569599729,PDB,0.7
PDB-STRUCT-000167,Lipid/Protein Complex,65.68135318730661,0.29353922151813805,3.1364458711893732,83.39253725178627,55.07789156003774,33.048579527399845,157.40182419561768,29366.99707813986,2.455837552870638,13.697565753094302,Structure-dependent,Protein/Lipid,Protein,44.06231324803019,2.25e+12,Computational prediction,7.0,290.0,Yes,0.001,Spherical,0.5507789156003774,0.3390284094520031,PDB,0.7
PDB-STRUCT-000168,Lipid/Protein Complex,161.61105456498535,0.1948417413924441,8.973932224461826,51.47924037246221,74.35177381428504,38.202099946073865,204.76360252380562,47563.620717552985,1.2277689982706215,87.8702935532433,Structure-dependent,Protein/Lipid,Protein,59.481419051428034,4.81e+12,Computational prediction,7.0,290.0,Yes,0.001,Icosahedral,0.7435177381428504,0.23595800107852272,PDB,0.7
PDB-STRUCT-000169,Lipid/Protein Complex,110.49904849589882,0.12462297235449393,0.3726746547586792,80.50588981197444,85.56650764094832,21.031537912198623,70.40069869170358,26913.793161974463,4.139227987902139,101.99610937136413,Structure-dependent,Protein/Lipid,Protein,68.45320611275865,2.86e+12,Computational prediction,7.0,290.0,Yes,0.001,Icosahedral,0.8556650764094832,0.5793692417560276,PDB,0.7
PDB-STRUCT-000170,Lipid/Protein Complex,152.63070627198744,0.10618669425414369,8.964118560627405,70.37848499942908,92.36969199221369,35.40719065329901,115.04622158631204,25043.948382168368,1.7669941563003233,95.50134857437082,Structure-dependent,Protein/Lipid,Protein,73.89575359377095,2.21e+12,Computational prediction,7.0,290.0,Yes,0.001,Micelle,0.9236969199221369,0.2918561869340197,PDB,0.7
PDB-STRUCT-000171,Lipid/Protein Complex,86.94825717671833,0.2597378502578115,4.790961770722525,79.24869536810994,72.15528331577174,9.045344420246543,184.7554797880028,18083.254384555985,3.747628152177957,72.17804566951193,Structure-dependent,Protein/Lipid,Protein,57.724226652617396,6.28e+12,Computational prediction,7.0,290.0,Yes,0.001,Bilayer,0.7215528331577175,0.8190931115950691,PDB,0.7
PDB-STRUCT-000172,Lipid/Protein Complex,176.73372749509986,0.22796852319744446,-21.699779861354486,53.05645066516409,73.20640407604535,21.989926973754166,153.68999311886478,38090.65746042188,3.7758319729641223,112.89565046372117,Structure-dependent,Protein/Lipid,Protein,58.56512326083628,1.86e+12,Computational prediction,7.0,290.0,Yes,0.001,Bilayer,0.7320640407604535,0.5602014605249167,PDB,0.7
PDB-STRUCT-000173,Lipid/Protein Complex,75.61902068085172,0.1611981799958175,9.476621736867038,62.57622245881436,79.77543520042983,6.447364530901078,218.80740370273315,24629.819882662632,4.6125139107262205,77.41287673133422,Structure-dependent,Protein/Lipid,Protein,63.820348160343855,7.20e+12,Computational prediction,7.0,290.0,Yes,0.001,Micelle,0.7977543520042982,0.8710527093819784,PDB,0.7
PDB-STRUCT-000174,Lipid/Protein Complex,192.61404985235015,0.2475264837858228,13.490499298356525,89.41084412879735,97.03893573086344,23.264224321232813,203.96485696074268,15236.751688744916,1.630632560410528,69.25345962765074,Structure-dependent,Protein/Lipid,Protein,77.63114858469075,5.51e+12,Computational prediction,7.0,290.0,Yes,0.001,Cubic,0.9703893573086344,0.5347155135753437,PDB,0.7
PDB-STRUCT-000175,Lipid/Protein Complex,172.62176994258496,0.14793852022706938,-9.787556824412205,89.18275289248334,93.84121023817129,29.058061250779986,166.93560854793557,48025.060535331126,3.65635764828001,83.14163545078739,Structure-dependent,Protein/Lipid,Protein,75.07296819053704,2.97e+12,Computational prediction,7.0,290.0,Yes,0.001,Spherical,0.9384121023817129,0.41883877498440025,PDB,0.7
PDB-STRUCT-000176,Lipid/Protein Complex,53.91652035072587,0.22425651517432554,2.2823052805898705,54.353594922078976,53.252050439870004,34.046514070974574,97.84467760845533,48419.960590473,3.7868456175411067,32.64153432242064,Structure-dependent,Protein/Lipid,Protein,42.601640351896,3.28e+12,Computational prediction,7.0,290.0,Yes,0.001,Liposome,0.5325205043987,0.31906971858050853,PDB,0.7
PDB-STRUCT-000177,Lipid/Protein Complex,83.68730543167307,0.2922916100298312,-5.416356154286891,83.04289584647236,78.15300724515328,14.666324894472755,146.65644660106454,35151.49173197917,1.7790368395476865,28.03365419682959,Structure-dependent,Protein/Lipid,Protein,62.52240579612263,3.35e+12,Computational prediction,7.0,290.0,Yes,0.001,Liposome,0.7815300724515328,0.7066735021105449,PDB,0.7
PDB-STRUCT-000178,Lipid/Protein Complex,195.75109548288793,0.1764377416047373,10.15527228654961,68.3988104868195,98.8515742065007,12.737370418143273,135.23882458464806,29856.24326328445,3.374748568880357,47.813788194232394,Structure-dependent,Protein/Lipid,Protein,79.08125936520057,8.23e+12,Computational prediction,7.0,290.0,Yes,0.001,Core-shell,0.988515742065007,0.7452525916371345,PDB,0.7
PDB-STRUCT-000179,Lipid/Protein Complex,159.60788372327076,0.23525746240705095,-2.2976313657266303,67.04973706807979,68.57727652799859,26.141894214770677,68.03093929807173,27124.710353457078,1.91613055601466,73.4610629927482,Structure-dependent,Protein/Lipid,Protein,54.86182122239887,1.35e+12,Computational prediction,7.0,290.0,Yes,0.001,Core-shell,0.6857727652799859,0.47716211570458644,PDB,0.7
PDB-STRUCT-000180,Lipid/Protein Complex,63.00192446437549,0.228570475870358,-3.0909735674621643,89.41921863248055,89.80908889257533,20.404564505134864,188.51159968123784,20015.663567124295,1.4541147767289981,58.083553500862685,Structure-dependent,Protein/Lipid,Protein,71.84727111406026,4.20e+12,Computational prediction,7.0,290.0,Yes,0.001,Liposome,0.8980908889257533,0.5919087098973027,PDB,0.7
PDB-STRUCT-000181,Lipid/Protein Complex,101.06797254498848,0.15104822217550623,-8.093548264775613,83.44507537264727,76.20982953783955,44.054978813097776,194.70418877781117,18034.373870521074,4.48029411063089,114.36556542929631,Structure-dependent,Protein/Lipid,Protein,60.967863630271644,8.96e+12,Computational prediction,7.0,290.0,Yes,0.001,Micelle,0.7620982953783956,0.11890042373804449,PDB,0.7
PDB-STRUCT-000182,Lipid/Protein Complex,100.32694377021271,0.2580296695987061,-17.511402540500967,77.04233106454475,76.20275022450151,12.474064225911425,114.00309289758795,39064.08856134997,4.022201539420799,90.48939967608733,Structure-dependent,Protein/Lipid,Protein,60.96220017960121,4.62e+12,Computational prediction,7.0,290.0,Yes,0.001,Core-shell,0.7620275022450151,0.7505187154817715,PDB,0.7
PDB-STRUCT-000183,Lipid/Protein Complex,50.063471789802186,0.17624663489603523,-5.070898940399196,87.08351934431654,94.98117900410602,35.58201134851166,124.07593133631586,29430.907526679148,1.0660226488016553,87.95000770398838,Structure-dependent,Protein/Lipid,Protein,75.98494320328483,1.33e+12,Computational prediction,7.0,290.0,Yes,0.001,Micelle,0.9498117900410603,0.2883597730297669,PDB,0.7
PDB-STRUCT-000184,Lipid/Protein Complex,135.16299951356535,0.2737773158025637,-18.687430613965105,79.20044747608038,64.49568753813625,15.308704569662918,66.54152389111516,32064.241675877034,4.709331324306458,57.44405401370453,Structure-dependent,Protein/Lipid,Protein,51.596550030509,9.31e+12,Computational prediction,7.0,290.0,Yes,0.001,Spherical,0.6449568753813625,0.6938259086067416,PDB,0.7
PDB-STRUCT-000185,Lipid/Protein Complex,79.60752711214165,0.12854035457401755,-5.977017326150296,79.80208033548406,90.93673862708832,27.25441823797891,108.78565007095216,48013.83608992387,1.8270592818373301,89.50032028077905,Structure-dependent,Protein/Lipid,Protein,72.74939090167065,7.83e+12,Computational prediction,7.0,290.0,Yes,0.001,Cubic,0.9093673862708832,0.4549116352404218,PDB,0.7
PDB-STRUCT-000186,Lipid/Protein Complex,102.13135205690685,0.1236404082111805,14.435813682054423,80.61517701650914,73.63516079444629,33.53426788977642,187.59346093108837,33620.212480853545,3.9243592755595715,76.8854730781893,Structure-dependent,Protein/Lipid,Protein,58.908128635557034,1.80e+12,Computational prediction,7.0,290.0,Yes,0.001,Core-shell,0.736351607944463,0.3293146422044715,PDB,0.7
PDB-STRUCT-000187,Lipid/Protein Complex,57.682433000633516,0.25225021735902353,-9.064939431721712,57.85211762380469,88.89145212218703,5.83114242289442,109.26233865995673,35286.30254324551,1.9556989021870583,76.63593027140328,Structure-dependent,Protein/Lipid,Protein,71.11316169774963,3.61e+12,Computational prediction,7.0,290.0,Yes,0.001,Core-shell,0.8889145212218703,0.8833771515421116,PDB,0.7
PDB-STRUCT-000188,Lipid/Protein Complex,173.20708933988044,0.23990242725658711,-17.189721021633375,63.90931330398148,60.06714658618053,22.77004493860283,157.7805249543678,44292.44939914898,4.74616615762765,62.08889755647337,Structure-dependent,Protein/Lipid,Protein,48.053717268944425,6.93e+12,Computational prediction,7.0,290.0,Yes,0.001,Liposome,0.6006714658618053,0.5445991012279434,PDB,0.7
PDB-STRUCT-000189,Lipid/Protein Complex,111.44158839340426,0.21368048731673417,7.897337437290766,86.04652013413113,63.91559472878956,15.987728265920298,119.43786287635673,43733.73428540303,4.0135399715495135,38.46974303030274,Structure-dependent,Protein/Lipid,Protein,51.13247578303165,4.11e+12,Computational prediction,7.0,290.0,Yes,0.001,Spherical,0.6391559472878956,0.680245434681594,PDB,0.7
PDB-STRUCT-000190,Lipid/Protein Complex,182.56473627334057,0.16307249367480753,6.280306168927261,87.81052420486544,82.49453813039896,44.26254770081863,136.3287799448114,44194.1572771206,2.726475539037643,81.37690530222491,Structure-dependent,Protein/Lipid,Protein,65.99563050431917,2.45e+12,Computational prediction,7.0,290.0,Yes,0.001,Liposome,0.8249453813039896,0.11474904598362734,PDB,0.7
PDB-STRUCT-000191,Lipid/Protein Complex,156.77996517509945,0.1934676192672618,-2.457671190075253,70.40185118346378,56.171837880094024,20.11363026476363,210.02396116822123,31563.18257990177,2.3002965967095035,17.278597933491483,Structure-dependent,Protein/Lipid,Protein,44.93747030407522,6.21e+12,Computational prediction,7.0,290.0,Yes,0.001,Liposome,0.5617183788009402,0.5977273947047275,PDB,0.7
PDB-STRUCT-000192,Lipid/Protein Complex,148.54540822499678,0.19748997790733058,-1.7363319455935553,50.862050639584155,53.3547348473511,14.756823747761866,100.02708194459528,35317.311025694915,2.0584679712705976,46.59799416711653,Structure-dependent,Protein/Lipid,Protein,42.683787877880874,9.38e+12,Computational prediction,7.0,290.0,Yes,0.001,Spherical,0.5335473484735109,0.7048635250447627,PDB,0.7
PDB-STRUCT-000193,Lipid/Protein Complex,137.86848071945298,0.16916526078324587,-7.502143472080988,50.51928293602628,50.63354152490217,9.111281458801745,158.590505960646,45081.890705991216,2.785239764487823,60.61578633537175,Structure-dependent,Protein/Lipid,Protein,40.50683321992174,5.58e+12,Computational prediction,7.0,290.0,Yes,0.001,Cubic,0.5063354152490217,0.8177743708239651,PDB,0.7
PDB-STRUCT-000194,Lipid/Protein Complex,51.73198998309335,0.21830011774687752,-8.350457387830016,79.20117809255544,81.6793926983476,12.246252678984964,112.95064744594438,32569.300241214874,1.5800206132175414,53.822484913529856,Structure-dependent,Protein/Lipid,Protein,65.34351415867808,7.52e+12,Computational prediction,7.0,290.0,Yes,0.001,Spherical,0.816793926983476,0.7550749464203007,PDB,0.7
PDB-STRUCT-000195,Lipid/Protein Complex,160.95541612100408,0.2425072875373359,-1.0781969756753256,67.38900224374068,93.23094152249122,21.56273193238136,135.26174752803618,44765.58810583742,3.489793132814319,105.07736038051931,Structure-dependent,Protein/Lipid,Protein,74.58475321799297,5.55e+12,Computational prediction,7.0,290.0,Yes,0.001,Spherical,0.9323094152249122,0.5687453613523727,PDB,0.7
PDB-STRUCT-000196,Lipid/Protein Complex,136.03912013330753,0.1765927446138616,-16.608736695255004,67.56250306099483,64.73150618111924,18.373760687275176,172.41102252569684,40911.70436847802,3.969980602591906,57.80803918538315,Structure-dependent,Protein/Lipid,Protein,51.7852049448954,3.95e+12,Computational prediction,7.0,290.0,Yes,0.001,Icosahedral,0.6473150618111925,0.6325247862544965,PDB,0.7
PDB-STRUCT-000197,Lipid/Protein Complex,160.6467085318438,0.24623074195204844,11.219523714120648,89.02699233261278,59.12857472099732,19.998057112152956,82.04480421533255,40141.61336613953,3.297766248907642,58.75505250962091,Structure-dependent,Protein/Lipid,Protein,47.30285977679785,5.34e+12,Computational prediction,7.0,290.0,Yes,0.001,Core-shell,0.5912857472099732,0.6000388577569409,PDB,0.7
PDB-STRUCT-000198,Lipid/Protein Complex,65.19346097029688,0.16454376447192653,3.834472591052986,75.66139608770115,82.64339975769303,35.79157335296676,137.08974971975988,37148.66149708269,2.6423847734554347,42.67255718214962,Structure-dependent,Protein/Lipid,Protein,66.11471980615443,5.10e+12,Computational prediction,7.0,290.0,Yes,0.001,Cubic,0.8264339975769304,0.2841685329406649,PDB,0.7
PDB-STRUCT-000199,Lipid/Protein Complex,72.00805288807985,0.15363362361179084,-15.003752618355172,70.71075932450049,78.70851225172228,37.901717943711006,62.494978069951145,21457.672747950484,4.980018917056764,22.77857517754179,Structure-dependent,Protein/Lipid,Protein,62.96680980137783,6.33e+12,Computational prediction,7.0,290.0,Yes,0.001,Bilayer,0.7870851225172228,0.24196564112577992,PDB,0.7
PDB-STRUCT-000200,Lipid/Protein Complex,178.83441953413623,0.23940825521707745,11.24488790118452,53.674207516340964,68.39239908663251,10.852367375659494,205.5960304912698,22464.811167480082,4.2452896519934225,22.07534582018537,Structure-dependent,Protein/Lipid,Protein,54.713919269306004,9.95e+12,Computational prediction,7.0,290.0,Yes,0.001,Rod-like,0.683923990866325,0.7829526524868101,PDB,0.7
